username,file_path,folder,file_name,transcript,kind,label,label_text,label_source,updated_at,binary_label,absolute_path,y_true,y_pred,y_prob,error_type,error_margin
user3,50015420251104085547_006_5c861497-7a51-4d4c-ae7f-b5d9a0f75ed7/clone3.wav,50015420251104085547_006_5c861497-7a51-4d4c-ae7f-b5d9a0f75ed7,clone3.wav,con nào thảm mài phủ gầm,work,2,unusable,user3,2026-05-25T07:25:38.741275+00:00,0,/kaggle/working/asr_quality_classifier/data/audio/data2/50015420251104085547_006_5c861497-7a51-4d4c-ae7f-b5d9a0f75ed7/clone3.wav,0,1,0.744642857142857,False Positive,0.744642857142857
user3,50015420251108110443_002_c98ea02b-4bb1-4779-b785-4412a42b75e5/clone6.wav,50015420251108110443_002_c98ea02b-4bb1-4779-b785-4412a42b75e5,clone6.wav,ừ anh đang muốn đặt lịch sửa xe ấy,work,2,unusable,user3,2026-05-25T07:20:22.609987+00:00,0,/kaggle/working/asr_quality_classifier/data/audio/data2/50015420251108110443_002_c98ea02b-4bb1-4779-b785-4412a42b75e5/clone6.wav,0,1,0.744642857142857,False Positive,0.744642857142857
user6,50008420251114110604_006_200e828a-8c00-476f-b440-2ce06d1b8ce4/clone8.wav,50008420251114110604_006_200e828a-8c00-476f-b440-2ce06d1b8ce4,clone8.wav,thái bình ở đra-gân ô-tô thái bình ở chỗ trần thái tông thái bình à anh? ừ đúng rồi nó ở trần thái tông đấy vâng số điện thoại là chín trăm sáu mươi mốt,work,2,unusable,user6,2026-05-25T07:52:19.472273+00:00,0,/kaggle/working/asr_quality_classifier/data/audio/data2/50008420251114110604_006_200e828a-8c00-476f-b440-2ce06d1b8ce4/clone8.wav,0,1,0.744642857142857,False Positive,0.744642857142857
user3,50008620251111175651_004_42b120c4-ed9a-466e-95c9-61cb0e46e584/clone3.wav,50008620251111175651_004_42b120c4-ed9a-466e-95c9-61cb0e46e584,clone3.wav,dạ vâng xô-rum của nó là một trăm tám mươi hai quốc lộ mười ba phường bình thạnh thành phố hồ chí minh dạ,work,2,unusable,user3,2026-05-25T08:06:44.001501+00:00,0,/kaggle/working/asr_quality_classifier/data/audio/data2/50008620251111175651_004_42b120c4-ed9a-466e-95c9-61cb0e46e584/clone3.wav,0,1,0.744642857142857,False Positive,0.744642857142857
user1,50008620251111175651_004_42b120c4-ed9a-466e-95c9-61cb0e46e584/clone7.wav,50008620251111175651_004_42b120c4-ed9a-466e-95c9-61cb0e46e584,clone7.wav,dạ vâng xô-rum của nó là một trăm tám mươi hai quốc lộ mười ba phường bình thạnh thành phố hồ chí minh dạ,work,2,unusable,user1,2026-05-26T03:59:10.070477+00:00,0,/kaggle/working/asr_quality_classifier/data/audio/data2/50008620251111175651_004_42b120c4-ed9a-466e-95c9-61cb0e46e584/clone7.wav,0,1,0.744642857142857,False Positive,0.744642857142857
user1,50008620251110150620_003_5ba769a7-f8dd-4223-b2fa-999950a0e8b6/clone3.wav,50008620251110150620_003_5ba769a7-f8dd-4223-b2fa-999950a0e8b6,clone3.wav,"anh thấy giùm đó rồi cái anh anh nói anh mới anh có cái là anh gọi cho em vâng vâng anh rồi rồi bây giờ anh gửi luôn hả? khi nào gửi xong, khi nào gửi xong thì em sẽ báo lại cho anh à rồi rồi rồi dạ vâng",work,2,unusable,user1,2026-05-26T01:59:11.194185+00:00,0,/kaggle/working/asr_quality_classifier/data/audio/data2/50008620251110150620_003_5ba769a7-f8dd-4223-b2fa-999950a0e8b6/clone3.wav,0,1,0.744642857142857,False Positive,0.744642857142857
user5,50008620251111163949_000_c47893f3-5df2-4e00-a5bf-a49a6a79378b/clone2.wav,50008620251111163949_000_c47893f3-5df2-4e00-a5bf-a49a6a79378b,clone2.wav,"vâng dạ dạ em chào anh em của vinfast em thấy có gọi nhỡ của anh bên tổng đài, không biết anh cần hỗ trợ gì không ạ?",work,2,unusable,user5,2026-05-26T04:44:28.334194+00:00,0,/kaggle/working/asr_quality_classifier/data/audio/data2/50008620251111163949_000_c47893f3-5df2-4e00-a5bf-a49a6a79378b/clone2.wav,0,1,0.744642857142857,False Positive,0.744642857142857
user4,50008620251108000432_002_23bcdfde-ba36-4cf5-91c3-5777689ac24f/clone3.wav,50008620251108000432_002_23bcdfde-ba36-4cf5-91c3-5777689ac24f,clone3.wav,em tên là vũ thành trung ạ vâng có ảnh hưởng gì thân thể sức khỏe của mình không anh?,work,2,unusable,user4,2026-05-26T03:05:12.879970+00:00,0,/kaggle/working/asr_quality_classifier/data/audio/data2/50008620251108000432_002_23bcdfde-ba36-4cf5-91c3-5777689ac24f/clone3.wav,0,1,0.744642857142857,False Positive,0.744642857142857
user5,50007920251110174150_002_b6fb17f2-7afa-4082-b879-f3c9036c1dbb/clone3.wav,50007920251110174150_002_b6fb17f2-7afa-4082-b879-f3c9036c1dbb,clone3.wav,"nhưng mà anh thấy là cái vấn đề à cung cấp cái linh kiện ấy để cho xưởng người ta sửa hơi à từ vinfast đến xưởng là hơi bị lâu tức là hơi bị thủ tục dạ, hiện tại thì về trường hợp này thì bên em cũng có kiểm tra với bên phía xưởng dịch vụ thì được biết là bên phía xưởng dịch vụ có tiếp nhận xe của anh vào thứ bảy tuy nhiên là về bên phía chủ nhật thì bên phía kho nghỉ nên là bên phía cơ sở lại chưa xử lý được sớm cho mình anh ạ rất mong anh thông cảm giúp em vì à vì anh anh nghĩ là ví dụ xưởng nào cũng có một cái kho ấy kho vật tư ấy và anh hỏi cái đấy cái giá trị của cái vật tư đấy nó không lớn đâu, nó chỉ có hơn hơn hai trăm nghìn đồng nhưng mà hỏi tất cả các xưởng dịch vụ và các xưởng của xưởng dịch vụ ở hải phòng nó rơi tầm khoảng à bốn đến năm xưởng ở bên à của vinfast mình ấy à hiện xưởng bên mình đều không có cái linh kiện đấy tức là bên a các xưởng dịch vụ người ta rất bị động vào cái vấn đề đấy dù linh kiện rất rẻ tiền ví dụ một con linh kiện có thể là năm mươi nghìn đồng, một trăm nghìn đồng nhưng vẫn cứ đợi nhà máy và tại sao mà lại mà cái cái linh kiện đấy nó nó rẻ tiền, nó không đến cái mức độ nó nó quá đầu tư nhiều tiền nhưng mà lại không một xưởng dịch vụ nào lại lại lại",work,2,unusable,user5,2026-05-25T07:16:08.920743+00:00,0,/kaggle/working/asr_quality_classifier/data/audio/data2/50007920251110174150_002_b6fb17f2-7afa-4082-b879-f3c9036c1dbb/clone3.wav,0,1,0.744642857142857,False Positive,0.744642857142857
user6,50008820251106175727_002_a99a49e8-9b8e-45a4-bcbd-d36daaebd9fc/clone7.wav,50008820251106175727_002_a99a49e8-9b8e-45a4-bcbd-d36daaebd9fc,clone7.wav,đặt đặt cọc nhầm con xe vê ép năm thì bây giờ nhờ em chuyển cho anh sang bên hồ sơ sang o i o để các bạn hỗ trợ nhá,work,2,unusable,user6,2026-05-25T08:10:47.920806+00:00,0,/kaggle/working/asr_quality_classifier/data/audio/data2/50008820251106175727_002_a99a49e8-9b8e-45a4-bcbd-d36daaebd9fc/clone7.wav,0,1,0.744642857142857,False Positive,0.744642857142857
user2,50008120251105141615_005_4bccd11e-01fd-4bf5-a5db-e92004177d0b/clone2.wav,50008120251105141615_005_4bccd11e-01fd-4bf5-a5db-e92004177d0b,clone2.wav,"ừm vâng cho cho anh số hót-lain đi vâng, anh ghi lại giúp em với một nghìn tám trăm",work,2,unusable,user2,2026-05-26T01:57:03.137730+00:00,0,/kaggle/working/asr_quality_classifier/data/audio/data2/50008120251105141615_005_4bccd11e-01fd-4bf5-a5db-e92004177d0b/clone2.wav,0,1,0.744642857142857,False Positive,0.744642857142857
user5,50008120251105141615_007_fe41814e-9ec4-4cc0-83aa-e59ee7142ea4/clone3.wav,50008120251105141615_007_fe41814e-9ec4-4cc0-83aa-e59ee7142ea4,clone3.wav,sáu nghìn chín trăm sáu mươi bảy à? đúng rồi ạ,work,2,unusable,user5,2026-05-25T08:41:08.841547+00:00,0,/kaggle/working/asr_quality_classifier/data/audio/data2/50008120251105141615_007_fe41814e-9ec4-4cc0-83aa-e59ee7142ea4/clone3.wav,0,1,0.744642857142857,False Positive,0.744642857142857
user5,50013520251107201300_001_4bbd0e21-75db-4a8e-b811-187e5c9a89e3/clone3.wav,50013520251107201300_001_4bbd0e21-75db-4a8e-b811-187e5c9a89e3,clone3.wav,đã đặt cọc chị mua theo công ty ấy chị là nhân viên mà chị đặt cọc,work,2,unusable,user5,2026-05-26T04:31:07.029419+00:00,0,/kaggle/working/asr_quality_classifier/data/audio/data2/50013520251107201300_001_4bbd0e21-75db-4a8e-b811-187e5c9a89e3/clone3.wav,0,1,0.744642857142857,False Positive,0.744642857142857
user1,50013520251107201300_001_4bbd0e21-75db-4a8e-b811-187e5c9a89e3/clone6.wav,50013520251107201300_001_4bbd0e21-75db-4a8e-b811-187e5c9a89e3,clone6.wav,đã đặt cọc chị mua theo công ty ấy chị là nhân viên mà chị đặt cọc,work,2,unusable,user1,2026-05-25T05:13:16.799653+00:00,0,/kaggle/working/asr_quality_classifier/data/audio/data2/50013520251107201300_001_4bbd0e21-75db-4a8e-b811-187e5c9a89e3/clone6.wav,0,1,0.744642857142857,False Positive,0.744642857142857
user5,50013820251103105028_006_5018cb89-d7b2-4193-946a-23de8407825c/clone8.wav,50013820251103105028_006_5018cb89-d7b2-4193-946a-23de8407825c,clone8.wav,thầy nó mất rồi là mình không có làm gì được mình cứ thao tác hoài thao tác hoài cho đến khi nào được thôi,work,2,unusable,user5,2026-05-25T07:16:25.902535+00:00,0,/kaggle/working/asr_quality_classifier/data/audio/data2/50013820251103105028_006_5018cb89-d7b2-4193-946a-23de8407825c/clone8.wav,0,1,0.744642857142857,False Positive,0.744642857142857
user6,50013820251106191617_006_83d2a4a9-b444-4d43-bdca-a0886860b0e0/clone8.wav,50013820251106191617_006_83d2a4a9-b444-4d43-bdca-a0886860b0e0,clone8.wav,còn còn còn như hiện tại như của mình thì là chắc chắn là giờ có thể sạc tại trạm rồi đúng không? hiện tại thì số điện thoại đã được gắn mà khách hàng mình sẽ sử dụng đăng ký tài khoản và quét mã cu e-rờ tại trạm được rồi ạ ok cảm ơn bạn dạ vâng em chào anh ạ ừ,work,2,unusable,user6,2026-05-25T09:47:53.499802+00:00,0,/kaggle/working/asr_quality_classifier/data/audio/data2/50013820251106191617_006_83d2a4a9-b444-4d43-bdca-a0886860b0e0/clone8.wav,0,1,0.744642857142857,False Positive,0.744642857142857
user1,50000820251101204533_006_2e541da4-716c-4e62-b34a-246d61a6ef6b/clone8.wav,50000820251101204533_006_2e541da4-716c-4e62-b34a-246d61a6ef6b,clone8.wav,"chiều nay đơn hàng của mình đã được chuyển về vinfast đình cường, lê hồng phong ở chỗ bên",work,2,unusable,user1,2026-05-26T03:15:02.202580+00:00,0,/kaggle/working/asr_quality_classifier/data/audio/data2/50000820251101204533_006_2e541da4-716c-4e62-b34a-246d61a6ef6b/clone8.wav,0,1,0.744642857142857,False Positive,0.744642857142857
user7,50013820251114134108_004_253bfec2-71fd-4558-b951-6000c0d52a21/clone5.wav,50013820251114134108_004_253bfec2-71fd-4558-b951-6000c0d52a21,clone5.wav,vâng ừm thông tin thông số xe nó có hết hả anh?,work,2,unusable,user7,2026-05-25T07:11:48.187588+00:00,0,/kaggle/working/asr_quality_classifier/data/audio/data2/50013820251114134108_004_253bfec2-71fd-4558-b951-6000c0d52a21/clone5.wav,0,1,0.744642857142857,False Positive,0.744642857142857
user5,50013820251114134108_006_c1a4ebaf-fe8e-404a-a056-4649baf63c5a/clone2.wav,50013820251114134108_006_c1a4ebaf-fe8e-404a-a056-4649baf63c5a,clone2.wav,em thấy là mình cũng có đăng ký gói cước,work,2,unusable,user5,2026-05-26T04:44:11.409994+00:00,0,/kaggle/working/asr_quality_classifier/data/audio/data2/50013820251114134108_006_c1a4ebaf-fe8e-404a-a056-4649baf63c5a/clone2.wav,0,1,0.744642857142857,False Positive,0.744642857142857
user1,50013820251110101928_002_2b377423-9ab8-4702-a42d-e9bdf771caa3/clone4.wav,50013820251110101928_002_2b377423-9ab8-4702-a42d-e9bdf771caa3,clone4.wav,"mình ở ở đồng nai á, mình ở lon thành đồng nai á dạ à mình từng mua xe máy và mình có liên hệ với lại bên cái xô-rum ngay chỗ vin-com lon thành á và mình gọi lại không được",work,2,unusable,user1,2026-05-25T08:11:15.056206+00:00,0,/kaggle/working/asr_quality_classifier/data/audio/data2/50013820251110101928_002_2b377423-9ab8-4702-a42d-e9bdf771caa3/clone4.wav,0,1,0.744642857142857,False Positive,0.744642857142857
user6,50008820251106175727_002_a99a49e8-9b8e-45a4-bcbd-d36daaebd9fc/clone5.wav,50008820251106175727_002_a99a49e8-9b8e-45a4-bcbd-d36daaebd9fc,clone5.wav,đặt đặt cọc nhầm con xe vê ép năm thì bây giờ nhờ em chuyển cho anh sang bên hồ sơ sang o i o để các bạn hỗ trợ nhá,work,2,unusable,user6,2026-05-25T08:10:47.920652+00:00,0,/kaggle/working/asr_quality_classifier/data/audio/data2/50008820251106175727_002_a99a49e8-9b8e-45a4-bcbd-d36daaebd9fc/clone5.wav,0,1,0.744642857142857,False Positive,0.744642857142857
user2,50007420251113174501_002_d399bbc7-07f2-4ca5-8cd7-74feb558eba0/clone8.wav,50007420251113174501_002_d399bbc7-07f2-4ca5-8cd7-74feb558eba0,clone8.wav,lúc a ba mươi giờ47124 hai mươi tư ạ đang di chuyển thì báo lỗi động cơ à chị? ừ nó đang di chuyển nó báo lỗi động cơ xong nó chạy chậm lại xong bắt đầu là nó chết máy dạ chị đề lên nhưng mà không đề được dạ rồi ạ chị đang nhờ người kiểm tra xe acquy nhưng không biết được không? dạ vâng ạ chị cho em xin cái địa chỉ xe đang dừng đỗ xe đang dừng đỗ là ở,work,2,unusable,user2,2026-05-25T08:52:25.565661+00:00,0,/kaggle/working/asr_quality_classifier/data/audio/data2/50007420251113174501_002_d399bbc7-07f2-4ca5-8cd7-74feb558eba0/clone8.wav,0,1,0.744642857142857,False Positive,0.744642857142857
user1,50007420251114103743_005_ac00a048-92e6-48fd-8059-7310d05def71/clone8.wav,50007420251114103743_005_ac00a048-92e6-48fd-8059-7310d05def71,clone8.wav,ờ hai mươi chín lê trọng tấn dương nội và cả ba mươi tám phùng hưng đúng không ạ? đúng rồi ạ dạ dạ vâng em cảm ơn ạ còn những cái khác là còn những cái cái khác ở trên gu-gồ sẽ là đại lý đúng không ạ? ờ không ý là bây giờ tất cả đều là đại lý hết rồi chị ạ không có cái nào trực tiếp từ phía bên vinfast đâu chị ạ à tức là không có cái nào trực tiếp tất cả đều là đại lý hết đúng không ạ? đúng rồi chị ạ,work,2,unusable,user1,2026-05-26T04:10:27.991392+00:00,0,/kaggle/working/asr_quality_classifier/data/audio/data2/50007420251114103743_005_ac00a048-92e6-48fd-8059-7310d05def71/clone8.wav,0,1,0.744642857142857,False Positive,0.744642857142857
user5,50007420251112155836_005_cb478001-24e1-4662-a77e-255bb5811402/clone8.wav,50007420251112155836_005_cb478001-24e1-4662-a77e-255bb5811402,clone8.wav,cho mêu của vinfast à chị? vâng ạ dạ dạ vâng dạ có gì thì gửi sớm giúp bên em nhá bên em kiểm tra dạ vâng vâng vâng vâng,work,2,unusable,user5,2026-05-26T04:25:16.757825+00:00,0,/kaggle/working/asr_quality_classifier/data/audio/data2/50007420251112155836_005_cb478001-24e1-4662-a77e-255bb5811402/clone8.wav,0,1,0.744642857142857,False Positive,0.744642857142857
user2,50007620251108164448_006_f3109b38-ee82-4316-a342-92c28652f4e3/clone8.wav,50007620251108164448_006_f3109b38-ee82-4316-a342-92c28652f4e3,clone8.wav,em xin phép nghê máy ạ,work,2,unusable,user2,2026-05-26T03:08:40.686648+00:00,0,/kaggle/working/asr_quality_classifier/data/audio/data2/50007620251108164448_006_f3109b38-ee82-4316-a342-92c28652f4e3/clone8.wav,0,1,0.744642857142857,False Positive,0.744642857142857
user1,50007620251101173012_004_8b98ff85-57ab-4653-a685-e1439269eebb/clone2.wav,50007620251101173012_004_8b98ff85-57ab-4653-a685-e1439269eebb,clone2.wav,rồi rồi ok vâng cảm ơn anh nhiều nhá dạ vâng thì cái này để em xin phép làm việc tiếp với bên phía đơn vị vận chuyển để các bạn ấy xuất gấp thì để sẽ giao cho vận chuyển để vận chuyển gấp luôn anh ạ,work,2,unusable,user1,2026-05-25T06:59:43.087833+00:00,0,/kaggle/working/asr_quality_classifier/data/audio/data2/50007620251101173012_004_8b98ff85-57ab-4653-a685-e1439269eebb/clone2.wav,0,1,0.744642857142857,False Positive,0.744642857142857
user3,50007420251113174501_002_d399bbc7-07f2-4ca5-8cd7-74feb558eba0/clone7.wav,50007420251113174501_002_d399bbc7-07f2-4ca5-8cd7-74feb558eba0,clone7.wav,lúc a ba mươi giờ47124 hai mươi tư ạ đang di chuyển thì báo lỗi động cơ à chị? ừ nó đang di chuyển nó báo lỗi động cơ xong nó chạy chậm lại xong bắt đầu là nó chết máy dạ chị đề lên nhưng mà không đề được dạ rồi ạ chị đang nhờ người kiểm tra xe acquy nhưng không biết được không? dạ vâng ạ chị cho em xin cái địa chỉ xe đang dừng đỗ xe đang dừng đỗ là ở,work,2,unusable,user3,2026-05-25T07:44:02.795254+00:00,0,/kaggle/working/asr_quality_classifier/data/audio/data2/50007420251113174501_002_d399bbc7-07f2-4ca5-8cd7-74feb558eba0/clone7.wav,0,1,0.744642857142857,False Positive,0.744642857142857
user3,50009020251103181738_008_ee83636a-4be3-4056-b399-81110d1aa392/clone1.wav,50009020251103181738_008_ee83636a-4be3-4056-b399-81110d1aa392,clone1.wav,à sẽ được kích hoạt và mình có thể kiểm tra được chị ạ,work,2,unusable,user3,2026-05-25T07:50:39.854072+00:00,0,/kaggle/working/asr_quality_classifier/data/audio/data2/50009020251103181738_008_ee83636a-4be3-4056-b399-81110d1aa392/clone1.wav,0,1,0.744642857142857,False Positive,0.744642857142857
user1,50009020251102121144_009_99e32f21-005d-42db-8e14-d2e7f0d077ce/clone6.wav,50009020251102121144_009_99e32f21-005d-42db-8e14-d2e7f0d077ce,clone6.wav,mấy giây xong rồi lại tắt xong lại đỏ,work,2,unusable,user1,2026-05-26T04:22:15.759037+00:00,0,/kaggle/working/asr_quality_classifier/data/audio/data2/50009020251102121144_009_99e32f21-005d-42db-8e14-d2e7f0d077ce/clone6.wav,0,1,0.744642857142857,False Positive,0.744642857142857
user3,50009020251102121144_009_99e32f21-005d-42db-8e14-d2e7f0d077ce/clone7.wav,50009020251102121144_009_99e32f21-005d-42db-8e14-d2e7f0d077ce,clone7.wav,mấy giây xong rồi lại tắt xong lại đỏ,work,2,unusable,user3,2026-05-25T08:23:42.203647+00:00,0,/kaggle/working/asr_quality_classifier/data/audio/data2/50009020251102121144_009_99e32f21-005d-42db-8e14-d2e7f0d077ce/clone7.wav,0,1,0.744642857142857,False Positive,0.744642857142857
user6,50009020251108202434_006_87a03b44-d304-4eeb-bc2f-ee893a326665/clone6.wav,50009020251108202434_006_87a03b44-d304-4eeb-bc2f-ee893a326665,clone6.wav,"cho em xin họ tên đúng không ạ? điện số điện thoại và địa chỉ nhận hóa đơn bán cứng ừm, đúng rồi em nãy chị có ri-plai rồi mà ta bên em không chưa thấy nhận được đâu ạ",work,2,unusable,user6,2026-05-25T07:51:19.109779+00:00,0,/kaggle/working/asr_quality_classifier/data/audio/data2/50009020251108202434_006_87a03b44-d304-4eeb-bc2f-ee893a326665/clone6.wav,0,1,0.744642857142857,False Positive,0.744642857142857
user6,50009020251103180555_003_cb34af78-3cd2-40ae-ad4f-9f507b055448/clone4.wav,50009020251103180555_003_cb34af78-3cd2-40ae-ad4f-9f507b055448,clone4.wav,"rang màu trắng anh trao đổi bên đại lý chưa? tại vì tình trạng xe này thì bên em lại chưa nắm được thông tin rồi phải trao đổi bên đại lý, các bạn ấy kiểm tra với cả nhà máy xem là tình trạng phân bổ xe như nào anh ạ",work,2,unusable,user6,2026-05-25T07:14:42.579937+00:00,0,/kaggle/working/asr_quality_classifier/data/audio/data2/50009020251103180555_003_cb34af78-3cd2-40ae-ad4f-9f507b055448/clone4.wav,0,1,0.744642857142857,False Positive,0.744642857142857
user3,50009020251103181738_003_335166cf-3cc2-41fa-98ee-1c4ddb092740/clone3.wav,50009020251103181738_003_335166cf-3cc2-41fa-98ee-1c4ddb092740,clone3.wav,ê-vô lait hai trăm hai trăm lait,work,2,unusable,user3,2026-05-25T08:02:00.967192+00:00,0,/kaggle/working/asr_quality_classifier/data/audio/data2/50009020251103181738_003_335166cf-3cc2-41fa-98ee-1c4ddb092740/clone3.wav,0,1,0.744642857142857,False Positive,0.744642857142857
user4,50009120251104163511_001_de2f0420-ede5-41a6-bafa-c29efdd809ad/clone3.wav,50009120251104163511_001_de2f0420-ede5-41a6-bafa-c29efdd809ad,clone3.wav,mình hoạt động xe bình thường rồi đúng không anh? vâng,work,2,unusable,user4,2026-05-25T08:28:35.045868+00:00,0,/kaggle/working/asr_quality_classifier/data/audio/data2/50009120251104163511_001_de2f0420-ede5-41a6-bafa-c29efdd809ad/clone3.wav,0,1,0.744642857142857,False Positive,0.744642857142857
user1,50009020251112122258_002_799441f8-b231-4489-845c-aaa9fa56997c/clone4.wav,50009020251112122258_002_799441f8-b231-4489-845c-aaa9fa56997c,clone4.wav,cái kiểu ghim bọc nó nó bị tụt ra ấy bị nó có được bảo hành không anh nhỉ?,work,2,unusable,user1,2026-05-26T03:58:15.417837+00:00,0,/kaggle/working/asr_quality_classifier/data/audio/data2/50009020251112122258_002_799441f8-b231-4489-845c-aaa9fa56997c/clone4.wav,0,1,0.744642857142857,False Positive,0.744642857142857
user4,50009020251108202434_000_b44e787e-78e8-4f49-bba4-776c3339f901/clone6.wav,50009020251108202434_000_b44e787e-78e8-4f49-bba4-776c3339f901,clone6.wav,"vâng, em gọi cho chị em thì mình có cuộc gọi nhá từ bên vinfast không biết là em có thể hỗ trợ gì cho mình được không? ừm, à hồi sáng hồi sáng chị có nhắn hỏi về cái vụ mà hóa đơn bán thì chị thấy bên mình có i-meo rồi chị có ri-plai i-meo cho bên em rồi",work,2,unusable,user4,2026-05-26T02:25:53.442313+00:00,0,/kaggle/working/asr_quality_classifier/data/audio/data2/50009020251108202434_000_b44e787e-78e8-4f49-bba4-776c3339f901/clone6.wav,0,1,0.744642857142857,False Positive,0.744642857142857
user7,50007420251104075822_000_b14720a9-376e-4380-a42e-922a38c3cdff/clone6.wav,50007420251104075822_000_b14720a9-376e-4380-a42e-922a38c3cdff,clone6.wav,"a-lô vâng, anh chào anh gọi bên tổng đài vinfast anh ạ anh đang có cuộc gọi đến vào ngày hôm qua, không biết mình cần hỗ trợ vấn đề gì anh? hôm qua anh hỏi là cái bên cái sạc cái cục sạc cái cây sạc ấy em, nó cứ báo lên cái chữ gì nhỉ giới hạn giờ sạc ấy à thế ạ bên trụ sạc ạ bên trụ sạc đấy của anh cái đấy thì phải gọi bên trạm sạc ạ không biết mình có gọi được bên đấy không? anh hôm qua lúc đó mười hai giờ ba mươi phút một giờ không phút đêm ấy anh sạc một mình anh đi năm trụ năm trụ là mười trụ không có được trụ nào thế anh thế anh hết pin không đi làm được nên anh gọi anh báo vậy vâng ạ dạ thế xác nhận thông tin ạ thế các vấn đề liên quan trụ sạc anh cứ liên hệ trực tiếp với cả trụ sạc giúp em nhá là tổng đài nhưng mà ấn phím năm anh ạ thế còn ở thời điểm hiện tại thì xe của anh mình có cần hỗ trợ cứu hộ hay gì không ạ? bởi vì anh đang bảo là xe hết pin mà tại là anh anh anh không cần cứu hộ mà bây giờ anh chỉ cần giải mã cho anh cái đấy nó sạc nó đọc giới hạn sạc không à à thế thì anh thế thì để em chuyển máy cho anh ấn cho em phím số năm ấy liệu có được không ạ? là là sao? em nói từ từ anh em rõ à dạ vâng anh có nghĩa là cái trường hợp đấy của anh ấy thì sẽ cần phải liên hệ với cả bên bên trạm sạc và bên phím số năm anh ạ thì à để em nếu anh tiện thì để em chuyển máy cho anh ấn cho em phím số năm luôn anh đọc biển số xe của anh cho thì em em em",work,2,unusable,user7,2026-05-25T08:45:15.675551+00:00,0,/kaggle/working/asr_quality_classifier/data/audio/data2/50007420251104075822_000_b14720a9-376e-4380-a42e-922a38c3cdff/clone6.wav,0,1,0.744642857142857,False Positive,0.744642857142857
user2,50007420251104091739_007_108c3ca3-22d4-4ba8-aa4a-9bc6e311e6a0/clone2.wav,50007420251104091739_007_108c3ca3-22d4-4ba8-aa4a-9bc6e311e6a0,clone2.wav,thế à? thế thì thế nhỉ? khó nhỉ? vâng ạ anh được tay được xem ngày đẹp anh nhá anh đặt xe anh nhá thằng anh nhớ anh em đặt xe em là nhầm vâng anh muốn đi đổi sang xe khác nhưng mà muốn lấy xe ngay trong ngày hôm nay thì ngày đẹp nếu như mà anh qua đại lý mà các bạn có sẵn thì vẫn đổi được mà,work,2,unusable,user2,2026-05-26T01:43:17.591910+00:00,0,/kaggle/working/asr_quality_classifier/data/audio/data2/50007420251104091739_007_108c3ca3-22d4-4ba8-aa4a-9bc6e311e6a0/clone2.wav,0,1,0.744642857142857,False Positive,0.744642857142857
user1,50009120251105191813_001_98f0c481-dae8-48ca-bc00-f47881416ef1/clone7.wav,50009120251105191813_001_98f0c481-dae8-48ca-bc00-f47881416ef1,clone7.wav,"thế thì anh anh kéo đi đâu ạ? anh không kéo đâu mà anh các cái anh ở rì đường anh bảo là cho cho anh cái số của kiểu đội quân vá lốp ấy à vâng vâng vâng ừ thế nhưng mà cái lốp đấy ấy rồi, lốp đấy hỏng rồi à sáng ra nó thủng to, thủng to quá thế này phải thay rồi em ạ à phải thay lốp thế là nó gọi thay lốp di động anh",work,2,unusable,user1,2026-05-26T04:37:09.648922+00:00,0,/kaggle/working/asr_quality_classifier/data/audio/data2/50009120251105191813_001_98f0c481-dae8-48ca-bc00-f47881416ef1/clone7.wav,0,1,0.744642857142857,False Positive,0.744642857142857
user4,50009120251110113027_013_8a6015a2-d9f2-49db-913c-46d7e5bcd42a/clone1.wav,50009120251110113027_013_8a6015a2-d9f2-49db-913c-46d7e5bcd42a,clone1.wav,chín trăm năm mươi bảy,work,2,unusable,user4,2026-05-26T02:07:51.777486+00:00,0,/kaggle/working/asr_quality_classifier/data/audio/data2/50009120251110113027_013_8a6015a2-d9f2-49db-913c-46d7e5bcd42a/clone1.wav,0,1,0.744642857142857,False Positive,0.744642857142857
user4,50009120251110113027_013_8a6015a2-d9f2-49db-913c-46d7e5bcd42a/clone4.wav,50009120251110113027_013_8a6015a2-d9f2-49db-913c-46d7e5bcd42a,clone4.wav,chín trăm năm mươi bảy,work,2,unusable,user4,2026-05-26T02:07:51.777623+00:00,0,/kaggle/working/asr_quality_classifier/data/audio/data2/50009120251110113027_013_8a6015a2-d9f2-49db-913c-46d7e5bcd42a/clone4.wav,0,1,0.744642857142857,False Positive,0.744642857142857
user4,50007420251112155836_000_e9c08d22-1e49-4c3a-8ca9-847e7faa32fc/clone1.wav,50007420251112155836_000_e9c08d22-1e49-4c3a-8ca9-847e7faa32fc,clone1.wav,em chào chị em gọi lại bên tổng đài chăm sóc khách hàng vinfast ạ chị dạ vâng dạ vâng chị ơi em bảo chị mua xe ô tô đúng không ạ? vâng đúng rồi chị ơi dạ vâng chị ơi em bảo liên quan trường hợp của chị thì chị xe chị xuất hóa đơn ngày ngày hai mươi sáu tháng năm mà thì trường hợp này chị sẽ không được áp dụng cái phần mà hoàn điểm vinpoint này đâu bởi vì là bởi vì là cái chương trình hoàn điểm vinpoint ấy thì bên em chỉ áp dụng cho khách hàng mua xe từ ngày mùng ngày một tháng một đến ngày ngày hai mươi mốt tháng năm thôi chị ạ xe chị là ngày hai mươi sáu tháng năm ơ sao em thấy cái hóa đơn giá trị gia tăng của em là ngày hai mươi mốt tháng năm đấy chị này,work,2,unusable,user4,2026-05-25T07:04:04.217959+00:00,0,/kaggle/working/asr_quality_classifier/data/audio/data2/50007420251112155836_000_e9c08d22-1e49-4c3a-8ca9-847e7faa32fc/clone1.wav,0,1,0.744642857142857,False Positive,0.744642857142857
user6,50007420251104091739_009_cc6be3c8-0798-4112-aa1d-509351c46f91/clone2.wav,50007420251104091739_009_cc6be3c8-0798-4112-aa1d-509351c46f91,clone2.wav,ừ được rồi ok anh vâng dạ cảm ơn anh cho anh ạ ừ,work,2,unusable,user6,2026-05-25T09:37:51.270785+00:00,0,/kaggle/working/asr_quality_classifier/data/audio/data2/50007420251104091739_009_cc6be3c8-0798-4112-aa1d-509351c46f91/clone2.wav,0,1,0.744642857142857,False Positive,0.744642857142857
user6,50013220251112105955_002_052923c4-f0e5-46ea-8bee-b680a87bcfdb/clone2.wav,50013220251112105955_002_052923c4-f0e5-46ea-8bee-b680a87bcfdb,clone2.wav,"em thấy có cuộc gọi nhớ của anh lên tổng đài em hỗ trợ gì cho anh ạ? à anh ơi, trước em có một cọc cái xe điện em muốn chuyển về đại lý nhà ấy mà chưa chưa thấy bên đại lý báo là chưa chưa chuyển được cái",work,2,unusable,user6,2026-05-26T03:46:34.229949+00:00,0,/kaggle/working/asr_quality_classifier/data/audio/data2/50013220251112105955_002_052923c4-f0e5-46ea-8bee-b680a87bcfdb/clone2.wav,0,1,0.744642857142857,False Positive,0.744642857142857
user6,50013220251112105955_002_052923c4-f0e5-46ea-8bee-b680a87bcfdb/clone7.wav,50013220251112105955_002_052923c4-f0e5-46ea-8bee-b680a87bcfdb,clone7.wav,"em thấy có cuộc gọi nhớ của anh lên tổng đài em hỗ trợ gì cho anh ạ? à anh ơi, trước em có một cọc cái xe điện em muốn chuyển về đại lý nhà ấy mà chưa chưa thấy bên đại lý báo là chưa chưa chuyển được cái",work,2,unusable,user6,2026-05-26T03:46:34.230084+00:00,0,/kaggle/working/asr_quality_classifier/data/audio/data2/50013220251112105955_002_052923c4-f0e5-46ea-8bee-b680a87bcfdb/clone7.wav,0,1,0.744642857142857,False Positive,0.744642857142857
user3,50013220251112105955_012_23f40c87-9fac-42c3-93b7-94a809c73fa3/clone1.wav,50013220251112105955_012_23f40c87-9fac-42c3-93b7-94a809c73fa3,clone1.wav,"em gửi mêu mà chắc là chưa chưa ấy ạ rồi anh chuyển qua giúp em với nhá ở đây là mình muốn chuyển về vinfast phúc khánh hà nội ở hai trăm hai mươi sáu phố sốm, phường phú lãm, hà đông, hà nội này đúng không ạ? đúng đúng rồi anh ạ dạ em nhận thông tin của anh anh nhá để em chuyển lại cho bên phía bộ phận để họ nắm thông tin và chuyển đơn đặt hàng cho mình ạ",work,2,unusable,user3,2026-05-25T07:18:49.031022+00:00,0,/kaggle/working/asr_quality_classifier/data/audio/data2/50013220251112105955_012_23f40c87-9fac-42c3-93b7-94a809c73fa3/clone1.wav,0,1,0.744642857142857,False Positive,0.744642857142857
user1,50013220251111175722_001_dd8b5120-8fc6-4ef5-9095-ed5bbd32423a/clone1.wav,50013220251111175722_001_dd8b5120-8fc6-4ef5-9095-ed5bbd32423a,clone1.wav,"à ngay chỗ vin tân hiệp đúng không? vâng ạ, vâng ạ thì chị trường hợp này mình vui lòng chờ thêm để xe cứu hộ họ di chuyển đến chỗ mình anh nhá vâng ơ nhưng mà cái xe em hỏi cái xe thường nó bị gì mà sao giờ tự nhiên nó điện nó tắt ngóm luôn nó không mở điện lên luôn cả cái này xe không lên nguồn này có thể là do mình ngắt acquy của mình anh ạ bây giờ nó không có điện nó phát ra thì dẫn đến trường hợp là xe không có nguồn để có thể sử dụng không, có nghĩa là hồi nãy á hồi nãy á cái lúc mà mà mà mà mà rửa xe xong á thì trên nó vẫn cảnh báo nhưng mà nó cảnh báo nhiều lắm nó cảnh báo nào là xe acquy rồi xe rồi cửa nè rồi nó cảnh báo đường gì búa xua hết trơn nó cảnh báo nguyên một cái nhảy luôn mà trong đó nó có một cái phần là liên quan tới điện không đủ mười hai v gì đó",work,2,unusable,user1,2026-05-26T03:04:22.439715+00:00,0,/kaggle/working/asr_quality_classifier/data/audio/data2/50013220251111175722_001_dd8b5120-8fc6-4ef5-9095-ed5bbd32423a/clone1.wav,0,1,0.744642857142857,False Positive,0.744642857142857
user3,50013320251103231105_001_dc222ccf-59a3-43dc-92d1-685cf1a9c410/clone3.wav,50013320251103231105_001_dc222ccf-59a3-43dc-92d1-685cf1a9c410,clone3.wav,"không có sửa chữa vâng, nó chỉ là cái xô-rum ô tô bán xe thôi",work,2,unusable,user3,2026-05-26T03:24:16.601222+00:00,0,/kaggle/working/asr_quality_classifier/data/audio/data2/50013320251103231105_001_dc222ccf-59a3-43dc-92d1-685cf1a9c410/clone3.wav,0,1,0.744642857142857,False Positive,0.744642857142857
user3,50013320251103231105_006_28239269-1aa0-4198-9f38-d26a6374a6df/clone2.wav,50013320251103231105_006_28239269-1aa0-4198-9f38-d26a6374a6df,clone2.wav,"à ý là ngày mai liệu ngày mai có xử lý được không ấy chứ còn dạ, trường hợp này thì em không khẳng định đâu tuy nhiên thì bây giờ chắc chắn là mình cứ kéo xe về đã để đảm bảo an toàn đang mưa vâng",work,2,unusable,user3,2026-05-26T03:38:49.646348+00:00,0,/kaggle/working/asr_quality_classifier/data/audio/data2/50013320251103231105_006_28239269-1aa0-4198-9f38-d26a6374a6df/clone2.wav,0,1,0.744642857142857,False Positive,0.744642857142857
user1,50000820251101210210_005_ac60cdb3-c5aa-4a9b-8490-29db56c83459/clone5.wav,50000820251101210210_005_ac60cdb3-c5aa-4a9b-8490-29db56c83459,clone5.wav,"á, anh gọi bên vinvin đó mà",work,2,unusable,user1,2026-05-25T09:12:54.965453+00:00,0,/kaggle/working/asr_quality_classifier/data/audio/data2/50000820251101210210_005_ac60cdb3-c5aa-4a9b-8490-29db56c83459/clone5.wav,0,1,0.744642857142857,False Positive,0.744642857142857
user5,50013320251107092645_002_576c2fc0-e757-4f11-9dbc-29eef788891c/clone7.wav,50013320251107092645_002_576c2fc0-e757-4f11-9dbc-29eef788891c,clone7.wav,quán cà phê hai trăm năm mươi tư thụy khuê chị gửi chìa khóa đó bên em qua là gọi cho chị được không ạ hay là báo báo ra nhận vâng vâng em xin phép là kết thúc cuộc gọi để chuyển thông tin lên xưởng cái ông bên em cảm ơn chị ạ,work,2,unusable,user5,2026-05-26T03:36:12.603348+00:00,0,/kaggle/working/asr_quality_classifier/data/audio/data2/50013320251107092645_002_576c2fc0-e757-4f11-9dbc-29eef788891c/clone7.wav,0,1,0.744642857142857,False Positive,0.744642857142857
user5,50013320251103231105_007_6009d4bd-a117-444a-b83b-f0fd1d82f127/clone3.wav,50013320251103231105_007_6009d4bd-a117-444a-b83b-f0fd1d82f127,clone3.wav,"vì trời đang mưa, trời đang mưa",work,2,unusable,user5,2026-05-25T07:56:06.299160+00:00,0,/kaggle/working/asr_quality_classifier/data/audio/data2/50013320251103231105_007_6009d4bd-a117-444a-b83b-f0fd1d82f127/clone3.wav,0,1,0.744642857142857,False Positive,0.744642857142857
user2,50013320251103231105_001_dc222ccf-59a3-43dc-92d1-685cf1a9c410/clone2.wav,50013320251103231105_001_dc222ccf-59a3-43dc-92d1-685cf1a9c410,clone2.wav,"không có sửa chữa vâng, nó chỉ là cái xô-rum ô tô bán xe thôi",work,2,unusable,user2,2026-05-26T02:51:05.447128+00:00,0,/kaggle/working/asr_quality_classifier/data/audio/data2/50013320251103231105_001_dc222ccf-59a3-43dc-92d1-685cf1a9c410/clone2.wav,0,1,0.744642857142857,False Positive,0.744642857142857
user6,50013320251113201148_000_2d1da3bf-bf9a-479a-8a0e-3dff23a24a64/clone3.wav,50013320251113201148_000_2d1da3bf-bf9a-479a-8a0e-3dff23a24a64,clone3.wav,"a-lô vâng em chào anh ạ em là tân, em gọi từ tổng đài bên vinfast ạ em thấy có cuộc gọi nhỡ của mình không biết là anh cần hỗ trợ nội dung gì vậy anh? ờ anh có con vinfast cla-ra ấy bây giờ là điện thì có nhưng mà không đề được em ạ",work,2,unusable,user6,2026-05-25T09:41:23.703964+00:00,0,/kaggle/working/asr_quality_classifier/data/audio/data2/50013320251113201148_000_2d1da3bf-bf9a-479a-8a0e-3dff23a24a64/clone3.wav,0,1,0.744642857142857,False Positive,0.744642857142857
user7,50000820251108051219_006_85e36ce9-dabc-483d-836c-88b96efa7c81/clone3.wav,50000820251108051219_006_85e36ce9-dabc-483d-836c-88b96efa7c81,clone3.wav,mười bốn nghìn sáu trăm lẻ chín ba mươi sáu giờ,work,2,unusable,user7,2026-05-25T05:18:17.600537+00:00,0,/kaggle/working/asr_quality_classifier/data/audio/data2/50000820251108051219_006_85e36ce9-dabc-483d-836c-88b96efa7c81/clone3.wav,0,1,0.744642857142857,False Positive,0.744642857142857
user2,50000820251108051219_006_85e36ce9-dabc-483d-836c-88b96efa7c81/clone6.wav,50000820251108051219_006_85e36ce9-dabc-483d-836c-88b96efa7c81,clone6.wav,mười bốn nghìn sáu trăm lẻ chín ba mươi sáu giờ,work,2,unusable,user2,2026-05-25T09:03:21.767537+00:00,0,/kaggle/working/asr_quality_classifier/data/audio/data2/50000820251108051219_006_85e36ce9-dabc-483d-836c-88b96efa7c81/clone6.wav,0,1,0.744642857142857,False Positive,0.744642857142857
user3,50007220251109175040_003_d243fa18-6f7f-4060-915e-41e08b9c0dd0/clone7.wav,50007220251109175040_003_d243fa18-6f7f-4060-915e-41e08b9c0dd0,clone7.wav,à nhờ cũng nhờ bữa đó cũng nhờ bên a chăm sóc khách hàng thông báo giùm xưởng để xưởng sắp xếp phục vụng tới nữa đi không có chịu quá đó dạ dạ vâng à hiện tại thì em đã gửi yêu cầu xuống cho bên xưởng rồi nhưng mà chưa nhận được phản hồi thì chắc là sáng sớm mai xưởng nhận được phản hồi thì sẽ gọi lại cho anh anh nhá em đã nói lên những vấn đề của anh và yêu cầu những những cái để làm xử lý triệt để này thì chắc là ngày mai xưởng sẽ nhận được yêu cầu và sẽ gọi lại cho anh anh nhá dạ được dạ dạ vâng nếu anh cần hỗ trợ thêm thông tin nào khác thì anh vui lòng liên hệ lên tổng đài giúp em anh nhá,work,2,unusable,user3,2026-05-25T08:17:26.997113+00:00,0,/kaggle/working/asr_quality_classifier/data/audio/data2/50007220251109175040_003_d243fa18-6f7f-4060-915e-41e08b9c0dd0/clone7.wav,0,1,0.744642857142857,False Positive,0.744642857142857
user4,50007220251107123223_008_f08d13e8-d320-43c3-a3d3-483637b420c0/clone3.wav,50007220251107123223_008_f08d13e8-d320-43c3-a3d3-483637b420c0,clone3.wav,đây có sáng ở trong cái ca-mê-ra hành trình đây,work,2,unusable,user4,2026-05-25T05:03:20.569499+00:00,0,/kaggle/working/asr_quality_classifier/data/audio/data2/50007220251107123223_008_f08d13e8-d320-43c3-a3d3-483637b420c0/clone3.wav,0,1,0.744642857142857,False Positive,0.744642857142857
user6,50007220251107123223_008_f08d13e8-d320-43c3-a3d3-483637b420c0/clone6.wav,50007220251107123223_008_f08d13e8-d320-43c3-a3d3-483637b420c0,clone6.wav,đây có sáng ở trong cái ca-mê-ra hành trình đây,work,2,unusable,user6,2026-05-26T04:13:41.132172+00:00,0,/kaggle/working/asr_quality_classifier/data/audio/data2/50007220251107123223_008_f08d13e8-d320-43c3-a3d3-483637b420c0/clone6.wav,0,1,0.744642857142857,False Positive,0.744642857142857
user4,50007220251109175040_001_3339276b-6fef-4a14-9723-5c1964e45f65/clone1.wav,50007220251109175040_001_3339276b-6fef-4a14-9723-5c1964e45f65,clone1.wav,hôm qua à dạ vâng có hàng hôm qua hôm qua tới kiểm tra mà mà mà mà mà mà quên mất không nhớ cái thằng thằng thằng thằng thằng nó kìa nó quên mất à dạ vâng ạ,work,2,unusable,user4,2026-05-25T08:04:21.048456+00:00,0,/kaggle/working/asr_quality_classifier/data/audio/data2/50007220251109175040_001_3339276b-6fef-4a14-9723-5c1964e45f65/clone1.wav,0,1,0.744642857142857,False Positive,0.744642857142857
user1,50007220251109175040_001_3339276b-6fef-4a14-9723-5c1964e45f65/clone6.wav,50007220251109175040_001_3339276b-6fef-4a14-9723-5c1964e45f65,clone6.wav,hôm qua à dạ vâng có hàng hôm qua hôm qua tới kiểm tra mà mà mà mà mà mà quên mất không nhớ cái thằng thằng thằng thằng thằng nó kìa nó quên mất à dạ vâng ạ,work,2,unusable,user1,2026-05-26T03:06:29.719572+00:00,0,/kaggle/working/asr_quality_classifier/data/audio/data2/50007220251109175040_001_3339276b-6fef-4a14-9723-5c1964e45f65/clone6.wav,0,1,0.744642857142857,False Positive,0.744642857142857
user5,50007320251108214936_010_7ebce66e-f162-42f5-bdba-4946afaa590f/clone8.wav,50007320251108214936_010_7ebce66e-f162-42f5-bdba-4946afaa590f,clone8.wav,ờ là được đúng không? vâng vâng vâng,work,2,unusable,user5,2026-05-25T05:28:44.545589+00:00,0,/kaggle/working/asr_quality_classifier/data/audio/data2/50007320251108214936_010_7ebce66e-f162-42f5-bdba-4946afaa590f/clone8.wav,0,1,0.744642857142857,False Positive,0.744642857142857
user7,50007320251108214936_001_44796075-4ecd-4712-b82d-32d298a0a515/clone1.wav,50007320251108214936_001_44796075-4ecd-4712-b82d-32d298a0a515,clone1.wav,chi trả lãi suất khi mình thực hiện vay mua xe vê ép sáu đấy ạ ờ ờ,work,2,unusable,user7,2026-05-25T05:18:46.817778+00:00,0,/kaggle/working/asr_quality_classifier/data/audio/data2/50007320251108214936_001_44796075-4ecd-4712-b82d-32d298a0a515/clone1.wav,0,1,0.744642857142857,False Positive,0.744642857142857
user3,50007220251109175040_003_d243fa18-6f7f-4060-915e-41e08b9c0dd0/clone3.wav,50007220251109175040_003_d243fa18-6f7f-4060-915e-41e08b9c0dd0,clone3.wav,à nhờ cũng nhờ bữa đó cũng nhờ bên a chăm sóc khách hàng thông báo giùm xưởng để xưởng sắp xếp phục vụng tới nữa đi không có chịu quá đó dạ dạ vâng à hiện tại thì em đã gửi yêu cầu xuống cho bên xưởng rồi nhưng mà chưa nhận được phản hồi thì chắc là sáng sớm mai xưởng nhận được phản hồi thì sẽ gọi lại cho anh anh nhá em đã nói lên những vấn đề của anh và yêu cầu những những cái để làm xử lý triệt để này thì chắc là ngày mai xưởng sẽ nhận được yêu cầu và sẽ gọi lại cho anh anh nhá dạ được dạ dạ vâng nếu anh cần hỗ trợ thêm thông tin nào khác thì anh vui lòng liên hệ lên tổng đài giúp em anh nhá,work,2,unusable,user3,2026-05-26T04:46:02.898569+00:00,0,/kaggle/working/asr_quality_classifier/data/audio/data2/50007220251109175040_003_d243fa18-6f7f-4060-915e-41e08b9c0dd0/clone3.wav,0,1,0.744642857142857,False Positive,0.744642857142857
user7,50009320251113185124_000_3dc01732-2257-44fd-a8d8-c740675c3717/clone8.wav,50009320251113185124_000_3dc01732-2257-44fd-a8d8-c740675c3717,clone8.wav,"a-lô, ạ? vâng, em chào chị em ở bên chăm sóc khách hàng vinfast em thấy mình có cuộc gọi nhỡ lên tổng đài, không biết là chị đang cần hỗ trợ vấn đề gì, ạ? à, vâng em muốn hỏi là hôm trước em được cái vau-chờ mua xe máy điện ấy, thì em đang hỏi là cái xe cla-ra s ấy, mấy con vento s ấy, thì em có được cái vau-chờ giảm gì không? tại vì em ờ lấy bên cửa hàng thì cái mẫu xe vento lại không còn còn mỗi vento s sao lại chị nhận vau-chờ là chị nhận từ đâu hả, chị?",work,2,unusable,user7,2026-05-25T07:08:03.187650+00:00,0,/kaggle/working/asr_quality_classifier/data/audio/data2/50009320251113185124_000_3dc01732-2257-44fd-a8d8-c740675c3717/clone8.wav,0,1,0.744642857142857,False Positive,0.744642857142857
user7,50009320251108135002_010_8974649f-ee9c-4a4f-928a-d7a8a86b5830/clone4.wav,50009320251108135002_010_8974649f-ee9c-4a4f-928a-d7a8a86b5830,clone4.wav,"ủa, sao anh thấy là 180b thuận an 180b quốc lộ mười ba là sao không phải à? quốc lộ mười ba có anh ạ, có một cái đó là đại lý vinfast hòa bình thuận an ở quốc lộ mười ba, xã bình hòa, thành phố thuận an",work,2,unusable,user7,2026-05-25T07:20:48.745292+00:00,0,/kaggle/working/asr_quality_classifier/data/audio/data2/50009320251108135002_010_8974649f-ee9c-4a4f-928a-d7a8a86b5830/clone4.wav,0,1,0.744642857142857,False Positive,0.744642857142857
user6,50009420251103170343_012_7b24a9f2-3671-42e6-9683-2951c5bb5c72/clone3.wav,50009420251103170343_012_7b24a9f2-3671-42e6-9683-2951c5bb5c72,clone3.wav,đọc anh số điện thoại được không anh vin grin một nghìn chín trăm hai trăm ba mươi hai nghìn ba trăm tám mươi chín nhưng bấm số năm đầu tiên anh ạ,work,2,unusable,user6,2026-05-26T03:19:49.821857+00:00,0,/kaggle/working/asr_quality_classifier/data/audio/data2/50009420251103170343_012_7b24a9f2-3671-42e6-9683-2951c5bb5c72/clone3.wav,0,1,0.744642857142857,False Positive,0.744642857142857
user7,50009420251103170343_013_336c73d3-ba74-457e-a466-4b5edf9916ce/clone3.wav,50009420251103170343_013_336c73d3-ba74-457e-a466-4b5edf9916ce,clone3.wav,ờ một nghìn chín trăm hai trăm ba mươi hai nghìn ba trăm tám mươi chín phải không? số năm đầu tiên anh ạ,work,2,unusable,user7,2026-05-26T03:41:37.914975+00:00,0,/kaggle/working/asr_quality_classifier/data/audio/data2/50009420251103170343_013_336c73d3-ba74-457e-a466-4b5edf9916ce/clone3.wav,0,1,0.744642857142857,False Positive,0.744642857142857
user2,50009420251103170343_014_135f3018-350b-4ead-9480-3c4de8d58c01/clone8.wav,50009420251103170343_014_135f3018-350b-4ead-9480-3c4de8d58c01,clone8.wav,đọc bấm gì anh? bấm số năm đầu tiên ạ,work,2,unusable,user2,2026-05-25T08:48:47.149855+00:00,0,/kaggle/working/asr_quality_classifier/data/audio/data2/50009420251103170343_014_135f3018-350b-4ead-9480-3c4de8d58c01/clone8.wav,0,1,0.744642857142857,False Positive,0.744642857142857
user1,50009420251103170343_015_03857462-a578-4c04-be3c-1663528f4233/clone1.wav,50009420251103170343_015_03857462-a578-4c04-be3c-1663528f4233,clone1.wav,bấm số năm á? vâng được rồi ạ,work,2,unusable,user1,2026-05-26T04:36:18.736012+00:00,0,/kaggle/working/asr_quality_classifier/data/audio/data2/50009420251103170343_015_03857462-a578-4c04-be3c-1663528f4233/clone1.wav,0,1,0.744642857142857,False Positive,0.744642857142857
user3,50009420251112190733_007_a97fc8f8-d452-4eb2-a205-dd4e342c6e2b/clone6.wav,50009420251112190733_007_a97fc8f8-d452-4eb2-a205-dd4e342c6e2b,clone6.wav,dạ vâng vâng dạ vâng ạ rồi em chào chị nhé,work,2,unusable,user3,2026-05-25T08:23:32.779623+00:00,0,/kaggle/working/asr_quality_classifier/data/audio/data2/50009420251112190733_007_a97fc8f8-d452-4eb2-a205-dd4e342c6e2b/clone6.wav,0,1,0.744642857142857,False Positive,0.744642857142857
user6,50009420251109163737_006_68158383-099d-41f4-ad84-35aa791e1628/clone2.wav,50009420251109163737_006_68158383-099d-41f4-ad84-35aa791e1628,clone2.wav,mình có gần đấy không?,work,2,unusable,user6,2026-05-25T08:55:28.995432+00:00,0,/kaggle/working/asr_quality_classifier/data/audio/data2/50009420251109163737_006_68158383-099d-41f4-ad84-35aa791e1628/clone2.wav,0,1,0.744642857142857,False Positive,0.744642857142857
user7,50009420251109170154_001_a0ddea3a-3d6f-417e-b01b-036854e2f4f6/clone2.wav,50009420251109170154_001_a0ddea3a-3d6f-417e-b01b-036854e2f4f6,clone2.wav,"xe chị đậu hôm qua sạc chín mấy phần trăm bữa nay đậu hồi hôm bữa thứ bảy, chủ nhật, bữa nay lên mở xe còn không phần trăm vậy không được",work,2,unusable,user7,2026-05-26T02:55:56.250574+00:00,0,/kaggle/working/asr_quality_classifier/data/audio/data2/50009420251109170154_001_a0ddea3a-3d6f-417e-b01b-036854e2f4f6/clone2.wav,0,1,0.744642857142857,False Positive,0.744642857142857
user6,50009420251109170154_001_a0ddea3a-3d6f-417e-b01b-036854e2f4f6/clone6.wav,50009420251109170154_001_a0ddea3a-3d6f-417e-b01b-036854e2f4f6,clone6.wav,"xe chị đậu hôm qua sạc chín mấy phần trăm bữa nay đậu hồi hôm bữa thứ bảy, chủ nhật, bữa nay lên mở xe còn không phần trăm vậy không được",work,2,unusable,user6,2026-05-25T09:02:06.266750+00:00,0,/kaggle/working/asr_quality_classifier/data/audio/data2/50009420251109170154_001_a0ddea3a-3d6f-417e-b01b-036854e2f4f6/clone6.wav,0,1,0.744642857142857,False Positive,0.744642857142857
user6,50007220251106115127_005_fffc445d-cf91-4156-83e9-6b1291ad9ddd/clone3.wav,50007220251106115127_005_fffc445d-cf91-4156-83e9-6b1291ad9ddd,clone3.wav,mười bảy mười tám phần trăm á là nó còn khoảng sáu mươi bảy mươi cây nữa đó dạ vâng mà em chạy sao mà nó nó tắt luôn nó nổi hình rùa cái tắt luôn à dạ vâng anh đang chạy với vận tốc khoảng bao nhiêu vậy anh nhỉ?,work,2,unusable,user6,2026-05-25T09:02:55.669699+00:00,0,/kaggle/working/asr_quality_classifier/data/audio/data2/50007220251106115127_005_fffc445d-cf91-4156-83e9-6b1291ad9ddd/clone3.wav,0,1,0.744642857142857,False Positive,0.744642857142857
user2,50007220251106115127_005_fffc445d-cf91-4156-83e9-6b1291ad9ddd/clone4.wav,50007220251106115127_005_fffc445d-cf91-4156-83e9-6b1291ad9ddd,clone4.wav,mười bảy mười tám phần trăm á là nó còn khoảng sáu mươi bảy mươi cây nữa đó dạ vâng mà em chạy sao mà nó nó tắt luôn nó nổi hình rùa cái tắt luôn à dạ vâng anh đang chạy với vận tốc khoảng bao nhiêu vậy anh nhỉ?,work,2,unusable,user2,2026-05-25T08:59:32.902324+00:00,0,/kaggle/working/asr_quality_classifier/data/audio/data2/50007220251106115127_005_fffc445d-cf91-4156-83e9-6b1291ad9ddd/clone4.wav,0,1,0.744642857142857,False Positive,0.744642857142857
user1,50013120251106145249_000_be238661-4b40-4f21-824a-000107f9a462/clone3.wav,50013120251106145249_000_be238661-4b40-4f21-824a-000107f9a462,clone3.wav,"vâng vâng, anh cho em hỏi anh là có quan hệ liên hệ với anh từ chăm sóc của vinfast đấy ạ ừ, em vừa bảo cho xưởng dịch vụ rồi ạ anh đợi một chút nhá xưởng sẽ gọi cho mình anh ạ rồi rồi rồi hiện tại về chính sách cứu hộ vinfast đấy ạ, thì vinfast sẽ là hỗ trợ kéo cứu hộ miễn phí một chiều nhá về xưởng dịch vụ gần nhất trong thời hạn xe còn bảo hành ạ tuy nhiên thì vinfast sẽ là không hỗ trợ đối với anh nói chậm chậm anh không nghê gì hết dạ vâng ạ vinfast sẽ là anh nói to lên nhá vâng ạ vinfast sẽ là hỗ trợ kéo cứu hộ miễn phí một chiều ạ về xưởng dịch vụ gần nhất trong thời hạn xe còn bảo hành tuy nhiên sẽ là không hỗ trợ đối với cả một số tình huống loại trừ như sau xe không tuân thủ các khuyến cáo thực hiện triệu hồi của vinfast xe bị thay đổi kết cấu ở ngoài phạm vi cho phép anh nói nhanh quá anh không nghê được chữ nào luôn á anh miền nam hay miền bắc nói chậm chậm lại nói chậm chậm khó nghê quá à dạ vâng ạ vâng, hiện tại về chính sách cứu hộ của vinfast ạ vinfast sẽ là hỗ trợ kéo cứu hộ miễn phí một chiều về xưởng dịch vụ gần nhất trong thời hạn xe còn bảo hành tuy nhiên sẽ không hỗ trợ đối với cả một số tình huống loại trừ như sau xe không tuân thủ các khuyến cáo thực hiện triệu hồi của vinfast xe bị thay đổi kết cấu ở ngoài phạm vi cho phép xe bị lạm dụng hoặc sử dụng sai mục đích hoặc cố ý lái xe ạ trên các địa hình khắc nghiệt ạ",work,2,unusable,user1,2026-05-25T06:59:02.212190+00:00,0,/kaggle/working/asr_quality_classifier/data/audio/data2/50013120251106145249_000_be238661-4b40-4f21-824a-000107f9a462/clone3.wav,0,1,0.744642857142857,False Positive,0.744642857142857
user1,50013120251106145249_000_be238661-4b40-4f21-824a-000107f9a462/clone6.wav,50013120251106145249_000_be238661-4b40-4f21-824a-000107f9a462,clone6.wav,"vâng vâng, anh cho em hỏi anh là có quan hệ liên hệ với anh từ chăm sóc của vinfast đấy ạ ừ, em vừa bảo cho xưởng dịch vụ rồi ạ anh đợi một chút nhá xưởng sẽ gọi cho mình anh ạ rồi rồi rồi hiện tại về chính sách cứu hộ vinfast đấy ạ, thì vinfast sẽ là hỗ trợ kéo cứu hộ miễn phí một chiều nhá về xưởng dịch vụ gần nhất trong thời hạn xe còn bảo hành ạ tuy nhiên thì vinfast sẽ là không hỗ trợ đối với anh nói chậm chậm anh không nghê gì hết dạ vâng ạ vinfast sẽ là anh nói to lên nhá vâng ạ vinfast sẽ là hỗ trợ kéo cứu hộ miễn phí một chiều ạ về xưởng dịch vụ gần nhất trong thời hạn xe còn bảo hành tuy nhiên sẽ là không hỗ trợ đối với cả một số tình huống loại trừ như sau xe không tuân thủ các khuyến cáo thực hiện triệu hồi của vinfast xe bị thay đổi kết cấu ở ngoài phạm vi cho phép anh nói nhanh quá anh không nghê được chữ nào luôn á anh miền nam hay miền bắc nói chậm chậm lại nói chậm chậm khó nghê quá à dạ vâng ạ vâng, hiện tại về chính sách cứu hộ của vinfast ạ vinfast sẽ là hỗ trợ kéo cứu hộ miễn phí một chiều về xưởng dịch vụ gần nhất trong thời hạn xe còn bảo hành tuy nhiên sẽ không hỗ trợ đối với cả một số tình huống loại trừ như sau xe không tuân thủ các khuyến cáo thực hiện triệu hồi của vinfast xe bị thay đổi kết cấu ở ngoài phạm vi cho phép xe bị lạm dụng hoặc sử dụng sai mục đích hoặc cố ý lái xe ạ trên các địa hình khắc nghiệt ạ",work,2,unusable,user1,2026-05-26T02:44:18.524005+00:00,0,/kaggle/working/asr_quality_classifier/data/audio/data2/50013120251106145249_000_be238661-4b40-4f21-824a-000107f9a462/clone6.wav,0,1,0.744642857142857,False Positive,0.744642857142857
user1,50013120251105092121_004_1b5a13e4-116b-4f09-b1ca-588128c6b8eb/clone1.wav,50013120251105092121_004_1b5a13e4-116b-4f09-b1ca-588128c6b8eb,clone1.wav,vâng ạ tức là mình mua lại của công ty đúng không anh? ừ mua thuê mua thì sẽ là đúng tên công ty mà,work,2,unusable,user1,2026-05-26T04:07:26.201779+00:00,0,/kaggle/working/asr_quality_classifier/data/audio/data2/50013120251105092121_004_1b5a13e4-116b-4f09-b1ca-588128c6b8eb/clone1.wav,0,1,0.744642857142857,False Positive,0.744642857142857
user6,50013120251108161233_000_c064c843-355b-4833-8016-e4c4d733f0f8/clone7.wav,50013120251108161233_000_c064c843-355b-4833-8016-e4c4d733f0f8,clone7.wav,"a-lô, ạ quân đang trên đường em là quân ạ liên hệ với anh từ vinfast anh có nhận được cuộc gọi của anh vừa nãy mình lên ấy không biết anh cần hỗ trợ gì không ạ? à vâng, thế này em ở chỗ vinfast tràng an, đống đa ấy thì có một cái sự sự vụ gọi cứu hộ về bên em nhưng mà chưa được đẩy thông tin lên e-rờ ét a thì mong anh đẩy giúp em với để em làm hồ sơ cứu hộ không ạ? à, cho em xin biển số xe với ạ đây, xe nó đang đang cứu hộ về đây là số",work,2,unusable,user6,2026-05-25T09:52:44.835082+00:00,0,/kaggle/working/asr_quality_classifier/data/audio/data2/50013120251108161233_000_c064c843-355b-4833-8016-e4c4d733f0f8/clone7.wav,0,1,0.744642857142857,False Positive,0.744642857142857
user6,50013120251108161233_002_493d0991-4187-45a5-b7f9-fb007a4f5a97/clone3.wav,50013120251108161233_002_493d0991-4187-45a5-b7f9-fb007a4f5a97,clone3.wav,"89a53703 ạ? vâng, để em kiểm tra số điện thoại của khách là không chín một bốn chín bốn ba năm một ba",work,2,unusable,user6,2026-05-25T07:54:31.166318+00:00,0,/kaggle/working/asr_quality_classifier/data/audio/data2/50013120251108161233_002_493d0991-4187-45a5-b7f9-fb007a4f5a97/clone3.wav,0,1,0.744642857142857,False Positive,0.744642857142857
user1,50013120251108094627_004_80dcf2ba-8453-4b4f-a18e-492ed5904a0f/clone7.wav,50013120251108094627_004_80dcf2ba-8453-4b4f-a18e-492ed5904a0f,clone7.wav,"dạ vâng, nếu chị không cần hỗ trợ gì thêm ạ thì em xin phép ạ",work,2,unusable,user1,2026-05-26T02:02:34.612124+00:00,0,/kaggle/working/asr_quality_classifier/data/audio/data2/50013120251108094627_004_80dcf2ba-8453-4b4f-a18e-492ed5904a0f/clone7.wav,0,1,0.744642857142857,False Positive,0.744642857142857
user6,50013220251103170124_001_98b7b0c1-536e-4c24-9ada-6de8eff75791/clone3.wav,50013220251103170124_001_98b7b0c1-536e-4c24-9ada-6de8eff75791,clone3.wav,"một triệu với cả triệu cùng lắm cái tháng nào chị đi nhiều nhất nhất là chỉ một phẩy bảy triệu thôi vâng ba tháng này chị lại tính lên cho chị tận bảy triệu thì chị thấy nó không sợ là mọi người tính số không đúng ấy, số cây ấy dạ, rồi em xin phép ghi lại thông tin ạ, để em chuyển lại cho bên phía bộ phận họ xử lý ạ ừ, em nhá",work,2,unusable,user6,2026-05-25T07:20:01.169916+00:00,0,/kaggle/working/asr_quality_classifier/data/audio/data2/50013220251103170124_001_98b7b0c1-536e-4c24-9ada-6de8eff75791/clone3.wav,0,1,0.744642857142857,False Positive,0.744642857142857
user6,50013220251101024420_001_ac9777cb-2188-4b95-9695-a982de623a3a/clone3.wav,50013220251101024420_001_ac9777cb-2188-4b95-9695-a982de623a3a,clone3.wav,"phú thọ ấy ạ hình như là anh vừa gọi lên rồi đúng không ạ? đúng rồi đúng rồi, mình gọi rồi sao số điện thoại này em không thấy có thông tin sự vụ ở đây nhỉ anh nhỉ? anh cho em hỏi là anh vừa gọi lên bằng số khác đúng không?",work,2,unusable,user6,2026-05-26T02:58:42.347453+00:00,0,/kaggle/working/asr_quality_classifier/data/audio/data2/50013220251101024420_001_ac9777cb-2188-4b95-9695-a982de623a3a/clone3.wav,0,1,0.744642857142857,False Positive,0.744642857142857
user1,50013220251107190353_005_e7d64580-f9bd-41a2-ace8-8277c453b71b/clone6.wav,50013220251107190353_005_e7d64580-f9bd-41a2-ace8-8277c453b71b,clone6.wav,r n n n r n n n cao ấy vâng ạ,work,2,unusable,user1,2026-05-26T04:29:26.656672+00:00,0,/kaggle/working/asr_quality_classifier/data/audio/data2/50013220251107190353_005_e7d64580-f9bd-41a2-ace8-8277c453b71b/clone6.wav,0,1,0.744642857142857,False Positive,0.744642857142857
user7,50005420251111201009_004_473115ba-3afa-4fa8-a237-4ed114af88d3/clone8.wav,50005420251111201009_004_473115ba-3afa-4fa8-a237-4ed114af88d3,clone8.wav,"dạ mình đã hỏi bên hùng sơn chưa ạ? dạ rồi ạ bên đấy bên hùng sơn đã hỗ trợ giao xe cho mình rồi đúng không ạ? dạ mình có phải là cán bộ nhân viên bên em không? dạ, có ạ dạ, vâng",work,2,unusable,user7,2026-05-26T02:55:14.738783+00:00,0,/kaggle/working/asr_quality_classifier/data/audio/data2/50005420251111201009_004_473115ba-3afa-4fa8-a237-4ed114af88d3/clone8.wav,0,1,0.744642857142857,False Positive,0.744642857142857
user6,50005420251108083504_000_bb89bd25-b358-403e-b347-715fe670f5c0/clone8.wav,50005420251108083504_000_bb89bd25-b358-403e-b347-715fe670f5c0,clone8.wav,"dạ, a-lô vâng, anh tên gì buổi sáng à lúc cái đây ba mươi phút mình có ghé tùng bảy vũng tàu không biết có vấn đề gì không?",work,2,unusable,user6,2026-05-26T03:04:03.494253+00:00,0,/kaggle/working/asr_quality_classifier/data/audio/data2/50005420251108083504_000_bb89bd25-b358-403e-b347-715fe670f5c0/clone8.wav,0,1,0.744642857142857,False Positive,0.744642857142857
user7,50010320251101082022_011_c5ef34a3-5b48-4325-8c20-3119d9a21786/clone3.wav,50010320251101082022_011_c5ef34a3-5b48-4325-8c20-3119d9a21786,clone3.wav,"à, dạ rồi rồi rồi thế là mình có thể báo các bạn ấy thao tác được mà",work,2,unusable,user7,2026-05-25T07:59:24.446091+00:00,0,/kaggle/working/asr_quality_classifier/data/audio/data2/50010320251101082022_011_c5ef34a3-5b48-4325-8c20-3119d9a21786/clone3.wav,0,1,0.744642857142857,False Positive,0.744642857142857
user1,50010320251101082022_011_c5ef34a3-5b48-4325-8c20-3119d9a21786/clone4.wav,50010320251101082022_011_c5ef34a3-5b48-4325-8c20-3119d9a21786,clone4.wav,"à, dạ rồi rồi rồi thế là mình có thể báo các bạn ấy thao tác được mà",work,2,unusable,user1,2026-05-26T03:02:10.731157+00:00,0,/kaggle/working/asr_quality_classifier/data/audio/data2/50010320251101082022_011_c5ef34a3-5b48-4325-8c20-3119d9a21786/clone4.wav,0,1,0.744642857142857,False Positive,0.744642857142857
user3,50009620251110185427_010_44bd6eb8-8ebc-4ddf-b13b-08b70645b2ff/clone6.wav,50009620251110185427_010_44bd6eb8-8ebc-4ddf-b13b-08b70645b2ff,clone6.wav,"à, rồi anh giữ máy giúp em chút",work,2,unusable,user3,2026-05-25T07:16:06.367497+00:00,0,/kaggle/working/asr_quality_classifier/data/audio/data2/50009620251110185427_010_44bd6eb8-8ebc-4ddf-b13b-08b70645b2ff/clone6.wav,0,1,0.744642857142857,False Positive,0.744642857142857
user1,50010320251101074229_000_407d3180-4a8a-42f0-bfe1-f91812595456/clone5.wav,50010320251101074229_000_407d3180-4a8a-42f0-bfe1-f91812595456,clone5.wav,"a-lô vâng, em bên tổng đài vinfast, em có thấy mình có gọi nhỡ bên em đấy ạ à ừ anh hỏi anh thắc mắc cái nhưng mà anh thấy có cái thông báo là là anh mua cái xe limo grin biển ba mươi gam bốn mươi nghìn chín trăm mười tám ấy",work,2,unusable,user1,2026-05-25T08:06:26.551495+00:00,0,/kaggle/working/asr_quality_classifier/data/audio/data2/50010320251101074229_000_407d3180-4a8a-42f0-bfe1-f91812595456/clone5.wav,0,1,0.744642857142857,False Positive,0.744642857142857
user1,50010320251110094155_000_b152fb33-b7ac-4e0c-95db-a2885f42b5e9/clone5.wav,50010320251110094155_000_b152fb33-b7ac-4e0c-95db-a2885f42b5e9,clone5.wav,"chào a-lô vâng, em chào anh ạ em bên tổng đài vinfast em có thấy mình có gọi nhỡ bên em ấy ạ",work,2,unusable,user1,2026-05-26T04:39:25.966362+00:00,0,/kaggle/working/asr_quality_classifier/data/audio/data2/50010320251110094155_000_b152fb33-b7ac-4e0c-95db-a2885f42b5e9/clone5.wav,0,1,0.744642857142857,False Positive,0.744642857142857
user6,50010320251103140018_006_59ed9e42-0da0-4f02-a17c-c77f438e2628/clone3.wav,50010320251103140018_006_59ed9e42-0da0-4f02-a17c-c77f438e2628,clone3.wav,chả báo cái gì cả vâng chỉ báo chưa có,work,2,unusable,user6,2026-05-25T10:20:10.265267+00:00,0,/kaggle/working/asr_quality_classifier/data/audio/data2/50010320251103140018_006_59ed9e42-0da0-4f02-a17c-c77f438e2628/clone3.wav,0,1,0.744642857142857,False Positive,0.744642857142857
user7,50006520251108201125_008_53eaa124-057b-4b01-8429-7599b5e92c9c/clone8.wav,50006520251108201125_008_53eaa124-057b-4b01-8429-7599b5e92c9c,clone8.wav,vinfast minh đạo cường à chị? ừ,work,2,unusable,user7,2026-05-26T03:47:42.505620+00:00,0,/kaggle/working/asr_quality_classifier/data/audio/data2/50006520251108201125_008_53eaa124-057b-4b01-8429-7599b5e92c9c/clone8.wav,0,1,0.744642857142857,False Positive,0.744642857142857
user1,50010320251112210757_005_dbe72e41-34cf-4c6e-8764-f91b15370eaa/clone6.wav,50010320251112210757_005_dbe72e41-34cf-4c6e-8764-f91b15370eaa,clone6.wav,tức là mình nhận xe rồi đúng không ạ? nhưng mà có vào cái áp sạc ở phần cu a sạc thì đang báo mình không phải chủ sở hữu hay sao ạ?,work,2,unusable,user1,2026-05-26T03:28:02.279363+00:00,0,/kaggle/working/asr_quality_classifier/data/audio/data2/50010320251112210757_005_dbe72e41-34cf-4c6e-8764-f91b15370eaa/clone6.wav,0,1,0.744642857142857,False Positive,0.744642857142857
user3,50010320251107180418_007_2cbf2801-7ad4-4a9c-8117-cc8c44c3e455/clone8.wav,50010320251107180418_007_2cbf2801-7ad4-4a9c-8117-cc8c44c3e455,clone8.wav,hai trăm bốn mươi ba,work,2,unusable,user3,2026-05-25T05:21:03.346791+00:00,0,/kaggle/working/asr_quality_classifier/data/audio/data2/50010320251107180418_007_2cbf2801-7ad4-4a9c-8117-cc8c44c3e455/clone8.wav,0,1,0.744642857142857,False Positive,0.744642857142857
user5,50010320251109155328_000_446dc699-2fd2-4738-80b9-7f1ffad11b1c/clone1.wav,50010320251109155328_000_446dc699-2fd2-4738-80b9-7f1ffad11b1c,clone1.wav,"vâng vâng, em chào anh em bên tổng đài vinfast anh ạ em muốn hỏi trước là nay các bạn tiến hành đã kéo xe mình về chưa hả anh?",work,2,unusable,user5,2026-05-25T04:45:17.868878+00:00,0,/kaggle/working/asr_quality_classifier/data/audio/data2/50010320251109155328_000_446dc699-2fd2-4738-80b9-7f1ffad11b1c/clone1.wav,0,1,0.744642857142857,False Positive,0.744642857142857
user1,50010720251103123225_009_8e0e21e2-133c-4273-b9c6-ba5b6df7df79/clone2.wav,50010720251103123225_009_8e0e21e2-133c-4273-b9c6-ba5b6df7df79,clone2.wav,"thay rồi mình đã từng thay thế đổi trả pin với vinfast bao giờ chưa? chưa, em chưa thay bao giờ, chưa đổi bao giờ thế thì sẽ dự kiến khoảng năm phẩy bảy trăm bảy mươi mốt triệu đồng",work,2,unusable,user1,2026-05-26T04:09:59.461509+00:00,0,/kaggle/working/asr_quality_classifier/data/audio/data2/50010720251103123225_009_8e0e21e2-133c-4273-b9c6-ba5b6df7df79/clone2.wav,0,1,0.744642857142857,False Positive,0.744642857142857
user6,50007120251102194016_007_ab460adc-7ba8-42cc-8040-328060b47de4/clone6.wav,50007120251102194016_007_ab460adc-7ba8-42cc-8040-328060b47de4,clone6.wav,cái cái này có phải thay hay gì không nhỉ? anh phải kiểm,work,2,unusable,user6,2026-05-25T08:53:52.600431+00:00,0,/kaggle/working/asr_quality_classifier/data/audio/data2/50007120251102194016_007_ab460adc-7ba8-42cc-8040-328060b47de4/clone6.wav,0,1,0.744642857142857,False Positive,0.744642857142857
user1,50012720251111105814_000_f7f1d80c-d9f7-4c7e-aa12-64abe4e7763f/clone6.wav,50012720251111105814_000_f7f1d80c-d9f7-4c7e-aa12-64abe4e7763f,clone6.wav,"a-lô dạ vâng, chào anh em gọi cho anh được tổng đài vinfast không biết là mình có cần hỗ trợ xe nổ lốp nữa không anh?",work,2,unusable,user1,2026-05-26T03:15:16.728249+00:00,0,/kaggle/working/asr_quality_classifier/data/audio/data2/50012720251111105814_000_f7f1d80c-d9f7-4c7e-aa12-64abe4e7763f/clone6.wav,0,1,0.744642857142857,False Positive,0.744642857142857
user6,50012720251107180705_005_592fe58e-0e8d-4713-9346-afa2ae491f23/clone7.wav,50012720251107180705_005_592fe58e-0e8d-4713-9346-afa2ae491f23,clone7.wav,khu dân cư thạnh mỹ lợi thạnh thạnh mỹ lợi thạnh đúng rồi thạnh thạnh thạnh mỹ lợi à phường cát lái,work,2,unusable,user6,2026-05-26T04:12:08.995190+00:00,0,/kaggle/working/asr_quality_classifier/data/audio/data2/50012720251107180705_005_592fe58e-0e8d-4713-9346-afa2ae491f23/clone7.wav,0,1,0.744642857142857,False Positive,0.744642857142857
user4,50012820251112165948_004_9468c5f0-b638-4d27-a8ad-088e46d2d441/clone1.wav,50012820251112165948_004_9468c5f0-b638-4d27-a8ad-088e46d2d441,clone1.wav,không còn vướng mắc gì nữa thì sẽ mời mình qua lấy xe chị nhá thế là mình không phải chờ lâu vâng vâng ạ vâng ạ em xin lỗi các bạn vâng ạ rồi rồi rồi chào em nhá em chào chị chào em,work,2,unusable,user4,2026-05-26T03:11:16.602802+00:00,0,/kaggle/working/asr_quality_classifier/data/audio/data2/50012820251112165948_004_9468c5f0-b638-4d27-a8ad-088e46d2d441/clone1.wav,0,1,0.744642857142857,False Positive,0.744642857142857
user6,50013020251111092652_005_99874d53-002e-4594-803a-a5336c7491f8/clone4.wav,50013020251111092652_005_99874d53-002e-4594-803a-a5336c7491f8,clone4.wav,"ờ, bên đấy đang bảo là sửa như nào? cái tay nắm cửa thì sửa lại thay mới ấy, xong rồi là sơn lại sơn cho mình tay nắm cửa sửa lại và sơn lại cái phần bị xước đấy đúng không anh? đúng rồi à, dạ",work,2,unusable,user6,2026-05-25T08:21:54.301497+00:00,0,/kaggle/working/asr_quality_classifier/data/audio/data2/50013020251111092652_005_99874d53-002e-4594-803a-a5336c7491f8/clone4.wav,0,1,0.744642857142857,False Positive,0.744642857142857
user1,50012820251105173406_001_37a8b4a3-ba7f-40b1-8747-ab1217206e20/clone3.wav,50012820251105173406_001_37a8b4a3-ba7f-40b1-8747-ab1217206e20,clone3.wav,để yêu cầu chuyển xe về vin-com gấp rồi anh nhá mình thông cảm chờ thêm một chút anh ạ bạn ấy bên em sẽ phối hợp cùng với cả bạn ấy để kiểm tra thông tin và phản hồi lại mình trong ngày mai anh nhá vâng ok có gì,work,2,unusable,user1,2026-05-26T04:38:21.654484+00:00,0,/kaggle/working/asr_quality_classifier/data/audio/data2/50012820251105173406_001_37a8b4a3-ba7f-40b1-8747-ab1217206e20/clone3.wav,0,1,0.744642857142857,False Positive,0.744642857142857
user2,50005820251103204557_001_64351b3d-6b0f-45c7-bfa2-2690f645055c/clone7.wav,50005820251103204557_001_64351b3d-6b0f-45c7-bfa2-2690f645055c,clone7.wav,ừ cái xe của anh cái đèn nó không tắt ấy nhưng mà gọi bên em từ ấy là hết xưởng nọ xưởng ki-a toàn không bảo là không ấy được thì gọi tổng đài thì gọi tổng đài đấy bảo gọi xưởng ấy chịu ấy không biết làm thế nào đấy,work,2,unusable,user2,2026-05-25T08:22:02.693917+00:00,0,/kaggle/working/asr_quality_classifier/data/audio/data2/50005820251103204557_001_64351b3d-6b0f-45c7-bfa2-2690f645055c/clone7.wav,0,1,0.744642857142857,False Positive,0.744642857142857
user1,50013120251104165936_006_2bb6865a-2f2a-49de-8576-00ddd52d80b7/clone5.wav,50013120251104165936_006_2bb6865a-2f2a-49de-8576-00ddd52d80b7,clone5.wav,"vâng, có phải là anh cường không ạ? à đúng rồi vâng ạ em vừa nãy anh có gọi đến bằng số khác đấy ạ thì em đã thông báo cho mình là hiện tại thì xe đã kích được điện anh đã kích bình rồi ạ acquy và đã đi được rồi thì mình có thể là ra coi xưởng dịch vụ ở bên đại lý vinh an ấy ở đường bảy mươi hai m phường hào thì tạm để kiểm tra anh ạ anh có thể liên hệ với số hót-lain của xưởng dịch vụ để hỏi xem xưởng làm việc đến mấy giờ nhá và bây giờ có thể mang xe đến không anh ạ",work,2,unusable,user1,2026-05-26T04:03:39.002455+00:00,0,/kaggle/working/asr_quality_classifier/data/audio/data2/50013120251104165936_006_2bb6865a-2f2a-49de-8576-00ddd52d80b7/clone5.wav,0,1,0.744642857142857,False Positive,0.744642857142857
user5,50013120251104165936_006_2bb6865a-2f2a-49de-8576-00ddd52d80b7/clone8.wav,50013120251104165936_006_2bb6865a-2f2a-49de-8576-00ddd52d80b7,clone8.wav,"vâng, có phải là anh cường không ạ? à đúng rồi vâng ạ em vừa nãy anh có gọi đến bằng số khác đấy ạ thì em đã thông báo cho mình là hiện tại thì xe đã kích được điện anh đã kích bình rồi ạ acquy và đã đi được rồi thì mình có thể là ra coi xưởng dịch vụ ở bên đại lý vinh an ấy ở đường bảy mươi hai m phường hào thì tạm để kiểm tra anh ạ anh có thể liên hệ với số hót-lain của xưởng dịch vụ để hỏi xem xưởng làm việc đến mấy giờ nhá và bây giờ có thể mang xe đến không anh ạ",work,2,unusable,user5,2026-05-26T02:54:34.900964+00:00,0,/kaggle/working/asr_quality_classifier/data/audio/data2/50013120251104165936_006_2bb6865a-2f2a-49de-8576-00ddd52d80b7/clone8.wav,0,1,0.744642857142857,False Positive,0.744642857142857
user2,50013120251104165936_007_c24edc9a-56c4-49aa-8c9f-24a30f95ba87/clone2.wav,50013120251104165936_007_c24edc9a-56c4-49aa-8c9f-24a30f95ba87,clone2.wav,à thế thì cảm ơn em nhá thế cảm ơn hiện tại cái bình acquy bình điện mười hai v yếu nhiều khi đầu,work,2,unusable,user2,2026-05-25T08:37:22.731339+00:00,0,/kaggle/working/asr_quality_classifier/data/audio/data2/50013120251104165936_007_c24edc9a-56c4-49aa-8c9f-24a30f95ba87/clone2.wav,0,1,0.744642857142857,False Positive,0.744642857142857
user3,50013120251104165936_007_c24edc9a-56c4-49aa-8c9f-24a30f95ba87/clone4.wav,50013120251104165936_007_c24edc9a-56c4-49aa-8c9f-24a30f95ba87,clone4.wav,à thế thì cảm ơn em nhá thế cảm ơn hiện tại cái bình acquy bình điện mười hai v yếu nhiều khi đầu,work,2,unusable,user3,2026-05-25T04:51:46.402529+00:00,0,/kaggle/working/asr_quality_classifier/data/audio/data2/50013120251104165936_007_c24edc9a-56c4-49aa-8c9f-24a30f95ba87/clone4.wav,0,1,0.744642857142857,False Positive,0.744642857142857
user4,50005720251106191520_000_17ec9dc5-f4e7-4a53-b905-4854b65ab52a/clone6.wav,50005720251106191520_000_17ec9dc5-f4e7-4a53-b905-4854b65ab52a,clone6.wav,"a-lô, vâng, chào anh em gọi điện cho mình từ bên chăm sóc khách hàng của vinfast ờ, em thấy là mình có gọi nhỡ đến đây, không biết là mình cần hỗ trợ thông tin gì ạ?",work,2,unusable,user4,2026-05-25T08:28:48.849330+00:00,0,/kaggle/working/asr_quality_classifier/data/audio/data2/50005720251106191520_000_17ec9dc5-f4e7-4a53-b905-4854b65ab52a/clone6.wav,0,1,0.744642857142857,False Positive,0.744642857142857
user5,50010820251101165547_001_c9c56a8d-7a5e-49c3-8bb9-8615ae233353/clone1.wav,50010820251101165547_001_c9c56a8d-7a5e-49c3-8bb9-8615ae233353,clone1.wav,"em chào anh, em là dũng gọi từ vinfast đây",work,2,unusable,user5,2026-05-25T07:48:18.983626+00:00,0,/kaggle/working/asr_quality_classifier/data/audio/data2/50010820251101165547_001_c9c56a8d-7a5e-49c3-8bb9-8615ae233353/clone1.wav,0,1,0.744642857142857,False Positive,0.744642857142857
user5,50010820251103011916_000_00a49ccf-8109-458d-9cec-9ad258891755/clone6.wav,50010820251103011916_000_00a49ccf-8109-458d-9cec-9ad258891755,clone6.wav,a-lô ạ em chào anh em là dũng ạ tổng đài vinfast đây,work,2,unusable,user5,2026-05-25T09:39:33.846232+00:00,0,/kaggle/working/asr_quality_classifier/data/audio/data2/50010820251103011916_000_00a49ccf-8109-458d-9cec-9ad258891755/clone6.wav,0,1,0.744642857142857,False Positive,0.744642857142857
user6,50010720251114100234_012_ce4cddab-2342-43a9-bc4e-3d1249461900/clone1.wav,50010720251114100234_012_ce4cddab-2342-43a9-bc4e-3d1249461900,clone1.wav,chín trăm mười sáu tám trăm năm mươi lăm,work,2,unusable,user6,2026-05-25T08:30:29.709234+00:00,0,/kaggle/working/asr_quality_classifier/data/audio/data2/50010720251114100234_012_ce4cddab-2342-43a9-bc4e-3d1249461900/clone1.wav,0,1,0.744642857142857,False Positive,0.744642857142857
user7,50010820251101121931_008_9e3ad98e-ee79-4a89-8c44-c9e3da634540/clone3.wav,50010820251101121931_008_9e3ad98e-ee79-4a89-8c44-c9e3da634540,clone3.wav,em hôm ki-a hôm ki-a em hỏi bác thì bác chỉ bảo là cái này ở bên nhà máy nhà em đã chưa gì thì cũng có thời gian,work,2,unusable,user7,2026-05-26T03:44:57.681924+00:00,0,/kaggle/working/asr_quality_classifier/data/audio/data2/50010820251101121931_008_9e3ad98e-ee79-4a89-8c44-c9e3da634540/clone3.wav,0,1,0.744642857142857,False Positive,0.744642857142857
user4,50010820251105093126_002_bc8d3359-f946-4fd2-a514-7a4e65ea5723/clone7.wav,50010820251105093126_002_bc8d3359-f946-4fd2-a514-7a4e65ea5723,clone7.wav,"vâng dạ, em thấy có gọi nhỡ của mình ấy, chị cần em hỗ trợ gì vấn đề gì không ạ? à, mình hỏi là cái mình nhận được thông tin là mang xe đến bảo dưỡng ấy thì mình ở xã thuận an ấy thì cái điểm đến",work,2,unusable,user4,2026-05-25T05:24:03.302859+00:00,0,/kaggle/working/asr_quality_classifier/data/audio/data2/50010820251105093126_002_bc8d3359-f946-4fd2-a514-7a4e65ea5723/clone7.wav,0,1,0.744642857142857,False Positive,0.744642857142857
user6,50010820251105093126_006_e75ab786-ada2-4b1b-876d-3d98840772db/clone6.wav,50010820251105093126_006_e75ab786-ada2-4b1b-876d-3d98840772db,clone6.wav,"dương quang, gia lâm ạ gia lâm",work,2,unusable,user6,2026-05-25T09:56:20.752857+00:00,0,/kaggle/working/asr_quality_classifier/data/audio/data2/50010820251105093126_006_e75ab786-ada2-4b1b-876d-3d98840772db/clone6.wav,0,1,0.744642857142857,False Positive,0.744642857142857
user7,50010820251109091538_001_4a0f471c-5613-4432-95ce-0248b26073e3/clone6.wav,50010820251109091538_001_4a0f471c-5613-4432-95ce-0248b26073e3,clone6.wav,"anh bảo là anh sáng anh gọi anh ở trong vin-hôm ấy anh có cái cái cái ê-vô gì đấy nó nó đang ở trong cái chế độ là thuê pin để trả tiền hàng tháng ấy dạ vâng ạ mà nó có bọn em có cái tin nhắn là chế độ nó mua thanh lý pin đấy thì như thế nào? à, dạ vâng anh hòa đúng không anh? đúng rồi ờ xe ê-vô xe này anh mua lâu chưa? anh cũng chả để ý đâu bởi vì cái đấy mua cho bọn thằng con từ bao giờ anh chả để ý ờ, vâng để để em để anh giữ máy để em kiểm tra xem ừm xe này em thấy anh mới mua từ đầu năm hai nghìn không trăm hai mươi lăm anh ạ ờ ừm ừm vâng ạ thế thì mức giá pin là xe rơi khoảng tầm tám phẩy sáu triệu ạ bao nhiêu? ờ, tám phẩy sáu triệu ạ ờ dạ",work,2,unusable,user7,2026-05-25T07:57:14.013953+00:00,0,/kaggle/working/asr_quality_classifier/data/audio/data2/50010820251109091538_001_4a0f471c-5613-4432-95ce-0248b26073e3/clone6.wav,0,1,0.744642857142857,False Positive,0.744642857142857
user1,50010820251105093126_002_bc8d3359-f946-4fd2-a514-7a4e65ea5723/clone4.wav,50010820251105093126_002_bc8d3359-f946-4fd2-a514-7a4e65ea5723,clone4.wav,"vâng dạ, em thấy có gọi nhỡ của mình ấy, chị cần em hỗ trợ gì vấn đề gì không ạ? à, mình hỏi là cái mình nhận được thông tin là mang xe đến bảo dưỡng ấy thì mình ở xã thuận an ấy thì cái điểm đến",work,2,unusable,user1,2026-05-25T08:00:45.178058+00:00,0,/kaggle/working/asr_quality_classifier/data/audio/data2/50010820251105093126_002_bc8d3359-f946-4fd2-a514-7a4e65ea5723/clone4.wav,0,1,0.744642857142857,False Positive,0.744642857142857
user3,50006520251103102847_011_a86f3f00-aa69-4e77-8d6c-cd79e7fbf796/clone3.wav,50006520251103102847_011_a86f3f00-aa69-4e77-8d6c-cd79e7fbf796,clone3.wav,"rồi ok, em bấm em đọc đi vâng, tám trăm năm mươi ba tám trăm năm mươi ba năm trăm bốn mươi tám",work,2,unusable,user3,2026-05-26T03:06:43.764483+00:00,0,/kaggle/working/asr_quality_classifier/data/audio/data2/50006520251103102847_011_a86f3f00-aa69-4e77-8d6c-cd79e7fbf796/clone3.wav,0,1,0.744642857142857,False Positive,0.744642857142857
user6,50006520251103102847_011_a86f3f00-aa69-4e77-8d6c-cd79e7fbf796/clone6.wav,50006520251103102847_011_a86f3f00-aa69-4e77-8d6c-cd79e7fbf796,clone6.wav,"rồi ok, em bấm em đọc đi vâng, tám trăm năm mươi ba tám trăm năm mươi ba năm trăm bốn mươi tám",work,2,unusable,user6,2026-05-25T09:52:33.241644+00:00,0,/kaggle/working/asr_quality_classifier/data/audio/data2/50006520251103102847_011_a86f3f00-aa69-4e77-8d6c-cd79e7fbf796/clone6.wav,0,1,0.744642857142857,False Positive,0.744642857142857
user6,50006420251101175245_008_b9e535cf-2458-47e7-856c-7d7faaaa2caf/clone1.wav,50006420251101175245_008_b9e535cf-2458-47e7-856c-7d7faaaa2caf,clone1.wav,"chung cư vin ca-pi-tần đúng rồi, đúng rồi",work,2,unusable,user6,2026-05-25T10:00:25.904868+00:00,0,/kaggle/working/asr_quality_classifier/data/audio/data2/50006420251101175245_008_b9e535cf-2458-47e7-856c-7d7faaaa2caf/clone1.wav,0,1,0.744642857142857,False Positive,0.744642857142857
user7,50010820251109133419_006_0235f719-5b79-43da-b7a2-53bc8086f24b/clone1.wav,50010820251109133419_006_0235f719-5b79-43da-b7a2-53bc8086f24b,clone1.wav,rồi rồi với lại giờ anh anh anh trong thành phố hồ chí minh mà nhà ở quận mười hai mà anh muốn ra các cửa hàng bên vinfast mua xe là phải đến cái địa chỉ đường nào vậy?,work,2,unusable,user7,2026-05-25T07:20:58.514826+00:00,0,/kaggle/working/asr_quality_classifier/data/audio/data2/50010820251109133419_006_0235f719-5b79-43da-b7a2-53bc8086f24b/clone1.wav,0,1,0.744642857142857,False Positive,0.744642857142857
user1,50006520251108201125_001_6dfbcd9d-f32a-4aff-8900-9959cf1c2a7c/clone6.wav,50006520251108201125_001_6dfbcd9d-f32a-4aff-8900-9959cf1c2a7c,clone6.wav,"ờ xe của chị tự nhiên cái phần mềm nó mới cập nhật là chị chỉ sạc được năm mươi phần trăm thôi trước đấy thì bên em có tư vấn, vâng chị gọi cho tổng đài, tổng đài bảo là phải nhất cả đặt lại phần mềm",work,2,unusable,user1,2026-05-25T04:39:27.572095+00:00,0,/kaggle/working/asr_quality_classifier/data/audio/data2/50006520251108201125_001_6dfbcd9d-f32a-4aff-8900-9959cf1c2a7c/clone6.wav,0,1,0.744642857142857,False Positive,0.744642857142857
user2,50006520251108201125_008_53eaa124-057b-4b01-8429-7599b5e92c9c/clone3.wav,50006520251108201125_008_53eaa124-057b-4b01-8429-7599b5e92c9c,clone3.wav,vinfast minh đạo cường à chị? ừ,work,2,unusable,user2,2026-05-26T01:50:50.019559+00:00,0,/kaggle/working/asr_quality_classifier/data/audio/data2/50006520251108201125_008_53eaa124-057b-4b01-8429-7599b5e92c9c/clone3.wav,0,1,0.744642857142857,False Positive,0.744642857142857
user1,50010920251110183954_000_95d06209-ae75-4fa3-8afd-33186bc8235b/clone4.wav,50010920251110183954_000_95d06209-ae75-4fa3-8afd-33186bc8235b,clone4.wav,"vâng chào anh ạ, em là ngân ở bên tổng đài chăm sóc khách hàng của vinfast ấy vâng vâng anh trung anh thấy mình sử dụng ở tại trụ sạc của vinfast thì mình không thể sạc được tại trụ sạc của vinfast đúng không? vâng vâng đúng rồi vâng cái trụ sạc mà mình không thể sạc được tại trụ mà nó báo lỗi rằng là",work,2,unusable,user1,2026-05-26T03:03:06.164536+00:00,0,/kaggle/working/asr_quality_classifier/data/audio/data2/50010920251110183954_000_95d06209-ae75-4fa3-8afd-33186bc8235b/clone4.wav,0,1,0.744642857142857,False Positive,0.744642857142857
user5,50010820251112102107_009_2ed4bed9-2d61-49e9-8801-96548d60a2f1/clone3.wav,50010820251112102107_009_2ed4bed9-2d61-49e9-8801-96548d60a2f1,clone3.wav,mêu chị gửi là mêu nào? chị đọc lại cho em,work,2,unusable,user5,2026-05-25T09:34:52.671326+00:00,0,/kaggle/working/asr_quality_classifier/data/audio/data2/50010820251112102107_009_2ed4bed9-2d61-49e9-8801-96548d60a2f1/clone3.wav,0,1,0.744642857142857,False Positive,0.744642857142857
user3,50010820251112102107_009_2ed4bed9-2d61-49e9-8801-96548d60a2f1/clone6.wav,50010820251112102107_009_2ed4bed9-2d61-49e9-8801-96548d60a2f1,clone6.wav,mêu chị gửi là mêu nào? chị đọc lại cho em,work,2,unusable,user3,2026-05-25T07:45:58.362636+00:00,0,/kaggle/working/asr_quality_classifier/data/audio/data2/50010820251112102107_009_2ed4bed9-2d61-49e9-8801-96548d60a2f1/clone6.wav,0,1,0.744642857142857,False Positive,0.744642857142857
user3,50010820251112102107_010_586b3369-d885-4a1e-891f-382151e89edb/clone3.wav,50010820251112102107_010_586b3369-d885-4a1e-891f-382151e89edb,clone3.wav,cái mêu a lon hải y dược á,work,2,unusable,user3,2026-05-25T07:35:17.559730+00:00,0,/kaggle/working/asr_quality_classifier/data/audio/data2/50010820251112102107_010_586b3369-d885-4a1e-891f-382151e89edb/clone3.wav,0,1,0.744642857142857,False Positive,0.744642857142857
user6,50006220251108224428_009_d751770a-2a58-49b3-9c55-6a19e40c94dc/clone6.wav,50006220251108224428_009_d751770a-2a58-49b3-9c55-6a19e40c94dc,clone6.wav,"anh nói gì? tức là xe máy điện ấy thì lại không có dịch vụ cứu hộ anh ạ thì chắc là em nhờ anh là anh nhờ ai đẩy về nhà sau đó thì mai anh liên hệ với cơ sở để các bạn có phương án hỗ trợ cho mình ạ hồi nãy em cũng bị giống vậy nữa, em cũng hết xong giờ bị lại tiếp à vâng, cái này thì xin lỗi mình cái này thì chắc là anh cố gắng về nhà nghỉ ngơi thôi xong mai anh gọi các bạn hỗ trợ nhá anh đọc số điện thoại",work,2,unusable,user6,2026-05-25T08:05:14.176998+00:00,0,/kaggle/working/asr_quality_classifier/data/audio/data2/50006220251108224428_009_d751770a-2a58-49b3-9c55-6a19e40c94dc/clone6.wav,0,1,0.744642857142857,False Positive,0.744642857142857
user7,50006220251108233630_000_9b4574e4-9d7c-41d9-8302-0dd960e6d505/clone1.wav,50006220251108233630_000_9b4574e4-9d7c-41d9-8302-0dd960e6d505,clone1.wav,"a-lô anh ơi, em từ tổng đài của vinfast á em thấy mình có tạo yêu cầu cứu hộ trên áp ấy ạ không biết mình cần em hỗ trợ gì không anh nhỉ?",work,2,unusable,user7,2026-05-25T08:18:09.240315+00:00,0,/kaggle/working/asr_quality_classifier/data/audio/data2/50006220251108233630_000_9b4574e4-9d7c-41d9-8302-0dd960e6d505/clone1.wav,0,1,0.744642857142857,False Positive,0.744642857142857
user7,50011020251114131921_001_6dc2c096-15c2-4a9f-9399-d7961505e85d/clone3.wav,50011020251114131921_001_6dc2c096-15c2-4a9f-9399-d7961505e85d,clone3.wav,thế nhưng mà anh muốn kéo xe về đài tư để thay lốp luôn ấy chứ ờ dạ vâng tuy nhiên thì hiện tại bên phía xưởng dịch vụ đài tư đang báo là đang tạm dừng cứu hộ do đang vướng một chút vấn đề về bên phía đơn vị cứu hộ ấy anh nên họ hiện tại đang tạm dừng hoãn cứu hộ anh ạ,work,2,unusable,user7,2026-05-26T02:22:22.561315+00:00,0,/kaggle/working/asr_quality_classifier/data/audio/data2/50011020251114131921_001_6dc2c096-15c2-4a9f-9399-d7961505e85d/clone3.wav,0,1,0.744642857142857,False Positive,0.744642857142857
user3,50011020251107182750_012_7ee6e008-31d8-4c59-8f81-f2c79e8bcd05/clone2.wav,50011020251107182750_012_7ee6e008-31d8-4c59-8f81-f2c79e8bcd05,clone2.wav,có nghĩa là hiện tại bên đại lý đang yêu cầu mình phải làm dịch vụ ở bên đó thì họ mới giao xe đúng không ạ? vâng đúng rồi,work,2,unusable,user3,2026-05-25T07:55:40.449099+00:00,0,/kaggle/working/asr_quality_classifier/data/audio/data2/50011020251107182750_012_7ee6e008-31d8-4c59-8f81-f2c79e8bcd05/clone2.wav,0,1,0.744642857142857,False Positive,0.744642857142857
user6,50011020251107183718_007_10ab4b00-76e6-4633-aad0-1b36216a004d/clone1.wav,50011020251107183718_007_10ab4b00-76e6-4633-aad0-1b36216a004d,clone1.wav,"ờ bên em đang có đại lý hữu nghị ở lạng sơn nhá, thì không biết là mình muốn xin số của xưởng này à anh?",work,2,unusable,user6,2026-05-25T09:33:18.831836+00:00,0,/kaggle/working/asr_quality_classifier/data/audio/data2/50011020251107183718_007_10ab4b00-76e6-4633-aad0-1b36216a004d/clone1.wav,0,1,0.744642857142857,False Positive,0.744642857142857
user7,50006220251114092648_004_586a7185-17fd-49c5-a968-34f714d2db87/clone3.wav,50006220251114092648_004_586a7185-17fd-49c5-a968-34f714d2db87,clone3.wav,vách bốn mươi ba/sáu mươi mốt dạ,work,2,unusable,user7,2026-05-26T02:23:39.797554+00:00,0,/kaggle/working/asr_quality_classifier/data/audio/data2/50006220251114092648_004_586a7185-17fd-49c5-a968-34f714d2db87/clone3.wav,0,1,0.744642857142857,False Positive,0.744642857142857
user5,50006220251114092648_004_586a7185-17fd-49c5-a968-34f714d2db87/clone7.wav,50006220251114092648_004_586a7185-17fd-49c5-a968-34f714d2db87,clone7.wav,vách bốn mươi ba/sáu mươi mốt dạ,work,2,unusable,user5,2026-05-26T04:34:05.967955+00:00,0,/kaggle/working/asr_quality_classifier/data/audio/data2/50006220251114092648_004_586a7185-17fd-49c5-a968-34f714d2db87/clone7.wav,0,1,0.744642857142857,False Positive,0.744642857142857
user3,50006220251112110457_000_6693d758-42cb-457e-8c00-20c4bb7e6416/clone6.wav,50006220251112110457_000_6693d758-42cb-457e-8c00-20c4bb7e6416,clone6.wav,"a-lô, ạ a-lô, chị đang ở đài chị em từ tổng đài của vinfast em với chị gọi nhỡ bên em ấy ạ không biết chị cần em hỗ trợ gì không chị nhỉ? có chị hỏi tí là cái vinfast là lâu nay chị vô cái chương trình nó đang chị thấy nó không có còn định vị nữa hả em? định vị á chị? để em kiểm tra chị chờ em một chút",work,2,unusable,user3,2026-05-26T03:05:29.155666+00:00,0,/kaggle/working/asr_quality_classifier/data/audio/data2/50006220251112110457_000_6693d758-42cb-457e-8c00-20c4bb7e6416/clone6.wav,0,1,0.744642857142857,False Positive,0.744642857142857
user2,50011120251101114910_007_658b8b9d-260a-4355-9a55-14fac91c7641/clone1.wav,50011120251101114910_007_658b8b9d-260a-4355-9a55-14fac91c7641,clone1.wav,"về của vin ấy, cái chữ v ấy, màu xanh xanh ấy không nhưng mà xe của anh là xe gì ạ?",work,2,unusable,user2,2026-05-25T07:10:56.750664+00:00,0,/kaggle/working/asr_quality_classifier/data/audio/data2/50011120251101114910_007_658b8b9d-260a-4355-9a55-14fac91c7641/clone1.wav,0,1,0.744642857142857,False Positive,0.744642857142857
user2,50012120251110111813_008_4cfb6b62-dfe2-48d5-b664-95b4a4cf22b7/clone6.wav,50012120251110111813_008_4cfb6b62-dfe2-48d5-b664-95b4a4cf22b7,clone6.wav,"thôn khánh trung, diên lạc hả chị? đúng rồi ạ diên lạc vâng",work,2,unusable,user2,2026-05-26T02:00:00.316502+00:00,0,/kaggle/working/asr_quality_classifier/data/audio/data2/50012120251110111813_008_4cfb6b62-dfe2-48d5-b664-95b4a4cf22b7/clone6.wav,0,1,0.744642857142857,False Positive,0.744642857142857
user1,50012120251104172043_005_e07f32db-827f-4fb8-a760-44070d499cdb/clone3.wav,50012120251104172043_005_e07f32db-827f-4fb8-a760-44070d499cdb,clone3.wav,thế à? vâng vẫn buộc chị phải đợi thêm à? nếu về sớm thì mình cân nhắc lấy một trong hai màu đấy thôi,work,2,unusable,user1,2026-05-25T05:24:33.827937+00:00,0,/kaggle/working/asr_quality_classifier/data/audio/data2/50012120251104172043_005_e07f32db-827f-4fb8-a760-44070d499cdb/clone3.wav,0,1,0.744642857142857,False Positive,0.744642857142857
user2,50012120251106194455_003_99a431dc-ec71-40e7-9bbd-7217558cdeeb/clone6.wav,50012120251106194455_003_99a431dc-ec71-40e7-9bbd-7217558cdeeb,clone6.wav,anh đã được tư vấn chưa?,work,2,unusable,user2,2026-05-26T01:50:20.695939+00:00,0,/kaggle/working/asr_quality_classifier/data/audio/data2/50012120251106194455_003_99a431dc-ec71-40e7-9bbd-7217558cdeeb/clone6.wav,0,1,0.744642857142857,False Positive,0.744642857142857
user1,50005820251112090229_002_361ac93d-fbfd-48a1-9712-8de26a82797b/clone7.wav,50005820251112090229_002_361ac93d-fbfd-48a1-9712-8de26a82797b,clone7.wav,em nghê là cô gọi nhớ của mình gọi lên tổng đài vinfast của bên em mình cần vấn đề gì chị? chị hỏi anh cái chị hỏi cái đơn xe của chị về ở đâu chị?,work,2,unusable,user1,2026-05-25T08:21:55.303441+00:00,0,/kaggle/working/asr_quality_classifier/data/audio/data2/50005820251112090229_002_361ac93d-fbfd-48a1-9712-8de26a82797b/clone7.wav,0,1,0.744642857142857,False Positive,0.744642857142857
user4,50005820251112090229_010_b88fc625-8487-4719-840a-ee45fe603a62/clone4.wav,50005820251112090229_010_b88fc625-8487-4719-840a-ee45fe603a62,clone4.wav,lâu rồi mọi người lấy hàng rồi mà chưa có,work,2,unusable,user4,2026-05-26T01:45:44.359964+00:00,0,/kaggle/working/asr_quality_classifier/data/audio/data2/50005820251112090229_010_b88fc625-8487-4719-840a-ee45fe603a62/clone4.wav,0,1,0.744642857142857,False Positive,0.744642857142857
user6,50012520251111165854_005_1f9bd181-92e0-4603-9e46-7b9775c1360a/clone6.wav,50012520251111165854_005_1f9bd181-92e0-4603-9e46-7b9775c1360a,clone6.wav,"ờ xêu là tên là sơn anh sơn đúng không ạ? dạ vâng, em rất là xin lỗi anh về cái sự bất tiện mình đang gặp phải nên cái này để em làm việc lại với bên phía đại lý, sau có thông tin cụ thể em sẽ báo lại với mình anh nhá xin rất là xin cảm ơn anh ạ",work,2,unusable,user6,2026-05-25T09:38:06.794979+00:00,0,/kaggle/working/asr_quality_classifier/data/audio/data2/50012520251111165854_005_1f9bd181-92e0-4603-9e46-7b9775c1360a/clone6.wav,0,1,0.744642857142857,False Positive,0.744642857142857
user5,50012420251112183451_009_209629f8-9a8f-4875-a8fa-d82702107b01/clone4.wav,50012420251112183451_009_209629f8-9a8f-4875-a8fa-d82702107b01,clone4.wav,cao hơn mức bình thường,work,2,unusable,user5,2026-05-25T09:33:34.159017+00:00,0,/kaggle/working/asr_quality_classifier/data/audio/data2/50012420251112183451_009_209629f8-9a8f-4875-a8fa-d82702107b01/clone4.wav,0,1,0.744642857142857,False Positive,0.744642857142857
user1,50012520251103161514_002_e36af2bd-ed5c-4820-98a0-480322c44739/clone4.wav,50012520251103161514_002_e36af2bd-ed5c-4820-98a0-480322c44739,clone4.wav,"dạ vâng, em đang yêu cầu các bạn làm việc lại bên phía kỹ sư vinfast để để có thể xử lý cho anh để cho mình vấn đề này em rất là xin lỗi anh một lần nữa nhá có thông tin em sẽ báo lại cho anh bởi vì như thế này này, báo cáo với em thực sự ra là nó có lỗi rất là nguy hiểm đang chạy về là trong vòng tích tắc năm giây thì em xử lý làm sao kịp được mà xe sau thì nó nó nó chèn vào cái một cái thì ngay ngay thì chỉ có đội màng nếu như mà trường hợp mà nếu không tìm ra được cái nguyên nhân lỗi như thế này nhá,",work,2,unusable,user1,2026-05-25T07:39:53.651577+00:00,0,/kaggle/working/asr_quality_classifier/data/audio/data2/50012520251103161514_002_e36af2bd-ed5c-4820-98a0-480322c44739/clone4.wav,0,1,0.744642857142857,False Positive,0.744642857142857
user4,50012420251112183305_011_e5bb52b7-d4ab-4b50-9c39-d8942ad064c6/clone2.wav,50012420251112183305_011_e5bb52b7-d4ab-4b50-9c39-d8942ad064c6,clone2.wav,dạ rồi cảm ơn anh,work,2,unusable,user4,2026-05-26T02:02:14.765821+00:00,0,/kaggle/working/asr_quality_classifier/data/audio/data2/50012420251112183305_011_e5bb52b7-d4ab-4b50-9c39-d8942ad064c6/clone2.wav,0,1,0.744642857142857,False Positive,0.744642857142857
user5,50011620251101093047_002_51c9eca3-f49b-4792-b5da-15d277732cc3/clone1.wav,50011620251101093047_002_51c9eca3-f49b-4792-b5da-15d277732cc3,clone1.wav,à chín mươi hai nghìn hai trăm bốn mươi bảy em,work,2,unusable,user5,2026-05-25T08:16:48.164715+00:00,0,/kaggle/working/asr_quality_classifier/data/audio/data2/50011620251101093047_002_51c9eca3-f49b-4792-b5da-15d277732cc3/clone1.wav,0,1,0.744642857142857,False Positive,0.744642857142857
user1,50011620251101093047_002_51c9eca3-f49b-4792-b5da-15d277732cc3/clone8.wav,50011620251101093047_002_51c9eca3-f49b-4792-b5da-15d277732cc3,clone8.wav,à chín mươi hai nghìn hai trăm bốn mươi bảy em,work,2,unusable,user1,2026-05-26T03:59:00.454862+00:00,0,/kaggle/working/asr_quality_classifier/data/audio/data2/50011620251101093047_002_51c9eca3-f49b-4792-b5da-15d277732cc3/clone8.wav,0,1,0.744642857142857,False Positive,0.744642857142857
user6,50011120251105224933_004_f4d202f6-0751-461c-a2fb-26c0063c0aee/clone8.wav,50011120251105224933_004_f4d202f6-0751-461c-a2fb-26c0063c0aee,clone8.wav,bị bị lủng lốp à? có ảnh hưởng đến mâm xe không anh? không em xin tên của anh ạ lê công anh,work,2,unusable,user6,2026-05-26T03:03:26.366776+00:00,0,/kaggle/working/asr_quality_classifier/data/audio/data2/50011120251105224933_004_f4d202f6-0751-461c-a2fb-26c0063c0aee/clone8.wav,0,1,0.744642857142857,False Positive,0.744642857142857
user1,50011620251104174435_005_1208b80e-31eb-4d57-8434-3e4527bcc9b7/clone1.wav,50011620251104174435_005_1208b80e-31eb-4d57-8434-3e4527bcc9b7,clone1.wav,xe phê-lích s đúng không ạ?,work,2,unusable,user1,2026-05-25T07:42:25.699967+00:00,0,/kaggle/working/asr_quality_classifier/data/audio/data2/50011620251104174435_005_1208b80e-31eb-4d57-8434-3e4527bcc9b7/clone1.wav,0,1,0.744642857142857,False Positive,0.744642857142857
user5,50011620251103174412_007_d041aa01-fcfa-4c1a-a890-be2dadac6b8b/clone1.wav,50011620251103174412_007_d041aa01-fcfa-4c1a-a890-be2dadac6b8b,clone1.wav,là anh mua đại lý sờ-mát xi-ti đúng không? anh đây là xe mua lại hay mua mới? mua mới ạ sao số này em lại không thấy có thông tin nào của anh? hay là nó xe này số khác hả em nhỉ? em có số khác nữa cơ anh thử gọi em nhá tám mươi tám anh ạ rồi sáu nghìn ba trăm bốn mươi lăm ạ rồi bốn trăm chín mươi tám anh ạ,work,2,unusable,user5,2026-05-25T09:01:12.691812+00:00,0,/kaggle/working/asr_quality_classifier/data/audio/data2/50011620251103174412_007_d041aa01-fcfa-4c1a-a890-be2dadac6b8b/clone1.wav,0,1,0.744642857142857,False Positive,0.744642857142857
user6,50011420251111192056_001_ff86429d-0728-4f2e-9217-addad3c5a057/clone1.wav,50011420251111192056_001_ff86429d-0728-4f2e-9217-addad3c5a057,clone1.wav,bộ phận liên quan để phối hợp trường hợp này nếu như mà liên quan đến vấn đề mà các bạn ấy xác nhận đồng ý hoàn cọc thì em sẽ nhờ anh bổ xung hồ sơ tại nhà phân phối nhá để các bạn ấy làm các thủ tục hoàn cọc cho anh dạ dạ em cảm ơn chị nhiều ạ vâng em chào anh dạ dạ dạ dạ,work,2,unusable,user6,2026-05-26T03:46:24.130482+00:00,0,/kaggle/working/asr_quality_classifier/data/audio/data2/50011420251111192056_001_ff86429d-0728-4f2e-9217-addad3c5a057/clone1.wav,0,1,0.744642857142857,False Positive,0.744642857142857
user3,50006220251107144630_008_658d2b86-659a-4e3d-b7de-54f26dc10c32/clone4.wav,50006220251107144630_008_658d2b86-659a-4e3d-b7de-54f26dc10c32,clone4.wav,"thanh toán này vào trên phần pin ấy là sẽ có cái thông tin hóa đơn để mình thanh toán trên đó cho em nhá anh vào áp ấy à, tôi vào mấy lần rồi mà chưa thấy có hóa đơn chưa có hóa đơn thì anh chờ thế thôi anh chờ thêm đến lúc nào hóa đơn tổng hợp vào rồi à rồi rồi rồi tổng kết vào rồi vâng ạ rồi rồi rồi rồi rồi hiểu rồi hiểu rồi à cảm ơn nhá sạc đầy hai lần đấy nhá để anh đừng sạc kiểu một tí nó lại ấy nhá rồi rồi rồi rồi rồi ok rồi rồi rồi cảm ơn dạ vâng ạ",work,2,unusable,user3,2026-05-26T03:13:53.063810+00:00,0,/kaggle/working/asr_quality_classifier/data/audio/data2/50006220251107144630_008_658d2b86-659a-4e3d-b7de-54f26dc10c32/clone4.wav,0,1,0.744642857142857,False Positive,0.744642857142857
user5,50006220251107193813_002_197a8ed2-2ab0-4268-944a-d3c1c0e0f3de/clone1.wav,50006220251107193813_002_197a8ed2-2ab0-4268-944a-d3c1c0e0f3de,clone1.wav,à mình đăng ký lấy xe lâu rồi mà sao không được gọi để nhận xe nhỉ? em thấy đơn hàng của anh sinh đúng không? anh đang đi xe anh muốn đổi xe phê-lích cho anh không hay là đúng không ạ? à phê-lích neo đúng không anh? đúng rồi anh đổi rồi đúng không anh?,work,2,unusable,user5,2026-05-26T03:53:48.853672+00:00,0,/kaggle/working/asr_quality_classifier/data/audio/data2/50006220251107193813_002_197a8ed2-2ab0-4268-944a-d3c1c0e0f3de/clone1.wav,0,1,0.744642857142857,False Positive,0.744642857142857
user7,50011620251108144341_007_ff243520-9f9a-48a5-93f7-05abb6dea633/clone7.wav,50011620251108144341_007_ff243520-9f9a-48a5-93f7-05abb6dea633,clone7.wav,ờ được gần hai mươi vạn,work,2,unusable,user7,2026-05-25T05:26:56.520886+00:00,0,/kaggle/working/asr_quality_classifier/data/audio/data2/50011620251108144341_007_ff243520-9f9a-48a5-93f7-05abb6dea633/clone7.wav,0,1,0.744642857142857,False Positive,0.744642857142857
user2,50006220251107204026_001_e5eb8846-dc52-4157-8222-78591259cb2f/clone2.wav,50006220251107204026_001_e5eb8846-dc52-4157-8222-78591259cb2f,clone2.wav,"dạ, em chào anh ạ dạ, anh ơi, cho em hỏi nhờ tí với tối hôm em nhận được cái gi-mêu từ công ty mình gửi ấy thì bây giờ em muốn a",work,2,unusable,user2,2026-05-26T02:05:25.373376+00:00,0,/kaggle/working/asr_quality_classifier/data/audio/data2/50006220251107204026_001_e5eb8846-dc52-4157-8222-78591259cb2f/clone2.wav,0,1,0.744642857142857,False Positive,0.744642857142857
user6,50006220251107204026_002_e8772733-59ea-4912-9da5-29c1a50e2105/clone7.wav,50006220251107204026_002_e8772733-59ea-4912-9da5-29c1a50e2105,clone7.wav,"a không còn cái sản phẩm em chọn đã thì bây giờ em có thể lên trực tiếp đại lý cửa hàng để đổi không ạ? dạ, được anh ạ cái này thì em tư vấn cho mình nhưng mà quan trọng là đơn hàng của mình vẫn chưa chuyển về đại lý đâu cái này thì mình hiện tại mình muốn đổi sang dòng xe nào? ở trên mêu này có thông tin không?",work,2,unusable,user6,2026-05-25T10:15:33.042473+00:00,0,/kaggle/working/asr_quality_classifier/data/audio/data2/50006220251107204026_002_e8772733-59ea-4912-9da5-29c1a50e2105/clone7.wav,0,1,0.744642857142857,False Positive,0.744642857142857
user5,50012020251106173631_004_8cf86688-3e19-4d8d-bdf0-728be7425f67/clone6.wav,50012020251106173631_004_8cf86688-3e19-4d8d-bdf0-728be7425f67,clone6.wav,ơ có mà có một cuộc gọi lúc,work,2,unusable,user5,2026-05-25T09:23:13.727326+00:00,0,/kaggle/working/asr_quality_classifier/data/audio/data2/50012020251106173631_004_8cf86688-3e19-4d8d-bdf0-728be7425f67/clone6.wav,0,1,0.744642857142857,False Positive,0.744642857142857
user7,50012020251106173631_010_7b50f2a2-7054-46f7-8c1b-c1652d0f8927/clone1.wav,50012020251106173631_010_7b50f2a2-7054-46f7-8c1b-c1652d0f8927,clone1.wav,đơn hàng này của anh thì hiện tại vinfast đang kiểm tra là xe của anh đỗ hoài sơn đơn hàng thì vẫn đang ở nhà phân phối vinfast n năm mươi bảy năm nghìn tám trăm lẻ một nhà phân phối vinfast anh làm việc với nhà phân phối vinfast ờ mình có hai đơn mình có hai đơn,work,2,unusable,user7,2026-05-25T08:31:28.786167+00:00,0,/kaggle/working/asr_quality_classifier/data/audio/data2/50012020251106173631_010_7b50f2a2-7054-46f7-8c1b-c1652d0f8927/clone1.wav,0,1,0.744642857142857,False Positive,0.744642857142857
user2,50012020251108220354_001_6e8c74c1-5aa2-499b-8187-d8a4c14db124/clone7.wav,50012020251108220354_001_6e8c74c1-5aa2-499b-8187-d8a4c14db124,clone7.wav,"màn hình đen xì đúng ạ? bây giờ mình tắt máy xe cho xe ngủ khoảng một lúc giúp em nhá sau đó tháo dây an toàn, bỏ chì khóa ra khỏi xe, ri-xét lại xe xe đang ở nhà anh? xe này ấy, em đi em đi đường lúc em đang đi nhá, em để em em mô tả đầu tiên nó bị là đang đi, đang đi thì là màn hình nó đen đen xì mỗi bên p và d hoạt động",work,2,unusable,user2,2026-05-25T08:49:28.809357+00:00,0,/kaggle/working/asr_quality_classifier/data/audio/data2/50012020251108220354_001_6e8c74c1-5aa2-499b-8187-d8a4c14db124/clone7.wav,0,1,0.744642857142857,False Positive,0.744642857142857
user6,50012120251101175545_008_7cfa14f2-2075-40e7-8478-adf4146ccb84/clone3.wav,50012120251101175545_008_7cfa14f2-2075-40e7-8478-adf4146ccb84,clone3.wav,tức là anh có phải chủ xe hay là anh là chủ xe nào ạ?,work,2,unusable,user6,2026-05-26T03:56:55.905066+00:00,0,/kaggle/working/asr_quality_classifier/data/audio/data2/50012120251101175545_008_7cfa14f2-2075-40e7-8478-adf4146ccb84/clone3.wav,0,1,0.744642857142857,False Positive,0.744642857142857
user1,50012120251101175545_012_a816af9d-7a15-41f8-af0f-6af0dbcd5a60/clone6.wav,50012120251101175545_012_a816af9d-7a15-41f8-af0f-6af0dbcd5a60,clone6.wav,chỉ bị cái cái cái cái mâm bị,work,2,unusable,user1,2026-05-26T02:01:25.438108+00:00,0,/kaggle/working/asr_quality_classifier/data/audio/data2/50012120251101175545_012_a816af9d-7a15-41f8-af0f-6af0dbcd5a60/clone6.wav,0,1,0.744642857142857,False Positive,0.744642857142857
user2,50006020251111094006_006_88a9a153-410a-42a3-a2df-62da43cd1120/clone4.wav,50006020251111094006_006_88a9a153-410a-42a3-a2df-62da43cd1120,clone4.wav,bảy trăm chín mươi mốt,work,2,unusable,user2,2026-05-25T09:08:30.387354+00:00,0,/kaggle/working/asr_quality_classifier/data/audio/data2/50006020251111094006_006_88a9a153-410a-42a3-a2df-62da43cd1120/clone4.wav,0,1,0.744642857142857,False Positive,0.744642857142857
user1,50012120251101175545_017_ef49b99c-16e0-4f5f-a7f7-8c63aa417ecb/clone7.wav,50012120251101175545_017_ef49b99c-16e0-4f5f-a7f7-8c63aa417ecb,clone7.wav,tức là mình có ấn nhầm mình cái nút ét o ét không ạ? tức là em xác nhận là mình không cần hỗ trợ cứu hộ đúng không anh? đúng rồi đúng rồi đúng rồi không không không có đâu à vâng thì chắc chắc bị bị bị bị bị cấn gì đó hay gì đó để anh ra anh kiểm tra xe thử vâng vâng ạ vâng,work,2,unusable,user1,2026-05-26T03:02:41.758030+00:00,0,/kaggle/working/asr_quality_classifier/data/audio/data2/50012120251101175545_017_ef49b99c-16e0-4f5f-a7f7-8c63aa417ecb/clone7.wav,0,1,0.744642857142857,False Positive,0.744642857142857
user4,50012120251103174734_002_00898162-7e0f-4898-962d-1a0b83286117/clone2.wav,50012120251103174734_002_00898162-7e0f-4898-962d-1a0b83286117,clone2.wav,xe mình xe gì ạ? dạ xe,work,2,unusable,user4,2026-05-26T03:37:03.223554+00:00,0,/kaggle/working/asr_quality_classifier/data/audio/data2/50012120251103174734_002_00898162-7e0f-4898-962d-1a0b83286117/clone2.wav,0,1,0.744642857142857,False Positive,0.744642857142857
user1,50014120251110110856_006_f6308796-0080-450c-a526-6b98e3e27dd5/clone6.wav,50014120251110110856_006_f6308796-0080-450c-a526-6b98e3e27dd5,clone6.wav,"tức là anh có gần cửa hàng đấy không ạ? vâng à vâng, nếu mà nếu mà anh gần cửa hàng anh mua xe thì anh có thể qua đại lý đó nếu mà đại lý đấy là bán đại lý ba giây rồi vâng đại lý bán đồ rồi hữu trí đúng không ạ? chờ em chút em xem đại lý đấy là mấy s ạ rồi, rồi, rồi hữu trí có phải là anh mua bên nguyễn hữu trí",work,2,unusable,user1,2026-05-26T04:40:14.356203+00:00,0,/kaggle/working/asr_quality_classifier/data/audio/data2/50014120251110110856_006_f6308796-0080-450c-a526-6b98e3e27dd5/clone6.wav,0,1,0.744642857142857,False Positive,0.744642857142857
user3,50014120251113181618_003_477c810d-9a8d-4e70-bbf5-e9800af1577c/clone7.wav,50014120251113181618_003_477c810d-9a8d-4e70-bbf5-e9800af1577c,clone7.wav,làm cho anh cái biên bản điều chỉnh hóa đơn ký gửi về giúp anh chưa?,work,2,unusable,user3,2026-05-26T03:40:52.019204+00:00,0,/kaggle/working/asr_quality_classifier/data/audio/data2/50014120251113181618_003_477c810d-9a8d-4e70-bbf5-e9800af1577c/clone7.wav,0,1,0.744642857142857,False Positive,0.744642857142857
user3,50015520251101111459_003_d89fc264-5e8e-4e89-b236-1a17a5acedfe/clone4.wav,50015520251101111459_003_d89fc264-5e8e-4e89-b236-1a17a5acedfe,clone4.wav,à rồi rồi là anh anh gọi lại cho rồi bấm phím số năm à? lần sau ấy anh gọi lại anh bấm phím số năm giúp em còn hiện tại trong cuộc gọi này thì em xin phép sẽ chuyển máy luôn và khi anh thấy có tổng đài báo về tổng đài chung ấy thì anh có thể bấm phím năm giúp em để sang bên các bạn nhá ok ok vâng vâng anh phú giữ máy em chuyển máy luôn nhá em cảm ơn anh vâng em chào anh,work,2,unusable,user3,2026-05-25T07:41:24.401259+00:00,0,/kaggle/working/asr_quality_classifier/data/audio/data2/50015520251101111459_003_d89fc264-5e8e-4e89-b236-1a17a5acedfe/clone4.wav,0,1,0.744642857142857,False Positive,0.744642857142857
user2,50015420251110154129_005_3bed7d29-002e-4d37-b7da-58d7946e0888/clone1.wav,50015420251110154129_005_3bed7d29-002e-4d37-b7da-58d7946e0888,clone1.wav,ừ em đọc số điện thoại của vinsmart luôn anh nhá hót-lain của xưởng ấy,work,2,unusable,user2,2026-05-26T02:04:18.239794+00:00,0,/kaggle/working/asr_quality_classifier/data/audio/data2/50015420251110154129_005_3bed7d29-002e-4d37-b7da-58d7946e0888/clone1.wav,0,1,0.744642857142857,False Positive,0.744642857142857
user6,50015420251107150602_007_1373617a-ec5f-427c-80ad-85bb34a38ebd/clone4.wav,50015420251107150602_007_1373617a-ec5f-427c-80ad-85bb34a38ebd,clone4.wav,có gì thì chờ khi mô xe có về báo thôi chứ cũng không có thời gian cụ thể,work,2,unusable,user6,2026-05-25T07:49:58.147612+00:00,0,/kaggle/working/asr_quality_classifier/data/audio/data2/50015420251107150602_007_1373617a-ec5f-427c-80ad-85bb34a38ebd/clone4.wav,0,1,0.744642857142857,False Positive,0.744642857142857
user7,50014520251105103231_000_ec096172-f3c2-42c0-9936-8580acda0184/clone3.wav,50014520251105103231_000_ec096172-f3c2-42c0-9936-8580acda0184,clone3.wav,"a-lô ạ a-lô anh súc ạ? dạ vâng vâng, em bên chăm sóc khách hàng của vinfast ấy thì vừa anh gọi điện lên tổng đài thì bên em hiện tại thuộc một chính sách hỗ trợ miễn phí thuê pin trong thời gian xe bị sửa chữa do bị ngập lụt anh ạ vâng, anh cứ nói với xưởng dịch vụ là họ sẽ biết",work,2,unusable,user7,2026-05-26T03:48:41.495741+00:00,0,/kaggle/working/asr_quality_classifier/data/audio/data2/50014520251105103231_000_ec096172-f3c2-42c0-9936-8580acda0184/clone3.wav,0,1,0.744642857142857,False Positive,0.744642857142857
user2,50014520251105103231_000_ec096172-f3c2-42c0-9936-8580acda0184/clone8.wav,50014520251105103231_000_ec096172-f3c2-42c0-9936-8580acda0184,clone8.wav,"a-lô ạ a-lô anh súc ạ? dạ vâng vâng, em bên chăm sóc khách hàng của vinfast ấy thì vừa anh gọi điện lên tổng đài thì bên em hiện tại thuộc một chính sách hỗ trợ miễn phí thuê pin trong thời gian xe bị sửa chữa do bị ngập lụt anh ạ vâng, anh cứ nói với xưởng dịch vụ là họ sẽ biết",work,2,unusable,user2,2026-05-25T05:01:01.748930+00:00,0,/kaggle/working/asr_quality_classifier/data/audio/data2/50014520251105103231_000_ec096172-f3c2-42c0-9936-8580acda0184/clone8.wav,0,1,0.744642857142857,False Positive,0.744642857142857
user6,50014420251111105449_002_88f552b7-64db-4393-aa02-2aa17b15b924/clone6.wav,50014420251111105449_002_88f552b7-64db-4393-aa02-2aa17b15b924,clone6.wav,nó đến đâu rồi? xe tại em đặt cũng gần hai tháng rồi mà vẫn chưa có xe à? em thấy đơn hàng đã chuyển về bên đại lý chỗ,work,2,unusable,user6,2026-05-26T03:22:50.413671+00:00,0,/kaggle/working/asr_quality_classifier/data/audio/data2/50014420251111105449_002_88f552b7-64db-4393-aa02-2aa17b15b924/clone6.wav,0,1,0.744642857142857,False Positive,0.744642857142857
user5,50008420251107094742_005_4c132295-e058-48df-b230-16f292f4f80f/clone5.wav,50008420251107094742_005_4c132295-e058-48df-b230-16f292f4f80f,clone5.wav,sáu trăm bốn mươi chín tám trăm chín mươi tám tám trăm chín mươi tám rồi vâng hết rồi anh ạ ok mình mình cứ gọi mình liên hệ tiếp thôi đúng không? vâng anh liên hệ với họ để họ sắp xếp lịch cho mình còn cần hỗ trợ gì thêm sau đó thì lúc đó anh liên hệ lên tổng đài xe của mình là dòng xe gì anh? e-lờ ét ét a anh vâng vâng anh liên hệ với họ nhá rồi cảm ơn ok,work,2,unusable,user5,2026-05-25T08:59:45.627934+00:00,0,/kaggle/working/asr_quality_classifier/data/audio/data2/50008420251107094742_005_4c132295-e058-48df-b230-16f292f4f80f/clone5.wav,0,1,0.744642857142857,False Positive,0.744642857142857
user1,50015320251104192631_007_dc60b74b-d8c9-47ad-b263-0411a8d3429a/clone7.wav,50015320251104192631_007_dc60b74b-d8c9-47ad-b263-0411a8d3429a,clone7.wav,"xe anh chỉ là báo lỗi phanh tái sinh này, lỗi cảm biến này và lỗi gì nữa anh?",work,2,unusable,user1,2026-05-26T02:00:52.577956+00:00,0,/kaggle/working/asr_quality_classifier/data/audio/data2/50015320251104192631_007_dc60b74b-d8c9-47ad-b263-0411a8d3429a/clone7.wav,0,1,0.744642857142857,False Positive,0.744642857142857
user5,50008420251110122414_001_d107ee5f-ae46-4138-8fd3-49fd44708688/clone1.wav,50008420251110122414_001_d107ee5f-ae46-4138-8fd3-49fd44708688,clone1.wav,từ bữa giờ là là mình vẫn chưa lấy được xe thì bây giờ có thể là mình muốn hỏi xem để bên ờ trung tâm hỗ trợ được là cho qua đại lý được không? hiện tại đơn của anh đang ở bên chỗ bê mười bảy ấy thì cái trường hợp là những đơn hàng hiện tại mà đang ở bên chỗ bê mười bảy thì bộ phận kinh doanh bên chỗ on-lai họ đang chuyển đơn dần theo từ bên chỗ kinh doanh on-lai về bên chỗ nhà phân phối bên chỗ xe máy điện ấy thì họ sẽ phân bổ theo những cái yếu tố phù hợp về số lượng xe với lại khu vực phù hợp cho nên là anh chờ thông báo tin họ sẽ chuyển đơn về dần về bên chỗ các nhà phân phối cho anh à thế trong tháng mười một này là xử lý đúng không ạ?,work,2,unusable,user5,2026-05-25T09:05:19.991429+00:00,0,/kaggle/working/asr_quality_classifier/data/audio/data2/50008420251110122414_001_d107ee5f-ae46-4138-8fd3-49fd44708688/clone1.wav,0,1,0.744642857142857,False Positive,0.744642857142857
user6,50008420251110122414_001_d107ee5f-ae46-4138-8fd3-49fd44708688/clone3.wav,50008420251110122414_001_d107ee5f-ae46-4138-8fd3-49fd44708688,clone3.wav,từ bữa giờ là là mình vẫn chưa lấy được xe thì bây giờ có thể là mình muốn hỏi xem để bên ờ trung tâm hỗ trợ được là cho qua đại lý được không? hiện tại đơn của anh đang ở bên chỗ bê mười bảy ấy thì cái trường hợp là những đơn hàng hiện tại mà đang ở bên chỗ bê mười bảy thì bộ phận kinh doanh bên chỗ on-lai họ đang chuyển đơn dần theo từ bên chỗ kinh doanh on-lai về bên chỗ nhà phân phối bên chỗ xe máy điện ấy thì họ sẽ phân bổ theo những cái yếu tố phù hợp về số lượng xe với lại khu vực phù hợp cho nên là anh chờ thông báo tin họ sẽ chuyển đơn về dần về bên chỗ các nhà phân phối cho anh à thế trong tháng mười một này là xử lý đúng không ạ?,work,2,unusable,user6,2026-05-25T08:53:02.700770+00:00,0,/kaggle/working/asr_quality_classifier/data/audio/data2/50008420251110122414_001_d107ee5f-ae46-4138-8fd3-49fd44708688/clone3.wav,0,1,0.744642857142857,False Positive,0.744642857142857
user5,50013920251105105504_011_10e38bb4-f686-445d-9f35-d42519aa691c/clone7.wav,50013920251105105504_011_10e38bb4-f686-445d-9f35-d42519aa691c,clone7.wav,để em báo cái bên đại lý vạn phong ki-a chuyển đến cho nhanh về đấy nhá có thể mất một vài ngày anh thông cảm giúp em anh dặn cái đại lý ki-a người ta giữ xe ra nhá,work,2,unusable,user5,2026-05-25T08:57:08.463959+00:00,0,/kaggle/working/asr_quality_classifier/data/audio/data2/50013920251105105504_011_10e38bb4-f686-445d-9f35-d42519aa691c/clone7.wav,0,1,0.744642857142857,False Positive,0.744642857142857
user6,50013920251106144339_000_42efbd03-1277-4ed1-a179-2d759fc7107e/clone3.wav,50013920251106144339_000_42efbd03-1277-4ed1-a179-2d759fc7107e,clone3.wav,"a-lô a-lô, mình nghê đây vâng, em hải gọi lại cho mình đây ạ vừa nãy cán bộ anh gọi cho anh bảo là đơn hàng của anh là nó đã về đại lý khánh huyền dĩ an rồi thì anh liên hệ với cả đại lý để lấy xe nhưng mà cái thái độ của cái khánh huyền là nó không hợp tác thái độ không hợp tác là như thế nào hả anh? nó kêu là",work,2,unusable,user6,2026-05-25T08:06:55.630742+00:00,0,/kaggle/working/asr_quality_classifier/data/audio/data2/50013920251106144339_000_42efbd03-1277-4ed1-a179-2d759fc7107e/clone3.wav,0,1,0.744642857142857,False Positive,0.744642857142857
user1,50013920251106144339_000_42efbd03-1277-4ed1-a179-2d759fc7107e/clone5.wav,50013920251106144339_000_42efbd03-1277-4ed1-a179-2d759fc7107e,clone5.wav,"a-lô a-lô, mình nghê đây vâng, em hải gọi lại cho mình đây ạ vừa nãy cán bộ anh gọi cho anh bảo là đơn hàng của anh là nó đã về đại lý khánh huyền dĩ an rồi thì anh liên hệ với cả đại lý để lấy xe nhưng mà cái thái độ của cái khánh huyền là nó không hợp tác thái độ không hợp tác là như thế nào hả anh? nó kêu là",work,2,unusable,user1,2026-05-25T09:39:27.473142+00:00,0,/kaggle/working/asr_quality_classifier/data/audio/data2/50013920251106144339_000_42efbd03-1277-4ed1-a179-2d759fc7107e/clone5.wav,0,1,0.744642857142857,False Positive,0.744642857142857
user7,50014120251105180554_007_981be512-83f7-4c52-8ac7-cbb115a9cd55/clone6.wav,50014120251105180554_007_981be512-83f7-4c52-8ac7-cbb115a9cd55,clone6.wav,em đã các kiểu rồi nhưng mà kiểm tra giúp mình là hợp đồng đã được kích hoạt là kích hoạt là như nào đấy nhỉ? cho mình hỏi lại chút,work,2,unusable,user7,2026-05-26T03:00:26.015546+00:00,0,/kaggle/working/asr_quality_classifier/data/audio/data2/50014120251105180554_007_981be512-83f7-4c52-8ac7-cbb115a9cd55/clone6.wav,0,1,0.744642857142857,False Positive,0.744642857142857
user6,50000420251113190903_002_eac137d5-3b6f-4dc7-9195-f986a8adf0ef/clone3.wav,50000420251113190903_002_eac137d5-3b6f-4dc7-9195-f986a8adf0ef,clone3.wav,"vâng à, vâng vâng dạ vâng, em có nhận được cái i-meo hỗ trợ của anh về vấn đề đơn hàng của mình ý anh",work,2,unusable,user6,2026-05-25T10:09:33.498183+00:00,0,/kaggle/working/asr_quality_classifier/data/audio/data2/50000420251113190903_002_eac137d5-3b6f-4dc7-9195-f986a8adf0ef/clone3.wav,0,1,0.744642857142857,False Positive,0.744642857142857
user1,50000420251113190903_002_eac137d5-3b6f-4dc7-9195-f986a8adf0ef/clone6.wav,50000420251113190903_002_eac137d5-3b6f-4dc7-9195-f986a8adf0ef,clone6.wav,"vâng à, vâng vâng dạ vâng, em có nhận được cái i-meo hỗ trợ của anh về vấn đề đơn hàng của mình ý anh",work,2,unusable,user1,2026-05-26T04:30:28.332906+00:00,0,/kaggle/working/asr_quality_classifier/data/audio/data2/50000420251113190903_002_eac137d5-3b6f-4dc7-9195-f986a8adf0ef/clone6.wav,0,1,0.744642857142857,False Positive,0.744642857142857
user4,50000420251113190903_010_810d4543-2da5-4b62-b7e9-5e8275f94c7a/clone5.wav,50000420251113190903_010_810d4543-2da5-4b62-b7e9-5e8275f94c7a,clone5.wav,"vâng dạ vâng ạ vậy em cảm ơn nhá nếu mà mình cần hỗ trợ thông tin thông tin thì anh cứ liên hệ lại để bên em hỗ trợ anh ạ vâng vâng, em xin cảm ơn nhá dạ dạ, em cảm ơn anh",work,2,unusable,user4,2026-05-25T07:44:30.666179+00:00,0,/kaggle/working/asr_quality_classifier/data/audio/data2/50000420251113190903_010_810d4543-2da5-4b62-b7e9-5e8275f94c7a/clone5.wav,0,1,0.744642857142857,False Positive,0.744642857142857
user1,50000420251113180133_005_18d61fad-f2ac-465f-8d97-cbfeab581e39/clone3.wav,50000420251113180133_005_18d61fad-f2ac-465f-8d97-cbfeab581e39,clone3.wav,à ở vũng tàu thì bây giờ nó đang có mấy xưởng dịch vụ cơ anh ạ mình đang muốn làm ở xưởng nào ạ?,work,2,unusable,user1,2026-05-25T07:41:12.841465+00:00,0,/kaggle/working/asr_quality_classifier/data/audio/data2/50000420251113180133_005_18d61fad-f2ac-465f-8d97-cbfeab581e39/clone3.wav,0,1,0.744642857142857,False Positive,0.744642857142857
user6,50000420251109143536_005_3c66ceb5-ae5f-4451-a7d6-445a768b7478/clone5.wav,50000420251109143536_005_3c66ceb5-ae5f-4451-a7d6-445a768b7478,clone5.wav,cái đấy lắp thêm phụ tùng esim thì nhiều tiền nhỉ? phụ tùng này thì mình sẽ ra nhà phân phối à ra xưởng đình vũ giúp em để các bạn tư vấn cụ thể chi phí giá cho mình còn esim thì sẽ là một trăm năm mươi sáu nghìn đồng một năm anh ạ,work,2,unusable,user6,2026-05-25T09:34:56.862684+00:00,0,/kaggle/working/asr_quality_classifier/data/audio/data2/50000420251109143536_005_3c66ceb5-ae5f-4451-a7d6-445a768b7478/clone5.wav,0,1,0.744642857142857,False Positive,0.744642857142857
user7,50000420251109123328_001_b4596c93-a097-46ec-b111-448d91a47a6a/clone5.wav,50000420251109123328_001_b4596c93-a097-46ec-b111-448d91a47a6a,clone5.wav,ui chị ơi em mua luôn rồi chị ạ,work,2,unusable,user7,2026-05-25T07:06:51.305098+00:00,0,/kaggle/working/asr_quality_classifier/data/audio/data2/50000420251109123328_001_b4596c93-a097-46ec-b111-448d91a47a6a/clone5.wav,0,1,0.744642857142857,False Positive,0.744642857142857
user6,50000420251109123328_001_b4596c93-a097-46ec-b111-448d91a47a6a/clone6.wav,50000420251109123328_001_b4596c93-a097-46ec-b111-448d91a47a6a,clone6.wav,ui chị ơi em mua luôn rồi chị ạ,work,2,unusable,user6,2026-05-26T03:48:18.255844+00:00,0,/kaggle/working/asr_quality_classifier/data/audio/data2/50000420251109123328_001_b4596c93-a097-46ec-b111-448d91a47a6a/clone6.wav,0,1,0.744642857142857,False Positive,0.744642857142857
user3,50000420251102162231_012_1748bfb0-164c-4036-9e19-dd6bddfd5f4b/clone6.wav,50000420251102162231_012_1748bfb0-164c-4036-9e19-dd6bddfd5f4b,clone6.wav,anh ạ vậy thông tin này thì em xin phép là sẽ kiểm tra lại cùng với cả bên phía bộ phận liên quan của bên em anh nhá có thông tin phản hồi thì em sẽ báo lại mình ạ dạ dạ vâng vâng em cảm ơn anh ờ,work,2,unusable,user3,2026-05-26T03:50:55.571764+00:00,0,/kaggle/working/asr_quality_classifier/data/audio/data2/50000420251102162231_012_1748bfb0-164c-4036-9e19-dd6bddfd5f4b/clone6.wav,0,1,0.744642857142857,False Positive,0.744642857142857
user1,50015420251107150602_004_0028acce-01f1-4c95-9809-e53545dc909b/clone5.wav,50015420251107150602_004_0028acce-01f1-4c95-9809-e53545dc909b,clone5.wav,bên xêu trả lời như nào anh? bây giờ anh còn liên lạc được với xêu không?,work,2,unusable,user1,2026-05-26T04:13:05.732849+00:00,0,/kaggle/working/asr_quality_classifier/data/audio/data2/50015420251107150602_004_0028acce-01f1-4c95-9809-e53545dc909b/clone5.wav,0,1,0.7421428571428571,False Positive,0.7421428571428571
user1,50000420251104163835_004_01945878-ab9c-40c7-9452-047881795794/clone2.wav,50000420251104163835_004_01945878-ab9c-40c7-9452-047881795794,clone2.wav,đúng rồi hoặc là em chuyển cái cọc đó qua bên xô-rum ở an giang khác cái gì vê ét giê nó mới mở đó để cho anh mua luôn cũng được vâng anh ơi hiện tại bây giờ thì cái đơn hàng này của mình ấy nó đang ở nhà phân phối phú khang an giang rồi à dạ vâng nên là các bạn ấy chỉ hỗ trợ cho mình trong cái vấn đề là một là hoàn lại cọc lại cho mình còn không thì mình vẫn đợi tiếp ở nhà phân phối phú khang an giang để các bạn hỗ trợ đàn giao xe cho anh chứ không dạ vâng chứ bên nhà phân phối họ lại không hỗ trợ cho cái vấn đề là chuyển cọc từ bên này sang bên khác đâu anh ạ vậy thôi vậy thì anh lấy tiền cọc lại đi dạ vâng vậy thì thông tin hôm qua bên em trao đổi lại với mình thì bên phía nhà phân phối các bạn cũng hẹn là thứ sáu tuần này thì là thứ sáu tuần này ha đúng rồi ok rồi để thứ sáu tuần này anh tới phú khang anh giải quyết dạ vâng vâng ạ vậy mình làm việc cùng với nhà phân phối giúp em nhá dạ các bạn hỗ trợ mình,work,2,unusable,user1,2026-05-25T06:59:24.576681+00:00,0,/kaggle/working/asr_quality_classifier/data/audio/data2/50000420251104163835_004_01945878-ab9c-40c7-9452-047881795794/clone2.wav,0,1,0.7421428571428571,False Positive,0.7421428571428571
user2,50015420251104085547_005_d482e1af-dd1e-4b26-ac3b-0d1b76893644/clone2.wav,50015420251104085547_005_d482e1af-dd1e-4b26-ac3b-0d1b76893644,clone2.wav,kệ chỉ có v anh để em chút nữa em đọc thông tin nhá vâng thì anh cứ nói nếu mà không lai xá thì cũng được thì chuyển qua phạm văn đồng nó gần nhà em em ở khu vực ngoại giao đoàn tây hồ,work,2,unusable,user2,2026-05-25T04:34:43.924843+00:00,0,/kaggle/working/asr_quality_classifier/data/audio/data2/50015420251104085547_005_d482e1af-dd1e-4b26-ac3b-0d1b76893644/clone2.wav,0,1,0.7421428571428571,False Positive,0.7421428571428571
user1,50000420251102162231_010_6c4f8516-17d5-40b5-9029-e6240ff9ded3/clone2.wav,50000420251102162231_010_6c4f8516-17d5-40b5-9029-e6240ff9ded3,clone2.wav,ừm mình dừng máy giúp em một chút là xưởng dịch vụ năng lượng xanh ở chỗ phan bội châu đấy đúng không ạ? dạ dạ đúng rồi,work,2,unusable,user1,2026-05-25T08:06:36.355102+00:00,0,/kaggle/working/asr_quality_classifier/data/audio/data2/50000420251102162231_010_6c4f8516-17d5-40b5-9029-e6240ff9ded3/clone2.wav,0,1,0.7421428571428571,False Positive,0.7421428571428571
user3,50015320251105181638_003_8ef42a58-61e4-4173-a5fc-901ab5269a10/clone6.wav,50015320251105181638_003_8ef42a58-61e4-4173-a5fc-901ab5269a10,clone6.wav,"ừ vâng, lát anh vâng, lát anh về cứ cứ về thử anh nếu mà không được anh cứ gọi lại thì bọn em à hỗ trợ kiểm tra anh nhá ừ vâng, vâng, cảm ơn anh chào anh rồi, chào anh",work,2,unusable,user3,2026-05-25T07:53:48.890688+00:00,0,/kaggle/working/asr_quality_classifier/data/audio/data2/50015320251105181638_003_8ef42a58-61e4-4173-a5fc-901ab5269a10/clone6.wav,0,1,0.7421428571428571,False Positive,0.7421428571428571
user3,50000820251101185045_000_1c92695f-e1f0-483b-b8d1-63ff14526a9b/clone6.wav,50000820251101185045_000_1c92695f-e1f0-483b-b8d1-63ff14526a9b,clone6.wav,"vâng, em muốn hỏi vinfast đây em thấy mình có bị mất kết nối thế là bây giờ mình cần xử lý gấp hả anh? cái này thì chắc là em sẽ gửi thông tin cho vinfast o a o để các bạn ấy xem là có phương án nào có thể xử lý nhanh nhất cho mình không tức là bây giờ anh muốn đưa về nhà phân phối nào ạ? em muốn đưa về chỗ vinfast thuận thành ạ thuận thành ạ? đại lý, đại lý vinfast thuận thành nhưng mà các bạn ấy đã có sẵn xe chưa?",work,2,unusable,user3,2026-05-26T03:15:12.349414+00:00,0,/kaggle/working/asr_quality_classifier/data/audio/data2/50000820251101185045_000_1c92695f-e1f0-483b-b8d1-63ff14526a9b/clone6.wav,0,1,0.7421428571428571,False Positive,0.7421428571428571
user7,50013920251101230615_002_c8cef137-f68c-4faf-9363-ea7e92b160ef/clone1.wav,50013920251101230615_002_c8cef137-f68c-4faf-9363-ea7e92b160ef,clone1.wav,nó hổ nó hổ nó hổ,work,2,unusable,user7,2026-05-26T03:39:14.514808+00:00,0,/kaggle/working/asr_quality_classifier/data/audio/data2/50013920251101230615_002_c8cef137-f68c-4faf-9363-ea7e92b160ef/clone1.wav,0,1,0.7421428571428571,False Positive,0.7421428571428571
user6,50013820251110101928_009_f5543a20-f89d-4ca8-a79a-5da17de89d33/clone7.wav,50013820251110101928_009_f5543a20-f89d-4ca8-a79a-5da17de89d33,clone7.wav,"dạ hiện hiện thị xã lon thành đúng không ạ? đúng rồi, xã lon thành hiện tại thì lon thành ấy thì có một cái là vinfast triệu đô ở chỗ ấp cầu xéo xã lon thành đồng nai anh ạ à dạ vâng em có cung cấp cho mình số bên đại lý luôn nhá để anh ghi lại giúp em",work,2,unusable,user6,2026-05-25T08:05:42.772902+00:00,0,/kaggle/working/asr_quality_classifier/data/audio/data2/50013820251110101928_009_f5543a20-f89d-4ca8-a79a-5da17de89d33/clone7.wav,0,1,0.7421428571428571,False Positive,0.7421428571428571
user1,50008820251106174333_008_2ff5391a-61fb-402b-8b91-d0e208df8dbd/clone1.wav,50008820251106174333_008_2ff5391a-61fb-402b-8b91-d0e208df8dbd,clone1.wav,anh vừa báo đấy vừa hôm nay là hạn cuối cùng là mùng sáu mà thì đáng nhẽ phải,work,2,unusable,user1,2026-05-25T07:48:38.314487+00:00,0,/kaggle/working/asr_quality_classifier/data/audio/data2/50008820251106174333_008_2ff5391a-61fb-402b-8b91-d0e208df8dbd/clone1.wav,0,1,0.7421428571428571,False Positive,0.7421428571428571
user3,50013920251105105504_003_bb4572e0-4fd7-4975-ae5a-9a849958ce74/clone3.wav,50013920251105105504_003_bb4572e0-4fd7-4975-ae5a-9a849958ce74,clone3.wav,gửi bên bên bên bên bên gì bên,work,2,unusable,user3,2026-05-25T07:54:02.874196+00:00,0,/kaggle/working/asr_quality_classifier/data/audio/data2/50013920251105105504_003_bb4572e0-4fd7-4975-ae5a-9a849958ce74/clone3.wav,0,1,0.7421428571428571,False Positive,0.7421428571428571
user2,50000820251101204839_019_2f0cfed4-41ad-433f-8f70-76305b409175/clone8.wav,50000820251101204839_019_2f0cfed4-41ad-433f-8f70-76305b409175,clone8.wav,"ờ, gần đấy vâng, thì anh rẽ qua bên phía xưởng dịch vụ phạm văn đồng ấy, không phải là xô-rum đâu xưởng các bạn ấy ở ngay mặt sau ấy",work,2,unusable,user2,2026-05-25T09:08:06.006665+00:00,0,/kaggle/working/asr_quality_classifier/data/audio/data2/50000820251101204839_019_2f0cfed4-41ad-433f-8f70-76305b409175/clone8.wav,0,1,0.7421428571428571,False Positive,0.7421428571428571
user1,50000820251101204839_002_c14ccd6e-d5b0-4e77-b22e-6f12f6666f5d/clone6.wav,50000820251101204839_002_c14ccd6e-d5b0-4e77-b22e-6f12f6666f5d,clone6.wav,"nghĩa là như thế này, ý anh nhá, bởi vì hôm nay anh gặp một cái vấn đề là như thế này",work,2,unusable,user1,2026-05-25T07:21:40.430206+00:00,0,/kaggle/working/asr_quality_classifier/data/audio/data2/50000820251101204839_002_c14ccd6e-d5b0-4e77-b22e-6f12f6666f5d/clone6.wav,0,1,0.7421428571428571,False Positive,0.7421428571428571
user3,50000820251101204839_002_c14ccd6e-d5b0-4e77-b22e-6f12f6666f5d/clone7.wav,50000820251101204839_002_c14ccd6e-d5b0-4e77-b22e-6f12f6666f5d,clone7.wav,"nghĩa là như thế này, ý anh nhá, bởi vì hôm nay anh gặp một cái vấn đề là như thế này",work,2,unusable,user3,2026-05-26T03:45:04.114447+00:00,0,/kaggle/working/asr_quality_classifier/data/audio/data2/50000820251101204839_002_c14ccd6e-d5b0-4e77-b22e-6f12f6666f5d/clone7.wav,0,1,0.7421428571428571,False Positive,0.7421428571428571
user5,50000820251101201636_002_e396cea3-2903-4db4-94e5-eb6791027aae/clone1.wav,50000820251101201636_002_e396cea3-2903-4db4-94e5-eb6791027aae,clone1.wav,"đợi một chút ê-cô s vâng vâng, em đã nhận thông tin đây rồi thế là hôm nay là người ta nhắn cho mình bảo là có sẵn xe màu đen rồi nhưng mà lại không thấy đơn của mình về chưa về ấy vâng vâng để em báo các bạn ý chuyển đến cho mình chị nhá vâng ạ",work,2,unusable,user5,2026-05-26T03:22:23.904085+00:00,0,/kaggle/working/asr_quality_classifier/data/audio/data2/50000820251101201636_002_e396cea3-2903-4db4-94e5-eb6791027aae/clone1.wav,0,1,0.7421428571428571,False Positive,0.7421428571428571
user2,50007420251112165723_002_ef9b9764-c091-48d3-b516-e5d2fb3a8982/clone7.wav,50007420251112165723_002_ef9b9764-c091-48d3-b516-e5d2fb3a8982,clone7.wav,rồi rồi rồi vâng dạ em cảm ơn anh ạ chào anh dạ dạ,work,2,unusable,user2,2026-05-26T02:01:22.635150+00:00,0,/kaggle/working/asr_quality_classifier/data/audio/data2/50007420251112165723_002_ef9b9764-c091-48d3-b516-e5d2fb3a8982/clone7.wav,0,1,0.7421428571428571,False Positive,0.7421428571428571
user4,50008920251101232629_001_836c9ed5-9e4c-4c5d-9b9f-e199fdd9675e/clone3.wav,50008920251101232629_001_836c9ed5-9e4c-4c5d-9b9f-e199fdd9675e,clone3.wav,quận bảy đúng ạ? dạ dạ đúng ạ,work,2,unusable,user4,2026-05-25T05:25:39.737438+00:00,0,/kaggle/working/asr_quality_classifier/data/audio/data2/50008920251101232629_001_836c9ed5-9e4c-4c5d-9b9f-e199fdd9675e/clone3.wav,0,1,0.7421428571428571,False Positive,0.7421428571428571
user2,50008820251106175727_008_59d5df34-d9b6-43f9-9631-44a3ce069dcf/clone4.wav,50008820251106175727_008_59d5df34-d9b6-43f9-9631-44a3ce069dcf,clone4.wav,bên o i o đang bạn à bạn ấy bạn đào minh phương đang hỗ trợ anh ở đơn này thì bạn bảo là có gọi cho tổng đài bên mình để nhờ chuyển sang hồ sơ sang o i o để bạn ấy hỗ trợ tiếp đơn này đang ở sẵn là o i o rồi ạ ờ sẵn rồi à?,work,2,unusable,user2,2026-05-26T01:55:11.882194+00:00,0,/kaggle/working/asr_quality_classifier/data/audio/data2/50008820251106175727_008_59d5df34-d9b6-43f9-9631-44a3ce069dcf/clone4.wav,0,1,0.7421428571428571,False Positive,0.7421428571428571
user5,50009020251103180555_001_f4faf94d-d6f2-446b-af51-a2b01e9334a2/clone1.wav,50009020251103180555_001_f4faf94d-d6f2-446b-af51-a2b01e9334a2,clone1.wav,"ờ, anh giữ máy giùm em chút em kiểm tra nhé ừ",work,2,unusable,user5,2026-05-26T02:56:03.743403+00:00,0,/kaggle/working/asr_quality_classifier/data/audio/data2/50009020251103180555_001_f4faf94d-d6f2-446b-af51-a2b01e9334a2/clone1.wav,0,1,0.7421428571428571,False Positive,0.7421428571428571
user5,50007720251102172933_000_d78e5821-0595-46e6-aaef-d33dd5146833/clone1.wav,50007720251102172933_000_d78e5821-0595-46e6-aaef-d33dd5146833,clone1.wav,"a-lô, ạ vâng, em chào anh ạ em xin phép liên hệ lại từ phía tổng đài vinfast tên là phong ạ thì trường hợp đơn hàng xe vê ép sáu của anh linh ấy ạ, thì bên em đang khó kiểm tra và làm việc thêm với phía đại lý về vấn đề bàn giao xe cho đơn hàng của mình anh ạ thế thì bên em rất xin lỗi về bất tiện mình đang gặp phải tuy nhiên thì hôm nay là cuối tuần nên bên em chưa có thông tin để có thể phản hồi lại tới mình thì bên em cũng đang tiến hành kiểm tra thêm với phía bộ phận liên quan vinfast về vấn đề đơn hàng của mình anh ạ thì có thông tin xử lý cập nhật thêm thì bên em sẽ chủ động liên hệ lại mình để báo sau anh ạ vâng, nhưng mà em thì cũng lâu quá rồi xử lý em đã đồng ý là thêm một phần phí cho ngân hàng rồi xử lý cái phần hồ sơ vay vốn rồi nếu mà không không xử lý được thì anh như nào thì phải báo cho em chứ bây giờ em chờ từ hôm mười hai đến giờ là đến hôm nay là cũng phải mười tám hai mươi ngày rồi dạ vâng, cái này thì bên em đang tiến hành kiểm tra và làm việc thêm với phía bộ phận liên quan vinfast rồi anh ạ thì có thông tin xử lý bên em sẽ chủ động liên hệ lại mình để báo ạ vâng, vâng, vâng, vâng",work,2,unusable,user5,2026-05-25T08:00:11.924501+00:00,0,/kaggle/working/asr_quality_classifier/data/audio/data2/50007720251102172933_000_d78e5821-0595-46e6-aaef-d33dd5146833/clone1.wav,0,1,0.7421428571428571,False Positive,0.7421428571428571
user2,50007520251111185934_001_a4467029-557f-440b-b57b-9a678284ce68/clone3.wav,50007520251111185934_001_a4467029-557f-440b-b57b-9a678284ce68,clone3.wav,à chị ơi cho em hỏi em,work,2,unusable,user2,2026-05-25T05:04:48.319025+00:00,0,/kaggle/working/asr_quality_classifier/data/audio/data2/50007520251111185934_001_a4467029-557f-440b-b57b-9a678284ce68/clone3.wav,0,1,0.7421428571428571,False Positive,0.7421428571428571
user7,50007520251111185934_001_a4467029-557f-440b-b57b-9a678284ce68/clone6.wav,50007520251111185934_001_a4467029-557f-440b-b57b-9a678284ce68,clone6.wav,à chị ơi cho em hỏi em,work,2,unusable,user7,2026-05-26T02:02:41.472649+00:00,0,/kaggle/working/asr_quality_classifier/data/audio/data2/50007520251111185934_001_a4467029-557f-440b-b57b-9a678284ce68/clone6.wav,0,1,0.7421428571428571,False Positive,0.7421428571428571
user1,50007420251114103743_001_0801fe18-f302-4cde-9f6b-4b0d159347fd/clone6.wav,50007420251114103743_001_0801fe18-f302-4cde-9f6b-4b0d159347fd,clone6.wav,nếu mà điểm thì sẽ có bên hai mươi chín lê trọng tấn hoặc là bên ba mươi tám phùng hưng chị ạ,work,2,unusable,user1,2026-05-25T04:30:40.275804+00:00,0,/kaggle/working/asr_quality_classifier/data/audio/data2/50007420251114103743_001_0801fe18-f302-4cde-9f6b-4b0d159347fd/clone6.wav,0,1,0.7421428571428571,False Positive,0.7421428571428571
user1,50007520251104152939_002_c9389b9e-6eb7-4672-929e-9660e2e66290/clone2.wav,50007520251104152939_002_c9389b9e-6eb7-4672-929e-9660e2e66290,clone2.wav,"vâng thôi bên xử lý kỹ thuật bên các bên liên quan cứ xử lý đúng quy trình còn lỗi gì tiếp tục xử lý giúp em nhé vâng, em hiểu tuy nhiên là mong anh thông cảm bởi vì cái phần em cũng có thấy mình có đề xuất cái việc là mượn xe hoặc mượn pin ấy thì thực tế hiện tại là bên em cũng chưa kết luận được cái tình trạng xe của anh nên là cũng chưa thể hỗ trợ đề xuất này cho anh được bởi vì trong cái trường hợp mà xử lý khi mà có phương án xử lý mà quá thời gian cam kết thì khách hàng sẽ được hỗ trợ thêm năm trăm nghìn đồng một ngày với lỗi sửa chữa thông thường còn trong trường hợp mà đánh giá là bị lỗi pin thì mới được hỗ trợ mượn pin hoặc mượn xe anh ạ",work,2,unusable,user1,2026-05-26T03:21:29.325926+00:00,0,/kaggle/working/asr_quality_classifier/data/audio/data2/50007520251104152939_002_c9389b9e-6eb7-4672-929e-9660e2e66290/clone2.wav,0,1,0.7421428571428571,False Positive,0.7421428571428571
user7,50012020251104170153_003_1c0b02f6-53c8-48e6-aa64-acdceb11b115/clone4.wav,50012020251104170153_003_1c0b02f6-53c8-48e6-aa64-acdceb11b115,clone4.wav,ờ 97c bốn nghìn bốn trăm bảy mươi bảy bốn nghìn bốn trăm bảy mươi bảy anh tên là ma trinh hải đúng không ạ? anh đọc cho em xin thông tin địa chỉ xe đang đỗ,work,2,unusable,user7,2026-05-25T08:48:29.169395+00:00,0,/kaggle/working/asr_quality_classifier/data/audio/data2/50012020251104170153_003_1c0b02f6-53c8-48e6-aa64-acdceb11b115/clone4.wav,0,1,0.7421428571428571,False Positive,0.7421428571428571
user7,50011620251108154520_007_a654972f-2a21-4347-b291-fb9c39200ef8/clone8.wav,50011620251108154520_007_a654972f-2a21-4347-b291-fb9c39200ef8,clone8.wav,"à còn nếu mà hết thời gian bảo hành hoặc là lỗi không phải do bên phía nhà sản xuất thì chưa thể làm bảo hành được ừm à thôi để em chờ kỹ thuật đến hỏi xem xem nào dạ vâng vâng, em cảm ơn ạ dạ dạ vâng, dạ anh",work,2,unusable,user7,2026-05-25T07:04:21.583507+00:00,0,/kaggle/working/asr_quality_classifier/data/audio/data2/50011620251108154520_007_a654972f-2a21-4347-b291-fb9c39200ef8/clone8.wav,0,1,0.7421428571428571,False Positive,0.7421428571428571
user5,50011620251108173755_004_565cc197-c56c-438a-9fdc-fc354acb7007/clone6.wav,50011620251108173755_004_565cc197-c56c-438a-9fdc-fc354acb7007,clone6.wav,vậy hả? rồi thành phố thành phố hồ chí minh?,work,2,unusable,user5,2026-05-26T03:36:27.092894+00:00,0,/kaggle/working/asr_quality_classifier/data/audio/data2/50011620251108173755_004_565cc197-c56c-438a-9fdc-fc354acb7007/clone6.wav,0,1,0.7421428571428571,False Positive,0.7421428571428571
user6,50011620251108144341_008_18191bef-c5bf-4857-82c7-49c4b5076db3/clone5.wav,50011620251108144341_008_18191bef-c5bf-4857-82c7-49c4b5076db3,clone5.wav,"hai mươi vạn gần hai mươikhông, gần hai mươi nghìn đấy hai vạn vị trí bây giờ đang ở tam dương, vĩnh phúc mình đã gọi vị cứu hộ nào khác chưa? em cũng chưa xe em vẫn ở nhà vâng anh thì có vinfast thịnh cường, vĩnh phúc anh nhá em gửi thông tin qua xưởng thì khoảng tầm năm mười phút nữa họ sẽ gọi cho anh về chính sách cứu hộ thì bên em cứu hộ miễn phí một chiều về xưởng gần nhất với điều kiện xe còn trong thời gian bảo hành trừ các trường hợp là xe không thực hiện các chiến dịch triệu hồi, thay đổi kết cấu, độ chế hay là đi vào các cung đường khắc nghiệt anh nhá",work,2,unusable,user6,2026-05-25T08:07:59.224682+00:00,0,/kaggle/working/asr_quality_classifier/data/audio/data2/50011620251108144341_008_18191bef-c5bf-4857-82c7-49c4b5076db3/clone5.wav,0,1,0.7421428571428571,False Positive,0.7421428571428571
user3,50011620251108144341_008_18191bef-c5bf-4857-82c7-49c4b5076db3/clone8.wav,50011620251108144341_008_18191bef-c5bf-4857-82c7-49c4b5076db3,clone8.wav,"hai mươi vạn gần hai mươikhông, gần hai mươi nghìn đấy hai vạn vị trí bây giờ đang ở tam dương, vĩnh phúc mình đã gọi vị cứu hộ nào khác chưa? em cũng chưa xe em vẫn ở nhà vâng anh thì có vinfast thịnh cường, vĩnh phúc anh nhá em gửi thông tin qua xưởng thì khoảng tầm năm mười phút nữa họ sẽ gọi cho anh về chính sách cứu hộ thì bên em cứu hộ miễn phí một chiều về xưởng gần nhất với điều kiện xe còn trong thời gian bảo hành trừ các trường hợp là xe không thực hiện các chiến dịch triệu hồi, thay đổi kết cấu, độ chế hay là đi vào các cung đường khắc nghiệt anh nhá",work,2,unusable,user3,2026-05-25T07:37:38.231754+00:00,0,/kaggle/working/asr_quality_classifier/data/audio/data2/50011620251108144341_008_18191bef-c5bf-4857-82c7-49c4b5076db3/clone8.wav,0,1,0.7421428571428571,False Positive,0.7421428571428571
user3,50011620251108154520_003_0617607a-7320-417a-8c05-b26c09557939/clone1.wav,50011620251108154520_003_0617607a-7320-417a-8c05-b26c09557939,clone1.wav,"à anh ơi, cho em hỏi chút ạ vâng ừm",work,2,unusable,user3,2026-05-26T03:21:18.892344+00:00,0,/kaggle/working/asr_quality_classifier/data/audio/data2/50011620251108154520_003_0617607a-7320-417a-8c05-b26c09557939/clone1.wav,0,1,0.7421428571428571,False Positive,0.7421428571428571
user6,50011620251108154520_003_0617607a-7320-417a-8c05-b26c09557939/clone5.wav,50011620251108154520_003_0617607a-7320-417a-8c05-b26c09557939,clone5.wav,"à anh ơi, cho em hỏi chút ạ vâng ừm",work,2,unusable,user6,2026-05-26T04:18:58.245518+00:00,0,/kaggle/working/asr_quality_classifier/data/audio/data2/50011620251108154520_003_0617607a-7320-417a-8c05-b26c09557939/clone5.wav,0,1,0.7421428571428571,False Positive,0.7421428571428571
user6,50012020251106173631_008_d267e652-7bf4-4168-a844-5643d49fd943/clone8.wav,50012020251106173631_008_d267e652-7bf4-4168-a844-5643d49fd943,clone8.wav,mình ấn mình gọi lại chứ mình không không nhập số vâng đây là số tổng đài chung của tập đoàn vin-grúp nhá à dạ nên là vâng ờ trên đây có thể tìm nhau khác không?,work,2,unusable,user6,2026-05-26T04:03:13.392465+00:00,0,/kaggle/working/asr_quality_classifier/data/audio/data2/50012020251106173631_008_d267e652-7bf4-4168-a844-5643d49fd943/clone8.wav,0,1,0.7421428571428571,False Positive,0.7421428571428571
user4,50012020251106173631_009_10c58306-5c92-4c6b-939b-48c5736b7361/clone6.wav,50012020251106173631_009_10c58306-5c92-4c6b-939b-48c5736b7361,clone6.wav,thằng nào cũng thế thì mình mình đang có một cái đơn hàng của o i o ấy bạn kiểm tra xem nó đã đẩy về kho rồi chưa?,work,2,unusable,user4,2026-05-25T07:06:15.411930+00:00,0,/kaggle/working/asr_quality_classifier/data/audio/data2/50012020251106173631_009_10c58306-5c92-4c6b-939b-48c5736b7361/clone6.wav,0,1,0.7421428571428571,False Positive,0.7421428571428571
user3,50012020251102104510_006_41721175-7069-497f-ac45-26bb5e6bf995/clone4.wav,50012020251102104510_006_41721175-7069-497f-ac45-26bb5e6bf995,clone4.wav,à vâng nhà phân phối sẽ chủ động liên hệ đến chị em cảm ơn chị vâng vâng,work,2,unusable,user3,2026-05-25T05:03:11.690787+00:00,0,/kaggle/working/asr_quality_classifier/data/audio/data2/50012020251102104510_006_41721175-7069-497f-ac45-26bb5e6bf995/clone4.wav,0,1,0.7421428571428571,False Positive,0.7421428571428571
user6,50012020251114095054_003_55c3de9b-8b42-457d-8904-6f99fa9c7295/clone1.wav,50012020251114095054_003_55c3de9b-8b42-457d-8904-6f99fa9c7295,clone1.wav,"có nghĩa là mình đang cần xử lý vấn đề gì ạ? xe em bị hư á bên kéo về chỗ một trăm mười một tám tám tám tám tám biển số xe nhá dạ, bảy nghìn bảy trăm năm mươi giờ bảy mươi bảy nghìn hai trăm hai mươi lăm ạ",work,2,unusable,user6,2026-05-25T10:12:48.698108+00:00,0,/kaggle/working/asr_quality_classifier/data/audio/data2/50012020251114095054_003_55c3de9b-8b42-457d-8904-6f99fa9c7295/clone1.wav,0,1,0.7421428571428571,False Positive,0.7421428571428571
user1,50012120251101175545_007_37a0f94c-be29-4320-bf06-0de5ffc34d15/clone7.wav,50012120251101175545_007_37a0f94c-be29-4320-bf06-0de5ffc34d15,clone7.wav,anh không có anh đâu có báo gì đâu ta?,work,2,unusable,user1,2026-05-26T03:22:54.244399+00:00,0,/kaggle/working/asr_quality_classifier/data/audio/data2/50012120251101175545_007_37a0f94c-be29-4320-bf06-0de5ffc34d15/clone7.wav,0,1,0.7421428571428571,False Positive,0.7421428571428571
user5,50006020251111094006_005_f1cefb40-9bb9-43bc-be98-20523b5ce28a/clone6.wav,50006020251111094006_005_f1cefb40-9bb9-43bc-be98-20523b5ce28a,clone6.wav,"à, dạ, dạ, dạ từ từ ạ à, đọc giùm mình với số bao nhiêu nhỉ? chín trăm mười chín ạ",work,2,unusable,user5,2026-05-26T02:54:49.008158+00:00,0,/kaggle/working/asr_quality_classifier/data/audio/data2/50006020251111094006_005_f1cefb40-9bb9-43bc-be98-20523b5ce28a/clone6.wav,0,1,0.7421428571428571,False Positive,0.7421428571428571
user7,50015420251110154129_009_5bf98e43-5b91-4b8d-a561-e10bcf03a595/clone6.wav,50015420251110154129_009_5bf98e43-5b91-4b8d-a561-e10bcf03a595,clone6.wav,chín trăm sáu mươi sáu,work,2,unusable,user7,2026-05-25T07:42:44.101868+00:00,0,/kaggle/working/asr_quality_classifier/data/audio/data2/50015420251110154129_009_5bf98e43-5b91-4b8d-a561-e10bcf03a595/clone6.wav,0,1,0.7421428571428571,False Positive,0.7421428571428571
user4,50015420251111074900_004_3bc09ecf-f77c-43f9-b6a5-748a3fbff357/clone6.wav,50015420251111074900_004_3bc09ecf-f77c-43f9-b6a5-748a3fbff357,clone6.wav,là người ta vô mà người ta đặt thanh toán bằng thẻ của doanh nghiệp ấy người ta không không thanh toán được,work,2,unusable,user4,2026-05-26T03:03:24.525424+00:00,0,/kaggle/working/asr_quality_classifier/data/audio/data2/50015420251111074900_004_3bc09ecf-f77c-43f9-b6a5-748a3fbff357/clone6.wav,0,1,0.7421428571428571,False Positive,0.7421428571428571
user1,50012120251103174734_010_4a14eed3-37dd-49de-91ad-fa9179d1c755/clone6.wav,50012120251103174734_010_4a14eed3-37dd-49de-91ad-fa9179d1c755,clone6.wav,vâng bảy nghìn chín trăm bảy mươi chín ạ,work,2,unusable,user1,2026-05-26T03:20:45.586708+00:00,0,/kaggle/working/asr_quality_classifier/data/audio/data2/50012120251103174734_010_4a14eed3-37dd-49de-91ad-fa9179d1c755/clone6.wav,0,1,0.7421428571428571,False Positive,0.7421428571428571
user6,50012120251103174734_010_4a14eed3-37dd-49de-91ad-fa9179d1c755/clone8.wav,50012120251103174734_010_4a14eed3-37dd-49de-91ad-fa9179d1c755,clone8.wav,vâng bảy nghìn chín trăm bảy mươi chín ạ,work,2,unusable,user6,2026-05-25T09:40:55.986738+00:00,0,/kaggle/working/asr_quality_classifier/data/audio/data2/50012120251103174734_010_4a14eed3-37dd-49de-91ad-fa9179d1c755/clone8.wav,0,1,0.7421428571428571,False Positive,0.7421428571428571
user4,50012120251103113237_000_4e7ecbd1-4d7a-45d9-b2d9-19a52dafd5a9/clone3.wav,50012120251103113237_000_4e7ecbd1-4d7a-45d9-b2d9-19a52dafd5a9,clone3.wav,a-lô em chào anh liên hệ cho mình tổng đài vinfast anh đang bên cứu hộ có nhỡ liên hệ lại ạ à đúng rồi anh bên anh là bên vận hành của,work,2,unusable,user4,2026-05-25T09:00:55.898030+00:00,0,/kaggle/working/asr_quality_classifier/data/audio/data2/50012120251103113237_000_4e7ecbd1-4d7a-45d9-b2d9-19a52dafd5a9/clone3.wav,0,1,0.7421428571428571,False Positive,0.7421428571428571
user6,50012120251103174734_004_5bf83851-184e-4926-a830-6e7a0dc055d0/clone3.wav,50012120251103174734_004_5bf83851-184e-4926-a830-6e7a0dc055d0,clone3.wav,em thấy là anh đặt xe motio đúng không anh? vâng đúng rồi ạ em đặt cách một tháng mà chưa thấy,work,2,unusable,user6,2026-05-25T10:13:23.637900+00:00,0,/kaggle/working/asr_quality_classifier/data/audio/data2/50012120251103174734_004_5bf83851-184e-4926-a830-6e7a0dc055d0/clone3.wav,0,1,0.7421428571428571,False Positive,0.7421428571428571
user6,50006020251101182308_007_4e5817b2-9ea0-43fb-a8c7-d2258b891498/clone5.wav,50006020251101182308_007_4e5817b2-9ea0-43fb-a8c7-d2258b891498,clone5.wav,"vâng, anh chờ thêm anh chỉ cần biết kết quả vấn đề của mình thôi còn vấn đề xử lý thì để bên em tự xử lý anh ạ ok, cảm ơn em nhé dạ vâng",work,2,unusable,user6,2026-05-26T04:07:26.987281+00:00,0,/kaggle/working/asr_quality_classifier/data/audio/data2/50006020251101182308_007_4e5817b2-9ea0-43fb-a8c7-d2258b891498/clone5.wav,0,1,0.7421428571428571,False Positive,0.7421428571428571
user7,50012420251107083424_004_2bec324e-e7bb-42a0-8b8c-65a2993df5ed/clone1.wav,50012420251107083424_004_2bec324e-e7bb-42a0-8b8c-65a2993df5ed,clone1.wav,"mình có chuyển sang cái vinfast anh khôi văn giang, đúng không chị? đúng rồi, anh ạ",work,2,unusable,user7,2026-05-25T08:44:59.558012+00:00,0,/kaggle/working/asr_quality_classifier/data/audio/data2/50012420251107083424_004_2bec324e-e7bb-42a0-8b8c-65a2993df5ed/clone1.wav,0,1,0.7421428571428571,False Positive,0.7421428571428571
user5,50012420251112183305_002_d62fc9a3-2b49-459f-84d9-0d914e045d18/clone5.wav,50012420251112183305_002_d62fc9a3-2b49-459f-84d9-0d914e045d18,clone5.wav,à dạ là về về ở xuân thông rồi anh?,work,2,unusable,user5,2026-05-25T05:22:28.037120+00:00,0,/kaggle/working/asr_quality_classifier/data/audio/data2/50012420251112183305_002_d62fc9a3-2b49-459f-84d9-0d914e045d18/clone5.wav,0,1,0.7421428571428571,False Positive,0.7421428571428571
user4,50006020251105095442_007_0d9c3ea1-df4a-4ca6-a1a9-cd3c92658de6/clone2.wav,50006020251105095442_007_0d9c3ea1-df4a-4ca6-a1a9-cd3c92658de6,clone2.wav,"dạ vâng, tài khoản này xuất căn cước công dân rồi để em thông tin tiếp theo với đại lý ạ",work,2,unusable,user4,2026-05-25T07:35:29.261703+00:00,0,/kaggle/working/asr_quality_classifier/data/audio/data2/50006020251105095442_007_0d9c3ea1-df4a-4ca6-a1a9-cd3c92658de6/clone2.wav,0,1,0.7421428571428571,False Positive,0.7421428571428571
user3,50006020251106110502_003_e7662805-dea2-4b8c-a8ec-0ccf69f4916f/clone3.wav,50006020251106110502_003_e7662805-dea2-4b8c-a8ec-0ccf69f4916f,clone3.wav,"dạ vâng ừm rồi rồi cảm ơn nha, rồi có gì liên hệ với mình dạ rồi dạ vâng, xin chào anh",work,2,unusable,user3,2026-05-25T05:24:25.895599+00:00,0,/kaggle/working/asr_quality_classifier/data/audio/data2/50006020251106110502_003_e7662805-dea2-4b8c-a8ec-0ccf69f4916f/clone3.wav,0,1,0.7421428571428571,False Positive,0.7421428571428571
user3,50006020251103122109_003_f5337896-39d8-413c-b309-1159e71caefc/clone8.wav,50006020251103122109_003_f5337896-39d8-413c-b309-1159e71caefc,clone8.wav,"thế chị hậu em liên hệ chốt xưởng dịch vụ ở chỗ đoạn sát đường năm mà ở chỗ ô-sần pác đi sang ấy cho em xin số được không? không thì bảo bên đấy gọi cho em được không? thế là bây giờ anh đang yêu cầu cứu hộ cho bên nào? nếu mà anh yêu cầu cứu hộ thì bên em sẽ xử lý đến cho anh, còn nếu mà anh có xử lý nếu mà xe vẫn có thể di chuyển được thì em sẽ qua xưởng dịch vụ để làm việc trực tiếp ok thế được rồi để em sang dịch vụ cũng được bởi vì là",work,2,unusable,user3,2026-05-25T07:10:31.300098+00:00,0,/kaggle/working/asr_quality_classifier/data/audio/data2/50006020251103122109_003_f5337896-39d8-413c-b309-1159e71caefc/clone8.wav,0,1,0.7421428571428571,False Positive,0.7421428571428571
user6,50011420251104144041_001_8f7661c9-bd1c-4758-b292-c80ae99eed73/clone7.wav,50011420251104144041_001_8f7661c9-bd1c-4758-b292-c80ae99eed73,clone7.wav,"a-lô? anh anh hải ơi, em là bên tổng đài tổng đài vinfast vinfast ấy ạ anh ơi, em muốn liên hệ một chút trước đó anh có phản ánh vấn đề anh có mua cái bộ sạc sáu phẩy năm triệu đồng thì thông tin trước đó em bên nhà phân phối có liên hệ là mời anh qua để nhận lại số tiền là sạc đúng không ạ? nhưng mà từ thời điểm đấy đến giờ là các bạn vẫn chưa trả lại tiền cho anh ạ? vâng, từ đấy đến giờ mình chưa thấy chưa thấy thông tin gì nữa như vậy từ ngày đấy là không được nhà phân phối liên hệ lại anh có qua nhà phân phối không?",work,2,unusable,user6,2026-05-25T07:50:18.248543+00:00,0,/kaggle/working/asr_quality_classifier/data/audio/data2/50011420251104144041_001_8f7661c9-bd1c-4758-b292-c80ae99eed73/clone7.wav,0,1,0.7421428571428571,False Positive,0.7421428571428571
user2,50011120251112152335_005_30126d07-e6ef-419a-ac7e-fd28a29cb98d/clone3.wav,50011120251112152335_005_30126d07-e6ef-419a-ac7e-fd28a29cb98d,clone3.wav,vậy không có xóa bỏ tình trạng thuê thuê pin hả? tức là cho thuê luôn hả? không có hả? sao? cái này thì hiện tại thì chính sách là bây giờ khách hàng vẫn đang thuê pin ờ như bình thường anh ạ,work,2,unusable,user2,2026-05-25T04:56:34.889939+00:00,0,/kaggle/working/asr_quality_classifier/data/audio/data2/50011120251112152335_005_30126d07-e6ef-419a-ac7e-fd28a29cb98d/clone3.wav,0,1,0.7421428571428571,False Positive,0.7421428571428571
user5,50011120251112152335_008_3d63b730-f268-47a7-8da9-062fe75ac4c3/clone8.wav,50011120251112152335_008_3d63b730-f268-47a7-8da9-062fe75ac4c3,clone8.wav,vậy là không phải là là bỏ bỏ xóa bỏ cái tình trạng thuê pin mà tức là tức là đang tức là vinfast sẽ cho những xe nào đang có thuê pin có thuê pin là nó sẽ bỏ luôn sao? không không anh ạ còn như là sẽ vẫn hỗ trợ khách hàng thuê pin nhưng mà ờ vinfast hướng khách hàng sang mua pin là nhiều hơn anh ạ ừ hừ ừ,work,2,unusable,user5,2026-05-25T09:07:28.517606+00:00,0,/kaggle/working/asr_quality_classifier/data/audio/data2/50011120251112152335_008_3d63b730-f268-47a7-8da9-062fe75ac4c3/clone8.wav,0,1,0.7421428571428571,False Positive,0.7421428571428571
user2,50006220251107193813_000_4084a42d-381b-4f93-919d-e97fbe2ea006/clone4.wav,50006220251107193813_000_4084a42d-381b-4f93-919d-e97fbe2ea006,clone4.wav,"alô ạ, em nghê từ tổng đài của vinfast ạ em chào mình gọi nhớ bên em nhé không biết anh cần em hỗ trợ gì không anh ạ?",work,2,unusable,user2,2026-05-25T08:52:36.460909+00:00,0,/kaggle/working/asr_quality_classifier/data/audio/data2/50006220251107193813_000_4084a42d-381b-4f93-919d-e97fbe2ea006/clone4.wav,0,1,0.7421428571428571,False Positive,0.7421428571428571
user1,50006220251107203432_001_836b858e-c45d-4db5-91df-fbfe9fc5cd67/clone1.wav,50006220251107203432_001_836b858e-c45d-4db5-91df-fbfe9fc5cd67,clone1.wav,"cái xe bị bị xẹp lốp á rồi không có thể đi đi được rồi gọi cứu hộ à vâng ạ bây giờ bây giờ em mở cứu hộ cho mình nhá à gọi cứu hộ nó đang ở vị trí là nguyễn lương bằng với cái trần hữu lầu á, ngay ngã tư đó luôn nguyễn lương bằng và trần hữu lầu đúng không ạ? ở đâu anh nhỉ? ở phường nào ạ? quận bảy, quận bảy",work,2,unusable,user1,2026-05-26T03:08:49.879190+00:00,0,/kaggle/working/asr_quality_classifier/data/audio/data2/50006220251107203432_001_836b858e-c45d-4db5-91df-fbfe9fc5cd67/clone1.wav,0,1,0.7421428571428571,False Positive,0.7421428571428571
user1,50006220251106152700_004_ae09e54d-6766-4a89-9d19-7d8318a6d2ae/clone5.wav,50006220251106152700_004_ae09e54d-6766-4a89-9d19-7d8318a6d2ae,clone5.wav,"cái ưu ưu đãi của tập đoàn này không? ờ, anh gọi anh mua xe bằng số nào? em thấy số này có thông tin xe đâu ý nhỉ? anh mua chín triệu bảy trăm chín mươi lăm nghìn sáu trăm năm mươi tám anh mua ở trong nghệ an chín trăm bảy mươi chín nghìn năm trăm tám mươi mốt à? năm nghìn năm trăm sáu mươi mốt dạ vâng ạ bốn trăm năm mươi tám bốn trăm năm mươi tám, vâng anh sẽ check thông tin kiểm tra nhá",work,2,unusable,user1,2026-05-26T04:01:36.311608+00:00,0,/kaggle/working/asr_quality_classifier/data/audio/data2/50006220251106152700_004_ae09e54d-6766-4a89-9d19-7d8318a6d2ae/clone5.wav,0,1,0.7421428571428571,False Positive,0.7421428571428571
user5,50009020251103180555_001_f4faf94d-d6f2-446b-af51-a2b01e9334a2/clone2.wav,50009020251103180555_001_f4faf94d-d6f2-446b-af51-a2b01e9334a2,clone2.wav,"ờ, anh giữ máy giùm em chút em kiểm tra nhé ừ",work,2,unusable,user5,2026-05-25T05:26:23.192612+00:00,0,/kaggle/working/asr_quality_classifier/data/audio/data2/50009020251103180555_001_f4faf94d-d6f2-446b-af51-a2b01e9334a2/clone2.wav,0,1,0.7421428571428571,False Positive,0.7421428571428571
user4,50009020251103181738_001_faf18d1b-a267-4447-bf9b-ee222aa3d736/clone4.wav,50009020251103181738_001_faf18d1b-a267-4447-bf9b-ee222aa3d736,clone4.wav,"em, cho em hỏi sao cái xe điện vinfast của con chị á từ ngày ngày ba mươi tháng mười tới giờ nó ngừng nó không có định vị nó không có hành trình nè xe vậy?",work,2,unusable,user4,2026-05-25T08:56:34.460657+00:00,0,/kaggle/working/asr_quality_classifier/data/audio/data2/50009020251103181738_001_faf18d1b-a267-4447-bf9b-ee222aa3d736/clone4.wav,0,1,0.7421428571428571,False Positive,0.7421428571428571
user6,50009020251103181738_007_3ac4b091-b8d1-4ed2-8891-d0c3f9b9df0a/clone2.wav,50009020251103181738_007_3ac4b091-b8d1-4ed2-8891-d0c3f9b9df0a,clone2.wav,"mình là pin thuê sau đó sau sau đó chuyển sang pin mua hay là mua từ đầu? đúng rồi, chị pin thuê xong chị chuyển sang pin mua à vâng sau khi mà chuyển đổi sang pin mua nếu mà mình muốn tiếp tục kết nối với xe và áp kiểm tra định vị trên áp ấy thì mình sẽ cần phải mua thêm gói esim chị ạ gói esim thì là một trăm năm mươi sáu nghìn đồng một năm thì là sau khi mua mua pin ấy chị đã có mua gói này chưa? chưa chị chỗ bán nó đâu có nói chị đâu vâng, cái này em rất là tiếc có thể bên đại lý các bạn ấy chưa tư vấn cái này cho mình em cũng rất là xin lỗi chị thì bây giờ mình có thể qua bên đại lý các bạn ấy hỗ trợ đăng ký gói cho mình thì là một trăm năm mươi sáu nghìn đồng một năm sau khi đăng ký xong thì sẽ khoảng tầm mười ngày thì à",work,2,unusable,user6,2026-05-26T04:14:38.554837+00:00,0,/kaggle/working/asr_quality_classifier/data/audio/data2/50009020251103181738_007_3ac4b091-b8d1-4ed2-8891-d0c3f9b9df0a/clone2.wav,0,1,0.7421428571428571,False Positive,0.7421428571428571
user6,50009020251112105311_004_740db782-7f20-493d-a4c6-cd08b1439d26/clone6.wav,50009020251112105311_004_740db782-7f20-493d-a4c6-cd08b1439d26,clone6.wav,"xe đạp điện xe gì? xe gì ạ chị? xe đạp điện em ạ xe bên em có nhiều xe ạ? vâng, tên xe",work,2,unusable,user6,2026-05-25T10:05:33.484537+00:00,0,/kaggle/working/asr_quality_classifier/data/audio/data2/50009020251112105311_004_740db782-7f20-493d-a4c6-cd08b1439d26/clone6.wav,0,1,0.7421428571428571,False Positive,0.7421428571428571
user3,50009020251112105311_008_e69477ab-23f8-4da5-93f5-adee0b5649ce/clone3.wav,50009020251112105311_008_e69477ab-23f8-4da5-93f5-adee0b5649ce,clone3.wav,ba mươi hai nghìn một trăm ba mươi tám ba mươi hai nghìn một trăm ba mươi tám dạ vâng ờ c impes chị có đăng ký chưa? chị đăng ký mua esim chưa?,work,2,unusable,user3,2026-05-25T08:06:01.301201+00:00,0,/kaggle/working/asr_quality_classifier/data/audio/data2/50009020251112105311_008_e69477ab-23f8-4da5-93f5-adee0b5649ce/clone3.wav,0,1,0.7421428571428571,False Positive,0.7421428571428571
user6,50009020251112105311_008_e69477ab-23f8-4da5-93f5-adee0b5649ce/clone4.wav,50009020251112105311_008_e69477ab-23f8-4da5-93f5-adee0b5649ce,clone4.wav,ba mươi hai nghìn một trăm ba mươi tám ba mươi hai nghìn một trăm ba mươi tám dạ vâng ờ c impes chị có đăng ký chưa? chị đăng ký mua esim chưa?,work,2,unusable,user6,2026-05-25T07:45:06.450474+00:00,0,/kaggle/working/asr_quality_classifier/data/audio/data2/50009020251112105311_008_e69477ab-23f8-4da5-93f5-adee0b5649ce/clone4.wav,0,1,0.7421428571428571,False Positive,0.7421428571428571
user5,50009020251108202434_005_2998745d-007e-45e8-9b64-08dccae6bc80/clone4.wav,50009020251108202434_005_2998745d-007e-45e8-9b64-08dccae6bc80,clone4.wav,trong i-meo chị là bên em có hướng dẫn cho mình mình cần phải,work,2,unusable,user5,2026-05-25T09:34:41.586918+00:00,0,/kaggle/working/asr_quality_classifier/data/audio/data2/50009020251108202434_005_2998745d-007e-45e8-9b64-08dccae6bc80/clone4.wav,0,1,0.7421428571428571,False Positive,0.7421428571428571
user5,50009120251110113027_009_a0eda807-8548-4982-99c6-551b0076b597/clone6.wav,50009120251110113027_009_a0eda807-8548-4982-99c6-551b0076b597,clone6.wav,số nào anh? dạ anh vui lòng ghi lại giúp em ạ,work,2,unusable,user5,2026-05-25T07:36:38.174920+00:00,0,/kaggle/working/asr_quality_classifier/data/audio/data2/50009120251110113027_009_a0eda807-8548-4982-99c6-551b0076b597/clone6.wav,0,1,0.7421428571428571,False Positive,0.7421428571428571
user5,50007420251110154830_001_c950970b-b4aa-43d0-8152-6f7fd3b05349/clone2.wav,50007420251110154830_001_c950970b-b4aa-43d0-8152-6f7fd3b05349,clone2.wav,thì hôm nọ là đẩy đơn về rồi em mua xe rồi thế cả em chưa được nhận cái một cái đơn gì mà để hoàn lại hai triệu tiền cọc ấy chị nhớ là cái gì nhỉ?,work,2,unusable,user5,2026-05-26T03:23:53.397143+00:00,0,/kaggle/working/asr_quality_classifier/data/audio/data2/50007420251110154830_001_c950970b-b4aa-43d0-8152-6f7fd3b05349/clone2.wav,0,1,0.7421428571428571,False Positive,0.7421428571428571
user3,50007420251110154830_001_c950970b-b4aa-43d0-8152-6f7fd3b05349/clone6.wav,50007420251110154830_001_c950970b-b4aa-43d0-8152-6f7fd3b05349,clone6.wav,thì hôm nọ là đẩy đơn về rồi em mua xe rồi thế cả em chưa được nhận cái một cái đơn gì mà để hoàn lại hai triệu tiền cọc ấy chị nhớ là cái gì nhỉ?,work,2,unusable,user3,2026-05-26T03:12:03.290137+00:00,0,/kaggle/working/asr_quality_classifier/data/audio/data2/50007420251110154830_001_c950970b-b4aa-43d0-8152-6f7fd3b05349/clone6.wav,0,1,0.7421428571428571,False Positive,0.7421428571428571
user4,50007420251104091739_000_f3973683-3e83-495d-94db-c799d0c87405/clone1.wav,50007420251104091739_000_f3973683-3e83-495d-94db-c799d0c87405,clone1.wav,a-lô em chào anh gọi bên tổng đài vinfast anh ạ em thấy mình có cuộc gọi nhỡ lên tổng đài anh cần hỗ trợ vấn đề gì ạ? ừ anh hôm nay,work,2,unusable,user4,2026-05-26T02:00:42.291829+00:00,0,/kaggle/working/asr_quality_classifier/data/audio/data2/50007420251104091739_000_f3973683-3e83-495d-94db-c799d0c87405/clone1.wav,0,1,0.7421428571428571,False Positive,0.7421428571428571
user6,50007420251104091739_000_f3973683-3e83-495d-94db-c799d0c87405/clone7.wav,50007420251104091739_000_f3973683-3e83-495d-94db-c799d0c87405,clone7.wav,a-lô em chào anh gọi bên tổng đài vinfast anh ạ em thấy mình có cuộc gọi nhỡ lên tổng đài anh cần hỗ trợ vấn đề gì ạ? ừ anh hôm nay,work,2,unusable,user6,2026-05-26T03:46:15.609966+00:00,0,/kaggle/working/asr_quality_classifier/data/audio/data2/50007420251104091739_000_f3973683-3e83-495d-94db-c799d0c87405/clone7.wav,0,1,0.7421428571428571,False Positive,0.7421428571428571
user6,50007420251104091739_002_230acb62-6969-450d-a450-ac9bf51b7b62/clone8.wav,50007420251104091739_002_230acb62-6969-450d-a450-ac9bf51b7b62,clone8.wav,thế ở kiến an đại lý vinfast để ạ? kiến an hả anh?,work,2,unusable,user6,2026-05-26T04:24:25.716380+00:00,0,/kaggle/working/asr_quality_classifier/data/audio/data2/50007420251104091739_002_230acb62-6969-450d-a450-ac9bf51b7b62/clone8.wav,0,1,0.7421428571428571,False Positive,0.7421428571428571
user4,50013320251102131748_004_744aa0f2-00e3-4987-8a3c-3c830b5b13c4/clone3.wav,50013320251102131748_004_744aa0f2-00e3-4987-8a3c-3c830b5b13c4,clone3.wav,"vâng, tức là anh đánh bây giờ anh cần cái bản cứng đúng không anh?",work,2,unusable,user4,2026-05-25T08:53:27.529107+00:00,0,/kaggle/working/asr_quality_classifier/data/audio/data2/50013320251102131748_004_744aa0f2-00e3-4987-8a3c-3c830b5b13c4/clone3.wav,0,1,0.7421428571428571,False Positive,0.7421428571428571
user5,50013220251112164654_001_110add60-18bc-46f8-aca5-d5743aa92e57/clone3.wav,50013220251112164654_001_110add60-18bc-46f8-aca5-d5743aa92e57,clone3.wav,ờ sanco ở bình tân ấy vâng,work,2,unusable,user5,2026-05-25T05:16:08.476814+00:00,0,/kaggle/working/asr_quality_classifier/data/audio/data2/50013220251112164654_001_110add60-18bc-46f8-aca5-d5743aa92e57/clone3.wav,0,1,0.7421428571428571,False Positive,0.7421428571428571
user6,50013220251110114055_007_f33b23f8-8f0c-428c-ad9d-27c531c4196b/clone3.wav,50013220251110114055_007_f33b23f8-8f0c-428c-ad9d-27c531c4196b,clone3.wav,thông tin này số điện thoại là của anh tuấn đấy đúng không ạ? anh tuấn đúng rồi vê ép tám đấy thì thông tin này của anh tuấn thì mình gọi lên lúc mười giờ ba mươi chín phút ấy hiện tại là bên phía bộ phận bên em đang chuyển lại cho bên phía bộ phận quản lý cấp cao hơn để các các anh chị có thể cập nhật thông tin và có hướng xử lý cho mình rồi anh ạ thì bây giờ anh vui lòng chờ thêm để các bạn ấy làm việc lại và khi có thông tin các bạn sẽ phản hồi lại về cái phương án kết quả xử lý cho mình anh ạ ừ ok,work,2,unusable,user6,2026-05-25T09:49:55.951276+00:00,0,/kaggle/working/asr_quality_classifier/data/audio/data2/50013220251110114055_007_f33b23f8-8f0c-428c-ad9d-27c531c4196b/clone3.wav,0,1,0.7421428571428571,False Positive,0.7421428571428571
user6,50011020251102105900_005_4d4f5164-51f6-4446-a9ad-6f6b5ead0558/clone6.wav,50011020251102105900_005_4d4f5164-51f6-4446-a9ad-6f6b5ead0558,clone6.wav,thế nhưng mà đơn này thì sẽ đẩy đẩy đẩy đẩy bao giờ thì chị sẽ được nhận nhỉ? tại chị không nhận được một luồng mêu nào là các em xử lý luôn,work,2,unusable,user6,2026-05-25T09:12:29.297772+00:00,0,/kaggle/working/asr_quality_classifier/data/audio/data2/50011020251102105900_005_4d4f5164-51f6-4446-a9ad-6f6b5ead0558/clone6.wav,0,1,0.7421428571428571,False Positive,0.7421428571428571
user6,50010820251112093813_005_68ec0850-3de8-4d7e-b3bc-998d24a6afc7/clone8.wav,50010820251112093813_005_68ec0850-3de8-4d7e-b3bc-998d24a6afc7,clone8.wav,à đấy là số xim chắc là xim xim xim xim xim nữa rồi rồi rồi ok gọi lại nhá dạ,work,2,unusable,user6,2026-05-25T07:16:38.624840+00:00,0,/kaggle/working/asr_quality_classifier/data/audio/data2/50010820251112093813_005_68ec0850-3de8-4d7e-b3bc-998d24a6afc7/clone8.wav,0,1,0.7421428571428571,False Positive,0.7421428571428571
user5,50010820251109133419_007_82c33dbb-2523-4866-a86e-ae4b86e88bb6/clone3.wav,50010820251109133419_007_82c33dbb-2523-4866-a86e-ae4b86e88bb6,clone3.wav,anh ở quận mười hai đấy ạ? đúng rồi quận mười hai thì bên em có và một vài đại lý ở quận mười hai đấy anh có thể qua giúp em số bảy mươi sáua lê văn khương,work,2,unusable,user5,2026-05-25T07:50:20.501588+00:00,0,/kaggle/working/asr_quality_classifier/data/audio/data2/50010820251109133419_007_82c33dbb-2523-4866-a86e-ae4b86e88bb6/clone3.wav,0,1,0.7421428571428571,False Positive,0.7421428571428571
user5,50006520251108201125_000_ffd1fa7b-f8e4-4e75-a244-2fdaa32e05ac/clone1.wav,50006520251108201125_000_ffd1fa7b-f8e4-4e75-a244-2fdaa32e05ac,clone1.wav,"a-lô, a-lô em chào chị gọi lại chị từ bên vinfast cho em thấy chị có cuộc gọi nhỡ lên tổng đài không biết mình đang cần hỗ trợ gì ạ?",work,2,unusable,user5,2026-05-26T04:44:54.811155+00:00,0,/kaggle/working/asr_quality_classifier/data/audio/data2/50006520251108201125_000_ffd1fa7b-f8e4-4e75-a244-2fdaa32e05ac/clone1.wav,0,1,0.7421428571428571,False Positive,0.7421428571428571
user5,50006520251108201125_007_e2bdace5-e116-4b74-9b27-6201efa8c9e2/clone3.wav,50006520251108201125_007_e2bdace5-e116-4b74-9b27-6201efa8c9e2,clone3.wav,chị trần đăng đạo ở bắc ninh ấy,work,2,unusable,user5,2026-05-26T03:40:54.998353+00:00,0,/kaggle/working/asr_quality_classifier/data/audio/data2/50006520251108201125_007_e2bdace5-e116-4b74-9b27-6201efa8c9e2/clone3.wav,0,1,0.7421428571428571,False Positive,0.7421428571428571
user1,50006520251103124102_006_587ba8f0-7d22-4ff3-8156-d703ac8b59b8/clone3.wav,50006520251103124102_006_587ba8f0-7d22-4ff3-8156-d703ac8b59b8,clone3.wav,rẻ hơn chứ nhỉ? tại vì khấu hao thì càng ngày càng ấy đi mà vâng thì thì có thể là giá nó sẽ được mềm hơn một xíu nhưng mà chị phải mang qua đại lý thì các bạn ấy mới báo được cái giá chính xác nhất đến chị tại thời điểm này chị ạ ừm ừm vâng ok thì chị đã có số của đại lý bên địa chỉ của đại lý gần nhất chưa? ừm rồi về em nha dạ vâng vâng ạ cảm ơn chị chào chị,work,2,unusable,user1,2026-05-25T08:26:16.827610+00:00,0,/kaggle/working/asr_quality_classifier/data/audio/data2/50006520251103124102_006_587ba8f0-7d22-4ff3-8156-d703ac8b59b8/clone3.wav,0,1,0.7421428571428571,False Positive,0.7421428571428571
user1,50006220251112110457_003_bacc1c9b-5f5d-433a-9469-cd5e1bfbc54d/clone6.wav,50006220251112110457_003_bacc1c9b-5f5d-433a-9469-cd5e1bfbc54d,clone6.wav,ủa esim nó là đang hết hạn rồi hả em? esim đấy thì nó sẽ giá là một trăm năm mươi sáu nghìn đồng một năm chị ạ thì mình đã mua lâu chưa?,work,2,unusable,user1,2026-05-25T09:39:43.549861+00:00,0,/kaggle/working/asr_quality_classifier/data/audio/data2/50006220251112110457_003_bacc1c9b-5f5d-433a-9469-cd5e1bfbc54d/clone6.wav,0,1,0.7421428571428571,False Positive,0.7421428571428571
user6,50006220251112110457_008_631f75d6-25dd-4f07-8d6b-443814d0fbf9/clone4.wav,50006220251112110457_008_631f75d6-25dd-4f07-8d6b-443814d0fbf9,clone4.wav,ờ okay anh rồi em chào chị mình phải xong rồi nó đúng là,work,2,unusable,user6,2026-05-25T09:41:12.922683+00:00,0,/kaggle/working/asr_quality_classifier/data/audio/data2/50006220251112110457_008_631f75d6-25dd-4f07-8d6b-443814d0fbf9/clone4.wav,0,1,0.7421428571428571,False Positive,0.7421428571428571
user6,50011020251107183718_011_fd350ad4-adb8-42a1-8bab-351d3c00c4e3/clone1.wav,50011020251107183718_011_fd350ad4-adb8-42a1-8bab-351d3c00c4e3,clone1.wav,"ok tám trăm ba mươi chín sáu trăm ba mươi chín sáu trăm hai mươi chín dạ vâng đúng rồi anh ạ dạ em liên hệ với xưởng để được hỗ trợ anh nhá tí em cảm ơn nhá dạ vâng em cảm ơn anh, em chào anh ạ",work,2,unusable,user6,2026-05-25T09:38:51.873262+00:00,0,/kaggle/working/asr_quality_classifier/data/audio/data2/50011020251107183718_011_fd350ad4-adb8-42a1-8bab-351d3c00c4e3/clone1.wav,0,1,0.7421428571428571,False Positive,0.7421428571428571
user3,50011020251105111350_001_5baa2275-5b82-45a3-ac07-2f79846bdcea/clone6.wav,50011020251105111350_001_5baa2275-5b82-45a3-ac07-2f79846bdcea,clone6.wav,"ngày hôm qua em cũng gọi tổng đài anh rồi, bảo anh nhờ bên tổng đài báo với bên xưởng lệ mẫn để cập nhật cái phần mềm xe cho",work,2,unusable,user3,2026-05-25T07:16:58.147051+00:00,0,/kaggle/working/asr_quality_classifier/data/audio/data2/50011020251105111350_001_5baa2275-5b82-45a3-ac07-2f79846bdcea/clone6.wav,0,1,0.7421428571428571,False Positive,0.7421428571428571
user6,50011020251105111350_013_ea3857e5-1392-4520-a93b-424e73f3f062/clone7.wav,50011020251105111350_013_ea3857e5-1392-4520-a93b-424e73f3f062,clone7.wav,"dạ, số số này em có rồi em em em có em có số này rồi dạ vâng, có gì mình gọi thử cho xưởng giúp em nhá bên em đã gửi thông tin cho xưởng rồi đấy ạ",work,2,unusable,user6,2026-05-25T08:10:08.491240+00:00,0,/kaggle/working/asr_quality_classifier/data/audio/data2/50011020251105111350_013_ea3857e5-1392-4520-a93b-424e73f3f062/clone7.wav,0,1,0.7421428571428571,False Positive,0.7421428571428571
user1,50011020251107182750_005_97281928-d859-4abd-9e44-18feb60624b4/clone6.wav,50011020251107182750_005_97281928-d859-4abd-9e44-18feb60624b4,clone6.wav,à em có xe họ đang bán như thế nào? họ đang báo là có xe rồi thế nhưng mà họ đang,work,2,unusable,user1,2026-05-26T04:39:31.448836+00:00,0,/kaggle/working/asr_quality_classifier/data/audio/data2/50011020251107182750_005_97281928-d859-4abd-9e44-18feb60624b4/clone6.wav,0,1,0.7421428571428571,False Positive,0.7421428571428571
user6,50011020251114131921_002_7d0527a5-39b3-42e9-8484-12116c5bb72e/clone8.wav,50011020251114131921_002_7d0527a5-39b3-42e9-8484-12116c5bb72e,clone8.wav,thế à? thế nếu mà bên đài tư thì nó bên bên phạm văn đồng thì nó có kéo về bên đài tư không? không anh ạ nó sẽ còn tùy thuộc vào bên liên kết nữa ấy anh thử báo bên đội xem xem nào có thể kéo xe về xưởng dịch vụ khác được không?,work,2,unusable,user6,2026-05-25T08:33:57.676160+00:00,0,/kaggle/working/asr_quality_classifier/data/audio/data2/50011020251114131921_002_7d0527a5-39b3-42e9-8484-12116c5bb72e/clone8.wav,0,1,0.7421428571428571,False Positive,0.7421428571428571
user1,50006220251112110457_008_631f75d6-25dd-4f07-8d6b-443814d0fbf9/clone6.wav,50006220251112110457_008_631f75d6-25dd-4f07-8d6b-443814d0fbf9,clone6.wav,ờ okay anh rồi em chào chị mình phải xong rồi nó đúng là,work,2,unusable,user1,2026-05-25T09:24:16.352362+00:00,0,/kaggle/working/asr_quality_classifier/data/audio/data2/50006220251112110457_008_631f75d6-25dd-4f07-8d6b-443814d0fbf9/clone6.wav,0,1,0.7421428571428571,False Positive,0.7421428571428571
user5,50006420251101175245_002_6e84fa8f-3a56-4566-b964-ad2bbc0800a5/clone7.wav,50006420251101175245_002_6e84fa8f-3a56-4566-b964-ad2bbc0800a5,clone7.wav,gì nhỉ? nạp ắc quy cho chị một lần rồi ấy thì các bạn ấy báo là chị cứ để xe khởi động ở đấy ấy một tiếng sau chị quay lại ấy nhưng mà nó lại lại bị tiếp em ạ chị xuống thì bây giờ lại không mở được xe rồi,work,2,unusable,user5,2026-05-25T08:41:23.368421+00:00,0,/kaggle/working/asr_quality_classifier/data/audio/data2/50006420251101175245_002_6e84fa8f-3a56-4566-b964-ad2bbc0800a5/clone7.wav,0,1,0.7421428571428571,False Positive,0.7421428571428571
user1,50012120251110111813_002_82dc5a6f-4e73-43a4-b05f-d163a7953239/clone3.wav,50012120251110111813_002_82dc5a6f-4e73-43a4-b05f-d163a7953239,clone3.wav,ê-vô rang á chị bây giờ ở bây giờ em đi làm thì chạy xe nó hao quá chị cho em nhận sớm được không?,work,2,unusable,user1,2026-05-26T04:33:52.251979+00:00,0,/kaggle/working/asr_quality_classifier/data/audio/data2/50012120251110111813_002_82dc5a6f-4e73-43a4-b05f-d163a7953239/clone3.wav,0,1,0.7421428571428571,False Positive,0.7421428571428571
user1,50012120251110111813_002_82dc5a6f-4e73-43a4-b05f-d163a7953239/clone8.wav,50012120251110111813_002_82dc5a6f-4e73-43a4-b05f-d163a7953239,clone8.wav,ê-vô rang á chị bây giờ ở bây giờ em đi làm thì chạy xe nó hao quá chị cho em nhận sớm được không?,work,2,unusable,user1,2026-05-26T01:57:33.506288+00:00,0,/kaggle/working/asr_quality_classifier/data/audio/data2/50012120251110111813_002_82dc5a6f-4e73-43a4-b05f-d163a7953239/clone8.wav,0,1,0.7421428571428571,False Positive,0.7421428571428571
user3,50011020251114131921_002_7d0527a5-39b3-42e9-8484-12116c5bb72e/clone6.wav,50011020251114131921_002_7d0527a5-39b3-42e9-8484-12116c5bb72e,clone6.wav,thế à? thế nếu mà bên đài tư thì nó bên bên phạm văn đồng thì nó có kéo về bên đài tư không? không anh ạ nó sẽ còn tùy thuộc vào bên liên kết nữa ấy anh thử báo bên đội xem xem nào có thể kéo xe về xưởng dịch vụ khác được không?,work,2,unusable,user3,2026-05-26T04:19:39.440624+00:00,0,/kaggle/working/asr_quality_classifier/data/audio/data2/50011020251114131921_002_7d0527a5-39b3-42e9-8484-12116c5bb72e/clone6.wav,0,1,0.7421428571428571,False Positive,0.7421428571428571
user7,50000820251111164535_005_24b338d1-0a23-4537-997e-1bbacb27894a/clone2.wav,50000820251111164535_005_24b338d1-0a23-4537-997e-1bbacb27894a,clone2.wav,cứ báo giúp anh cái vì là cái lỗi cơ bản thì anh cũng đã thử rồi nó cũng được dạ vâng vâng để em báo bên phía xưởng dịch vụ các bạn ý liên hệ hỗ trợ mình anh ạ rồi rồi ok anh dạ vâng tầm mười phút nữa các bạn ý quay lại cho anh vào số này nhá rồi rồi ok anh dạ vâng vâng cảm ơn anh vâng ạ ừ,work,2,unusable,user7,2026-05-25T07:31:44.570085+00:00,0,/kaggle/working/asr_quality_classifier/data/audio/data2/50000820251111164535_005_24b338d1-0a23-4537-997e-1bbacb27894a/clone2.wav,0,1,0.7421428571428571,False Positive,0.7421428571428571
user1,50000820251102095414_008_7ca35176-e070-4755-a73a-0abbe66547fa/clone8.wav,50000820251102095414_008_7ca35176-e070-4755-a73a-0abbe66547fa,clone8.wav,"dạ vâng, cái này thì còn tùy khách hàng nữa anh nhá à thế à, rồi anh cảm ơn dạ vâng vâng, chào anh ờ, cảm ơn anh anh chào anh nhá",work,2,unusable,user1,2026-05-26T03:09:10.796458+00:00,0,/kaggle/working/asr_quality_classifier/data/audio/data2/50000820251102095414_008_7ca35176-e070-4755-a73a-0abbe66547fa/clone8.wav,0,1,0.7421428571428571,False Positive,0.7421428571428571
user5,50013320251103231651_001_8caf11d2-e2c6-4174-b105-e4bdccd8f98f/clone3.wav,50013320251103231651_001_8caf11d2-e2c6-4174-b105-e4bdccd8f98f,clone3.wav,"ờ nhưng mà có nhanh không? ờ cái này thì em phải báo với xưởng, xưởng báo với cứu hộ liên hệ cho anh ạ còn về thời gian thì cứu hộ sẽ chủ động gọi lại luôn cho anh ạ ờ rồi anh cảm ơn anh cho em xin lại biển số xe với ạ 29e sáu nghìn bốn trăm năm mươi tư sáu nghìn bốn trăm năm mươi tư ạ xe hết pin đúng không anh? ờ xe hết pin bao nhiêu kim ngưu anh nhỉ? ờ sáu mươi lăm kim ngưu sáu mươi lăm kim ngưu ạ",work,2,unusable,user5,2026-05-25T08:17:59.872082+00:00,0,/kaggle/working/asr_quality_classifier/data/audio/data2/50013320251103231651_001_8caf11d2-e2c6-4174-b105-e4bdccd8f98f/clone3.wav,0,1,0.7421428571428571,False Positive,0.7421428571428571
user1,50013320251103231651_001_8caf11d2-e2c6-4174-b105-e4bdccd8f98f/clone5.wav,50013320251103231651_001_8caf11d2-e2c6-4174-b105-e4bdccd8f98f,clone5.wav,"ờ nhưng mà có nhanh không? ờ cái này thì em phải báo với xưởng, xưởng báo với cứu hộ liên hệ cho anh ạ còn về thời gian thì cứu hộ sẽ chủ động gọi lại luôn cho anh ạ ờ rồi anh cảm ơn anh cho em xin lại biển số xe với ạ 29e sáu nghìn bốn trăm năm mươi tư sáu nghìn bốn trăm năm mươi tư ạ xe hết pin đúng không anh? ờ xe hết pin bao nhiêu kim ngưu anh nhỉ? ờ sáu mươi lăm kim ngưu sáu mươi lăm kim ngưu ạ",work,2,unusable,user1,2026-05-26T04:11:48.745455+00:00,0,/kaggle/working/asr_quality_classifier/data/audio/data2/50013320251103231651_001_8caf11d2-e2c6-4174-b105-e4bdccd8f98f/clone5.wav,0,1,0.7421428571428571,False Positive,0.7421428571428571
user6,50013320251102163321_004_dc3ba801-fe7c-4ff6-994b-c0d548d285ad/clone5.wav,50013320251102163321_004_dc3ba801-fe7c-4ff6-994b-c0d548d285ad,clone5.wav,"anh tuyên đã có số điện thoại của bên cái xưởng tương lan chưa ạ? ờ mình có số rồi vâng vâng à nếu không như này anh cứ giúp em là mình để sang ngày mai là ngày làm việc của các đại lý anh a chủ động liên hệ lại anh báo là anh đã liên hệ tổng đài, tổng đài báo là đã được phê duyệt cái bảo hành rồi thì anh nhờ các bạn ấy phản hồi giúp em nhé vâng vâng vâng dạ dạ vâng thì có thể anh yên tâm nhé bởi vì bên bảo hành bên em đã phê duyệt rồi đấy anh ạ",work,2,unusable,user6,2026-05-25T09:53:52.923214+00:00,0,/kaggle/working/asr_quality_classifier/data/audio/data2/50013320251102163321_004_dc3ba801-fe7c-4ff6-994b-c0d548d285ad/clone5.wav,0,1,0.7421428571428571,False Positive,0.7421428571428571
user3,50009320251108135002_001_b9dec86b-2f56-47a9-b93c-4ca7569ae2e9/clone5.wav,50009320251108135002_001_b9dec86b-2f56-47a9-b93c-4ca7569ae2e9,clone5.wav,"a-lô dạ vâng, em chào anh em là bên chăm sóc khách hàng vinfast em thấy mình có cuộc gọi nhớ liên tục đài thì không biết là mình đang cần hỗ trợ vấn đề gì ạ? ờ, anh gọi điện anh hỏi cái",work,2,unusable,user3,2026-05-25T08:00:10.569510+00:00,0,/kaggle/working/asr_quality_classifier/data/audio/data2/50009320251108135002_001_b9dec86b-2f56-47a9-b93c-4ca7569ae2e9/clone5.wav,0,1,0.7421428571428571,False Positive,0.7421428571428571
user7,50009320251107103456_000_4eef1edf-f16c-444c-a95e-7d05de057439/clone1.wav,50009320251107103456_000_4eef1edf-f16c-444c-a95e-7d05de057439,clone1.wav,"a-lô a-lô dạ vâng, em chào anh thanh anh ơi, em là hiền, em gọi từ bên chăm sóc khách hàng vinfast em thấy mình có cuộc gọi nhỡ đến tổng đài, dạ không biết là mình đang cần hỗ trợ vấn đề gì ạ anh? à bạn ơi, mình mình điện lên hỏi ơi, mình muốn chuyển ơi ơi qua bên",work,2,unusable,user7,2026-05-25T07:43:39.452041+00:00,0,/kaggle/working/asr_quality_classifier/data/audio/data2/50009320251107103456_000_4eef1edf-f16c-444c-a95e-7d05de057439/clone1.wav,0,1,0.7421428571428571,False Positive,0.7421428571428571
user6,50009320251107103456_000_4eef1edf-f16c-444c-a95e-7d05de057439/clone6.wav,50009320251107103456_000_4eef1edf-f16c-444c-a95e-7d05de057439,clone6.wav,"a-lô a-lô dạ vâng, em chào anh thanh anh ơi, em là hiền, em gọi từ bên chăm sóc khách hàng vinfast em thấy mình có cuộc gọi nhỡ đến tổng đài, dạ không biết là mình đang cần hỗ trợ vấn đề gì ạ anh? à bạn ơi, mình mình điện lên hỏi ơi, mình muốn chuyển ơi ơi qua bên",work,2,unusable,user6,2026-05-26T04:11:12.452193+00:00,0,/kaggle/working/asr_quality_classifier/data/audio/data2/50009320251107103456_000_4eef1edf-f16c-444c-a95e-7d05de057439/clone6.wav,0,1,0.7421428571428571,False Positive,0.7421428571428571
user6,50000820251111115852_002_bba9c2fa-8c72-43c9-9a6c-494af333f1ff/clone6.wav,50000820251111115852_002_bba9c2fa-8c72-43c9-9a6c-494af333f1ff,clone6.wav,dạ vâng hiện tại là không khởi động được xe đúng không chị? ừ chị không khởi động được xe,work,2,unusable,user6,2026-05-25T07:26:07.148272+00:00,0,/kaggle/working/asr_quality_classifier/data/audio/data2/50000820251111115852_002_bba9c2fa-8c72-43c9-9a6c-494af333f1ff/clone6.wav,0,1,0.7421428571428571,False Positive,0.7421428571428571
user7,50007320251107204325_000_168f3a80-5837-41cb-a22f-e289dbaa2ad7/clone6.wav,50007320251107204325_000_168f3a80-5837-41cb-a22f-e289dbaa2ad7,clone6.wav,"[ a-lô em chào chị, em gọi từ tổng đài vinfast bên em thấy mình có cuộc gọi nhỡ của tổng đài bên em",work,2,unusable,user7,2026-05-25T07:23:15.911180+00:00,0,/kaggle/working/asr_quality_classifier/data/audio/data2/50007320251107204325_000_168f3a80-5837-41cb-a22f-e289dbaa2ad7/clone6.wav,0,1,0.7421428571428571,False Positive,0.7421428571428571
user3,50007320251107204325_001_f109ce6c-6d58-4852-8914-6cd01c9fa1fc/clone3.wav,50007320251107204325_001_f109ce6c-6d58-4852-8914-6cd01c9fa1fc,clone3.wav,"à em ơi, chị muốn a a nộp tiền cho cái e xim á",work,2,unusable,user3,2026-05-25T08:19:41.318867+00:00,0,/kaggle/working/asr_quality_classifier/data/audio/data2/50007320251107204325_001_f109ce6c-6d58-4852-8914-6cd01c9fa1fc/clone3.wav,0,1,0.7421428571428571,False Positive,0.7421428571428571
user1,50007320251108214936_004_97af75b5-534d-47d8-864a-42bec5638f34/clone3.wav,50007320251108214936_004_97af75b5-534d-47d8-864a-42bec5638f34,clone3.wav,anh bảo với cả bên chi nhánh vay ạ là ra làm việc lại với cả phía bên hội sở,work,2,unusable,user1,2026-05-25T09:13:43.429901+00:00,0,/kaggle/working/asr_quality_classifier/data/audio/data2/50007320251108214936_004_97af75b5-534d-47d8-864a-42bec5638f34/clone3.wav,0,1,0.7421428571428571,False Positive,0.7421428571428571
user3,50007320251107204325_000_168f3a80-5837-41cb-a22f-e289dbaa2ad7/clone4.wav,50007320251107204325_000_168f3a80-5837-41cb-a22f-e289dbaa2ad7,clone4.wav,"[ a-lô em chào chị, em gọi từ tổng đài vinfast bên em thấy mình có cuộc gọi nhỡ của tổng đài bên em",work,2,unusable,user3,2026-05-25T05:22:57.289142+00:00,0,/kaggle/working/asr_quality_classifier/data/audio/data2/50007320251107204325_000_168f3a80-5837-41cb-a22f-e289dbaa2ad7/clone4.wav,0,1,0.7421428571428571,False Positive,0.7421428571428571
user3,50009320251107103456_010_dbf7d83f-7196-497f-ad93-83821a5e1d6f/clone5.wav,50009320251107103456_010_dbf7d83f-7196-497f-ad93-83821a5e1d6f,clone5.wav,một trăm năm mươi tư,work,2,unusable,user3,2026-05-25T08:07:18.569828+00:00,0,/kaggle/working/asr_quality_classifier/data/audio/data2/50009320251107103456_010_dbf7d83f-7196-497f-ad93-83821a5e1d6f/clone5.wav,0,1,0.7421428571428571,False Positive,0.7421428571428571
user6,50009320251113185124_002_d1738e05-e3a5-47d5-b510-8961d22d6ba9/clone2.wav,50009320251113185124_002_d1738e05-e3a5-47d5-b510-8961d22d6ba9,clone2.wav,"nhận theo chế độ cán bộ nhân viên, đúng không? em thấy cái này hôm trước chị trang có gọi lên bên em rồi, đúng không, ạ? vâng em có hỏi cái anh đấy là xem cho em con cla-ra s với con vento s ấy, xem em có được ờ về không thì em sang em lấy xe luôn ấy, tại vì em sợ nó hết mà ừm, dạ vâng rồi, cái này thì bên em đang đợi bên phía quản lý vùng họ phê duyệt ờ họ phản hồi chị, ạ thì mình sẽ thông cảm mình đợi giúp em khi mà họ phản hồi xong thì bên em sẽ gọi lại cho chị trang luôn nhá ờ, hôm qua chị gọi lên thì bên em đã đã gửi ngay cho bên quản lý vùng rồi tuy nhiên là đang đợi họ phản hồi về cái trường hợp này, chị ạ vâng, ạ tại vì nếu mà muộn quá thì sợ lại bị sang lại hết xe như lần trước ấy lần trước cũng đặt về cái chỗ đấy thì chỗ đấy còn xe xong chuyển đơn xuống thì họ bảo mất xe rồi ừm, dạ vâng rồi, cái gì để em sẽ báo với bên em nhá vâng, ạ vâng, em cảm ơn chị dạ vâng, em cảm ơn chị em chào chị, ạ",work,2,unusable,user6,2026-05-26T03:12:25.441960+00:00,0,/kaggle/working/asr_quality_classifier/data/audio/data2/50009320251113185124_002_d1738e05-e3a5-47d5-b510-8961d22d6ba9/clone2.wav,0,1,0.7421428571428571,False Positive,0.7421428571428571
user1,50009320251110120936_003_320960e4-ddc6-4b30-9a64-c3397fc6c197/clone7.wav,50009320251110120936_003_320960e4-ddc6-4b30-9a64-c3397fc6c197,clone7.wav,ra đấy có phải đặt lịch trước không em nhỉ? anh có thể đặt vâng anh có thể đặt lịch trước để cho chắc chắn cũng được anh ạ à thì anh cứ tra em ừ đao-lốt về đúng không? vâng ok ok cảm ơn em ok cảm ơn em nhá ừ vâng không có gì em cảm ơn anh em chào anh ạ,work,2,unusable,user1,2026-05-25T08:08:17.837467+00:00,0,/kaggle/working/asr_quality_classifier/data/audio/data2/50009320251110120936_003_320960e4-ddc6-4b30-9a64-c3397fc6c197/clone7.wav,0,1,0.7421428571428571,False Positive,0.7421428571428571
user3,50013020251104165935_000_e201a936-4c5c-43bf-ab79-88184d380345/clone4.wav,50013020251104165935_000_e201a936-4c5c-43bf-ab79-88184d380345,clone4.wav,"à a-lô, à vâng em chào anh thọ ạ em gọi anh thọ từ bên tổng đài vinfast bên em tiếp nhận trường hợp trước xe vê ép sáu của mình chín mươi chín giờ bảy mươi mốt mười chín của mình trước đó vào xưởng dịch vụ bên chỗ vinfast trung thành, thuận thành, bắc ninh để kiểm tra đấy đúng không anh? ừ dạ trước tiên xin lỗi anh thọ về cái bất tiện này đang gặp phải ạ à không rõ là các bạn hôm các bạn ấy xử lý nhưng mà xịt cái chai xịt e-lờ pê bảy vào sau đó nó bị mùi ở trên xe hả anh? ừ mùi nồng nặc thì anh đi anh còn không dám kéo cửa chứ mà đường bụi anh không dám kéo cửa giờ anh vẫn phải mở cửa, hé cửa ra để cho nó bay mùi ki-a mà không không biết là có hết hay không à anh mình lấy xe vào ngày hôm nay thế đúng không anh? đúng rồi dạ trước tiên xin lỗi anh về cái bất tiện này đang gặp phải ạ không rõ là bạn cố vấn dịch vụ nào đang hỗ trợ mình cái trường hợp đó vậy anh?",work,2,unusable,user3,2026-05-25T07:45:16.883446+00:00,0,/kaggle/working/asr_quality_classifier/data/audio/data2/50013020251104165935_000_e201a936-4c5c-43bf-ab79-88184d380345/clone4.wav,0,1,0.7421428571428571,False Positive,0.7421428571428571
user6,50012820251112165948_003_11a85dbc-45db-4c4d-a893-7c50c8942fcf/clone3.wav,50012820251112165948_003_11a85dbc-45db-4c4d-a893-7c50c8942fcf,clone3.wav,celica chị bây giờ không có màu gì chỉ có màu trắng thì chị bảo thôi chị lấy cho nó nhanh bây giờ đặt từ bao nhiêu tháng rồi rồi chị của chị đặt màu đen thì chúng mày lại không có bạn bảo chỉ còn màu trắng chị bảo thôi chị lấy đi cho nó thoát tội chứ bây giờ chị đặt nhiều mất thời gian quá mà đến cuối cùng vẫn không thoát được tội vâng em rất xin lỗi chị thế chị ơi thôi em cũng định bảo chị là cứ về trước chị ạ xong rồi bên các bạn ấy xử lý với nhau xong thì mời mình xong xuôi chốt,work,2,unusable,user6,2026-05-26T04:03:25.013922+00:00,0,/kaggle/working/asr_quality_classifier/data/audio/data2/50012820251112165948_003_11a85dbc-45db-4c4d-a893-7c50c8942fcf/clone3.wav,0,1,0.7421428571428571,False Positive,0.7421428571428571
user4,50012520251111165854_009_951033e7-46fa-4567-9dbb-d8639a52e124/clone3.wav,50012520251111165854_009_951033e7-46fa-4567-9dbb-d8639a52e124,clone3.wav,"dạ vâng, cảm ơn anh ạ",work,2,unusable,user4,2026-05-25T06:54:23.991511+00:00,0,/kaggle/working/asr_quality_classifier/data/audio/data2/50012520251111165854_009_951033e7-46fa-4567-9dbb-d8639a52e124/clone3.wav,0,1,0.7421428571428571,False Positive,0.7421428571428571
user7,50012720251107180705_002_efe63522-3220-45dd-ba1f-d0380fcac5f6/clone3.wav,50012720251107180705_002_efe63522-3220-45dd-ba1f-d0380fcac5f6,clone3.wav,thì như em trao đổi là hiện tại nếu trong trường hợp mình đang cần báo cứu hộ thì bên em sẽ gọi qua bên phía xưởng để các bạn hỗ trợ còn về thời gian thì các bạn ấy sẽ chủ động trao đổi với anh còn nếu nắm được thông tin về thời gian ấy à rồi rồi rồi thì em em em báo giúp giùm anh nha cho em xin biển số ạ à năm mươi mốt mét năm mươi mốt mét mười sáu nghìn hai trăm hai mươi tư,work,2,unusable,user7,2026-05-25T08:34:13.798705+00:00,0,/kaggle/working/asr_quality_classifier/data/audio/data2/50012720251107180705_002_efe63522-3220-45dd-ba1f-d0380fcac5f6/clone3.wav,0,1,0.7421428571428571,False Positive,0.7421428571428571
user7,50012720251107180705_002_efe63522-3220-45dd-ba1f-d0380fcac5f6/clone6.wav,50012720251107180705_002_efe63522-3220-45dd-ba1f-d0380fcac5f6,clone6.wav,thì như em trao đổi là hiện tại nếu trong trường hợp mình đang cần báo cứu hộ thì bên em sẽ gọi qua bên phía xưởng để các bạn hỗ trợ còn về thời gian thì các bạn ấy sẽ chủ động trao đổi với anh còn nếu nắm được thông tin về thời gian ấy à rồi rồi rồi thì em em em báo giúp giùm anh nha cho em xin biển số ạ à năm mươi mốt mét năm mươi mốt mét mười sáu nghìn hai trăm hai mươi tư,work,2,unusable,user7,2026-05-25T08:34:13.798849+00:00,0,/kaggle/working/asr_quality_classifier/data/audio/data2/50012720251107180705_002_efe63522-3220-45dd-ba1f-d0380fcac5f6/clone6.wav,0,1,0.7421428571428571,False Positive,0.7421428571428571
user2,50012820251112165948_003_11a85dbc-45db-4c4d-a893-7c50c8942fcf/clone7.wav,50012820251112165948_003_11a85dbc-45db-4c4d-a893-7c50c8942fcf,clone7.wav,celica chị bây giờ không có màu gì chỉ có màu trắng thì chị bảo thôi chị lấy cho nó nhanh bây giờ đặt từ bao nhiêu tháng rồi rồi chị của chị đặt màu đen thì chúng mày lại không có bạn bảo chỉ còn màu trắng chị bảo thôi chị lấy đi cho nó thoát tội chứ bây giờ chị đặt nhiều mất thời gian quá mà đến cuối cùng vẫn không thoát được tội vâng em rất xin lỗi chị thế chị ơi thôi em cũng định bảo chị là cứ về trước chị ạ xong rồi bên các bạn ấy xử lý với nhau xong thì mời mình xong xuôi chốt,work,2,unusable,user2,2026-05-25T05:17:45.004821+00:00,0,/kaggle/working/asr_quality_classifier/data/audio/data2/50012820251112165948_003_11a85dbc-45db-4c4d-a893-7c50c8942fcf/clone7.wav,0,1,0.7421428571428571,False Positive,0.7421428571428571
user2,50010820251101165547_005_8559a3c5-99f5-4f8f-8588-99b82a373fdd/clone1.wav,50010820251101165547_005_8559a3c5-99f5-4f8f-8588-99b82a373fdd,clone1.wav,đơn hàng em kiểm tra vẫn đang ở o a o anh ạ nên là anh thông cảm chờ thêm giúp em,work,2,unusable,user2,2026-05-25T08:21:05.627978+00:00,0,/kaggle/working/asr_quality_classifier/data/audio/data2/50010820251101165547_005_8559a3c5-99f5-4f8f-8588-99b82a373fdd/clone1.wav,0,1,0.7421428571428571,False Positive,0.7421428571428571
user3,50010820251101165547_005_8559a3c5-99f5-4f8f-8588-99b82a373fdd/clone4.wav,50010820251101165547_005_8559a3c5-99f5-4f8f-8588-99b82a373fdd,clone4.wav,đơn hàng em kiểm tra vẫn đang ở o a o anh ạ nên là anh thông cảm chờ thêm giúp em,work,2,unusable,user3,2026-05-25T05:18:05.179937+00:00,0,/kaggle/working/asr_quality_classifier/data/audio/data2/50010820251101165547_005_8559a3c5-99f5-4f8f-8588-99b82a373fdd/clone4.wav,0,1,0.7421428571428571,False Positive,0.7421428571428571
user6,50010720251101121934_007_476701c6-3fb6-4570-8e4c-4645b36b61b4/clone3.wav,50010720251101121934_007_476701c6-3fb6-4570-8e4c-4645b36b61b4,clone3.wav,anh thấy ở đâu ạ? ừ anh thấy trên mạng phây-búc thấy ấy rồi nhưng mà anh đang tìm tìm lại đăng ký,work,2,unusable,user6,2026-05-25T09:08:55.311409+00:00,0,/kaggle/working/asr_quality_classifier/data/audio/data2/50010720251101121934_007_476701c6-3fb6-4570-8e4c-4645b36b61b4/clone3.wav,0,1,0.7421428571428571,False Positive,0.7421428571428571
user6,50013120251105092121_001_01812109-296d-49c2-8f33-5215ebcdb162/clone3.wav,50013120251105092121_001_01812109-296d-49c2-8f33-5215ebcdb162,clone3.wav,"em muốn kiểm tra thông tin anh ạ thì chiếc xe mình đặt ấy, mua ấy có số vê i en là e-rờ e-lờ en năm",work,2,unusable,user6,2026-05-26T02:57:22.537019+00:00,0,/kaggle/working/asr_quality_classifier/data/audio/data2/50013120251105092121_001_01812109-296d-49c2-8f33-5215ebcdb162/clone3.wav,0,1,0.7421428571428571,False Positive,0.7421428571428571
user4,50013120251105092121_001_01812109-296d-49c2-8f33-5215ebcdb162/clone7.wav,50013120251105092121_001_01812109-296d-49c2-8f33-5215ebcdb162,clone7.wav,"em muốn kiểm tra thông tin anh ạ thì chiếc xe mình đặt ấy, mua ấy có số vê i en là e-rờ e-lờ en năm",work,2,unusable,user4,2026-05-25T07:47:00.115216+00:00,0,/kaggle/working/asr_quality_classifier/data/audio/data2/50013120251105092121_001_01812109-296d-49c2-8f33-5215ebcdb162/clone7.wav,0,1,0.7421428571428571,False Positive,0.7421428571428571
user5,50005820251103204557_003_80b0323c-c7c8-4baa-afbb-f65c25a3d03d/clone1.wav,50005820251103204557_003_80b0323c-c7c8-4baa-afbb-f65c25a3d03d,clone1.wav,thế ví dụ bây giờ anh cứ đỗ như này nó hết điện thì không đi được thì nhưng mà ý là xưởng chưa hỗ trợ cho anh ấy ạ bởi vì vừa em bên em liên hệ với xưởng cho anh xưởng mà xưởng ấy thì họ chỉ bảo là tháo cái cực ờ dương ra sau bắt đầu để một tí thì nắp nhưng mà anh tháo ra vẫn chẳng có tác dụng gì anh đã để một lúc chưa ạ? anh tất nhiên rồi họ bảo để năm phút thì anh để hẳn mười phút anh nắp lại cũng chẳng có tác dụng gì,work,2,unusable,user5,2026-05-25T08:14:45.912149+00:00,0,/kaggle/working/asr_quality_classifier/data/audio/data2/50005820251103204557_003_80b0323c-c7c8-4baa-afbb-f65c25a3d03d/clone1.wav,0,1,0.7421428571428571,False Positive,0.7421428571428571
user2,50005720251102122939_000_d294528c-97cf-474e-9836-fa43a2e329a5/clone1.wav,50005720251102122939_000_d294528c-97cf-474e-9836-fa43a2e329a5,clone1.wav,[ bê a xê ca giê e-rờ o u en đê],work,2,unusable,user2,2026-05-25T08:50:13.635136+00:00,0,/kaggle/working/asr_quality_classifier/data/audio/data2/50005720251102122939_000_d294528c-97cf-474e-9836-fa43a2e329a5/clone1.wav,0,1,0.7421428571428571,False Positive,0.7421428571428571
user1,50006420251104103118_008_9472e821-cd7a-4a73-bf40-540ec57f04b0/clone4.wav,50006420251104103118_008_9472e821-cd7a-4a73-bf40-540ec57f04b0,clone4.wav,à dạ ok ok thế thì thế là em cứ chỉ gọi trực tiếp với cả cửa hàng cũng được đúng không ạ? anh phải cầm giấy tờ qua đại lý để làm thủ tục anh ạ à vâng ok vâng vâng như là em gái em cầm qua xong rồi có gì thì em sẽ nhờ gọi vâng vâng ạ đúng rồi anh cứ để cầm theo giấy tờ qua bên đại lý các bạn ấy sẽ hỗ trợ thủ tục cho mình,work,2,unusable,user1,2026-05-25T07:00:00.610392+00:00,0,/kaggle/working/asr_quality_classifier/data/audio/data2/50006420251104103118_008_9472e821-cd7a-4a73-bf40-540ec57f04b0/clone4.wav,0,1,0.7421428571428571,False Positive,0.7421428571428571
user5,50006520251103102847_009_21e7a855-6fff-4278-b49b-8f8adb2be28a/clone4.wav,50006520251103102847_009_21e7a855-6fff-4278-b49b-8f8adb2be28a,clone4.wav,"ừ, em đặt ở đó cho chị đi hình như ở đó là gần nhất á vâng, cái này thì mình có thể trực tiếp liên hệ với đại lý để các bạn sắp xếp luôn ấy thì chị có muốn trực tiếp trao đổi với các bạn ở bên đại lý luôn không ạ? em cho chị số điện thoại coi dạ vâng, để em cung cấp cho chị số hót-lain cho chị ạ",work,2,unusable,user5,2026-05-25T07:17:55.497927+00:00,0,/kaggle/working/asr_quality_classifier/data/audio/data2/50006520251103102847_009_21e7a855-6fff-4278-b49b-8f8adb2be28a/clone4.wav,0,1,0.7421428571428571,False Positive,0.7421428571428571
user7,50006520251103102847_012_e3e44c7f-0b6b-480d-b08e-b175f03b4b32/clone7.wav,50006520251103102847_012_e3e44c7f-0b6b-480d-b08e-b175f03b4b32,clone7.wav,năm trăm bốn mươi tám năm trăm bốn mươi tám một trăm tám mươi hai chị ạ,work,2,unusable,user7,2026-05-26T03:45:16.451042+00:00,0,/kaggle/working/asr_quality_classifier/data/audio/data2/50006520251103102847_012_e3e44c7f-0b6b-480d-b08e-b175f03b4b32/clone7.wav,0,1,0.7421428571428571,False Positive,0.7421428571428571
user3,50010820251103011916_011_a8da9fa7-6201-48e8-834b-39e1dbb86186/clone6.wav,50010820251103011916_011_a8da9fa7-6201-48e8-834b-39e1dbb86186,clone6.wav,hai mươi chín b hai nghìn năm trăm bốn mươi anh đợi em chút chín mươi chín b dạ vâng ạ chín mươi chín b em nhận rồi,work,2,unusable,user3,2026-05-26T03:15:02.587889+00:00,0,/kaggle/working/asr_quality_classifier/data/audio/data2/50010820251103011916_011_a8da9fa7-6201-48e8-834b-39e1dbb86186/clone6.wav,0,1,0.7421428571428571,False Positive,0.7421428571428571
user5,50009420251105200908_005_f8f62783-dc75-45bd-956c-8d7ffcf4abfb/clone4.wav,50009420251105200908_005_f8f62783-dc75-45bd-956c-8d7ffcf4abfb,clone4.wav,"tức là ừm lắp bộ sạc miễn phí tại nhà ấy ạ? ừ chương trình này của bên vingreen anh ạ, bên trạm sạc anh cần hỗ trợ bên điện này mình gọi bên trạm sạc giúp em à, thế à? bên này anh có thể ghi lại số là một nghìn chín trăm hai trăm ba mươi hai nghìn ba trăm tám mươi chín bấm số nhất số năm đầu tiên rồi rồi rồi rồi ok cảm ơn em rồi rồi cảm ơn em nhé vâng cảm ơn em",work,2,unusable,user5,2026-05-26T03:41:58.852404+00:00,0,/kaggle/working/asr_quality_classifier/data/audio/data2/50009420251105200908_005_f8f62783-dc75-45bd-956c-8d7ffcf4abfb/clone4.wav,0,1,0.7421428571428571,False Positive,0.7421428571428571
user1,50009420251103164704_000_8b8d27e8-2658-4160-b69f-e4690c9274cc/clone3.wav,50009420251103164704_000_8b8d27e8-2658-4160-b69f-e4690c9274cc,clone3.wav,"alô vâng, em chào anh em là tổng đài vin clắp",work,2,unusable,user1,2026-05-26T03:18:25.903833+00:00,0,/kaggle/working/asr_quality_classifier/data/audio/data2/50009420251103164704_000_8b8d27e8-2658-4160-b69f-e4690c9274cc/clone3.wav,0,1,0.7421428571428571,False Positive,0.7421428571428571
user7,50009420251103170343_003_afdd391e-daad-4d23-901c-451fa799db97/clone1.wav,50009420251103170343_003_afdd391e-daad-4d23-901c-451fa799db97,clone1.wav,à lát anh cứ gọi phải không?,work,2,unusable,user7,2026-05-25T08:54:52.204694+00:00,0,/kaggle/working/asr_quality_classifier/data/audio/data2/50009420251103170343_003_afdd391e-daad-4d23-901c-451fa799db97/clone1.wav,0,1,0.7421428571428571,False Positive,0.7421428571428571
user7,50009420251103170343_003_afdd391e-daad-4d23-901c-451fa799db97/clone2.wav,50009420251103170343_003_afdd391e-daad-4d23-901c-451fa799db97,clone2.wav,à lát anh cứ gọi phải không?,work,2,unusable,user7,2026-05-25T08:54:52.204881+00:00,0,/kaggle/working/asr_quality_classifier/data/audio/data2/50009420251103170343_003_afdd391e-daad-4d23-901c-451fa799db97/clone2.wav,0,1,0.7421428571428571,False Positive,0.7421428571428571
user6,50009420251104105154_004_186d7d57-28f4-4cbe-b571-cd0523e5ff21/clone8.wav,50009420251104105154_004_186d7d57-28f4-4cbe-b571-cd0523e5ff21,clone8.wav,à năm hai nghìn không trăm hai mươi ba,work,2,unusable,user6,2026-05-25T09:42:45.412467+00:00,0,/kaggle/working/asr_quality_classifier/data/audio/data2/50009420251104105154_004_186d7d57-28f4-4cbe-b571-cd0523e5ff21/clone8.wav,0,1,0.7421428571428571,False Positive,0.7421428571428571
user5,50009620251106182938_010_3bb7b027-83ad-4d19-85fb-adc96c8373f4/clone6.wav,50009620251106182938_010_3bb7b027-83ad-4d19-85fb-adc96c8373f4,clone6.wav,"quang trung, sơn tây, hà nội đúng không anh? vâng, đúng rồi anh ạ anh cần số điện thoại đại lý không em đọc luôn cho?",work,2,unusable,user5,2026-05-26T03:42:16.840019+00:00,0,/kaggle/working/asr_quality_classifier/data/audio/data2/50009620251106182938_010_3bb7b027-83ad-4d19-85fb-adc96c8373f4/clone6.wav,0,1,0.7421428571428571,False Positive,0.7421428571428571
user4,50007220251106115127_014_c96af509-6fd4-4af3-91bf-b0a1f37802f2/clone3.wav,50007220251106115127_014_c96af509-6fd4-4af3-91bf-b0a1f37802f2,clone3.wav,dạ vâng em cảm ơn anh em chào anh ạ,work,2,unusable,user4,2026-05-26T02:11:56.472154+00:00,0,/kaggle/working/asr_quality_classifier/data/audio/data2/50007220251106115127_014_c96af509-6fd4-4af3-91bf-b0a1f37802f2/clone3.wav,0,1,0.7421428571428571,False Positive,0.7421428571428571
user5,50007220251104120341_008_1cdd1fc1-7370-402a-bcf1-64fdede8c2e6/clone2.wav,50007220251104120341_008_1cdd1fc1-7370-402a-bcf1-64fdede8c2e6,clone2.wav,dạ xe anh có lắp có lắp giê pê ét không anh?,work,2,unusable,user5,2026-05-26T03:14:24.033260+00:00,0,/kaggle/working/asr_quality_classifier/data/audio/data2/50007220251104120341_008_1cdd1fc1-7370-402a-bcf1-64fdede8c2e6/clone2.wav,0,1,0.7421428571428571,False Positive,0.7421428571428571
user6,50007120251113143137_003_f8ba4383-1e09-4fc9-b890-e72e2a22cb19/clone6.wav,50007120251113143137_003_f8ba4383-1e09-4fc9-b890-e72e2a22cb19,clone6.wav,"thế thì cũng khó bởi vì là cũng phải có thông tin anh có mua xe chính chủ bằng thông tin của mình không? hay là của ai? có, anh mua chính chủ mà ở chỗ xô-rum ở phạm văn bạch ấy, ừ",work,2,unusable,user6,2026-05-26T03:50:39.869114+00:00,0,/kaggle/working/asr_quality_classifier/data/audio/data2/50007120251113143137_003_f8ba4383-1e09-4fc9-b890-e72e2a22cb19/clone6.wav,0,1,0.7421428571428571,False Positive,0.7421428571428571
user6,50013120251111145033_009_b6bf13fb-f26c-4a69-8d51-60f9149b5559/clone3.wav,50013120251111145033_009_b6bf13fb-f26c-4a69-8d51-60f9149b5559,clone3.wav,"lòng vòng lòng vòng cái tự làm tự ri-xét lại được xe chạy luôn chứ rồi báo lại rồi à rồi vâng ạ vâng, bởi vì là theo quy trình cứu hộ ấy ạ, thì anh gọi lên tổng đài thì tổng đài sẽ bảo cho xưởng dịch vụ rồi xưởng sẽ gọi cho anh ạ và điều xe cứu hộ đến anh ạ vâng",work,2,unusable,user6,2026-05-25T07:29:00.131143+00:00,0,/kaggle/working/asr_quality_classifier/data/audio/data2/50013120251111145033_009_b6bf13fb-f26c-4a69-8d51-60f9149b5559/clone3.wav,0,1,0.7421428571428571,False Positive,0.7421428571428571
user2,50013120251114115815_007_cdd08e8e-f461-400c-903f-12d73130057e/clone1.wav,50013120251114115815_007_cdd08e8e-f461-400c-903f-12d73130057e,clone1.wav,ấp vĩnh thành a xã vĩnh hòa hiệp châu thành kiên giang à nếu mà anh xơ-chơ gu-gồ máp á thì xơ-chơ là chùa phước thành tại xe đang đậu trong chùa chùa phước thành à? đúng rồi,work,2,unusable,user2,2026-05-25T05:27:48.784535+00:00,0,/kaggle/working/asr_quality_classifier/data/audio/data2/50013120251114115815_007_cdd08e8e-f461-400c-903f-12d73130057e/clone1.wav,0,1,0.7421428571428571,False Positive,0.7421428571428571
user4,50013120251108161233_004_0d9cc5ed-d862-467f-b2a2-fcc36478e349/clone3.wav,50013120251108161233_004_0d9cc5ed-d862-467f-b2a2-fcc36478e349,clone3.wav,"vâng ạ xe ép chín không anh? đúng rồi, ép chín kéo về vinfast tràng an, đống đa thì đẩy đẩy cái cái thông tin e-rờ ét a về cho đại lý bên em để bọn em làm hồ sơ còn sửa xe thì đang đang cứu hộ rồi, cứu hộ cho khách rồi cho em đọc mã số vê i en với ạ",work,2,unusable,user4,2026-05-25T08:54:22.364620+00:00,0,/kaggle/working/asr_quality_classifier/data/audio/data2/50013120251108161233_004_0d9cc5ed-d862-467f-b2a2-fcc36478e349/clone3.wav,0,1,0.7421428571428571,False Positive,0.7421428571428571
user2,50013120251107093749_003_8e9ce81d-c623-4d0d-a339-1d65f9585fa0/clone3.wav,50013120251107093749_003_8e9ce81d-c623-4d0d-a339-1d65f9585fa0,clone3.wav,bên vpbank anh ạ vay bên vê pê ạ vpbank à anh? dạ vâng em ghi nhận thông tin ạ,work,2,unusable,user2,2026-05-25T08:50:25.357499+00:00,0,/kaggle/working/asr_quality_classifier/data/audio/data2/50013120251107093749_003_8e9ce81d-c623-4d0d-a339-1d65f9585fa0/clone3.wav,0,1,0.7421428571428571,False Positive,0.7421428571428571
user6,50000820251113142846_002_e277e1fd-1950-4a28-ae61-7f5f4157e986/clone3.wav,50000820251113142846_002_e277e1fd-1950-4a28-ae61-7f5f4157e986,clone3.wav,phố lạc lon quân lạc lon quân á? đúng rồi,work,2,unusable,user6,2026-05-25T05:23:22.563679+00:00,0,/kaggle/working/asr_quality_classifier/data/audio/data2/50000820251113142846_002_e277e1fd-1950-4a28-ae61-7f5f4157e986/clone3.wav,0,1,0.7421428571428571,False Positive,0.7421428571428571
user2,50013220251101024420_004_7039fd2f-757e-4999-a4ad-b0d0940bc328/clone1.wav,50013220251101024420_004_7039fd2f-757e-4999-a4ad-b0d0940bc328,clone1.wav,bảy trăm lẻ bảy bảy mươi lăm,work,2,unusable,user2,2026-05-25T08:47:12.099904+00:00,0,/kaggle/working/asr_quality_classifier/data/audio/data2/50013220251101024420_004_7039fd2f-757e-4999-a4ad-b0d0940bc328/clone1.wav,0,1,0.7421428571428571,False Positive,0.7421428571428571
user4,50010320251103192044_002_f681dac4-4010-4de6-ae62-69ea38ffe3d6/clone6.wav,50010320251103192044_002_f681dac4-4010-4de6-ae62-69ea38ffe3d6,clone6.wav,"ừm, được không ạ? chị chuyển cho em về đại lý vinfast bảo châu an dương được không? thật rồi, chị nhớ là cần em ấy phải kiểm tra xem đơn của chị đã ở bên nào đã nếu trường hợp mà đơn đã đã được đẩy về đại lý rồi ấy, mà mình có nhu cầu chuyển đơn về đại lý khác thì được chị ạ còn nếu mà đơn vẫn đang nằm trong nó chị giúp em xem hiện tại đơn của em là đang được lấy ở đâu ạ?",work,2,unusable,user4,2026-05-25T06:45:47.167532+00:00,0,/kaggle/working/asr_quality_classifier/data/audio/data2/50010320251103192044_002_f681dac4-4010-4de6-ae62-69ea38ffe3d6/clone6.wav,0,1,0.7421428571428571,False Positive,0.7421428571428571
user7,50009620251106182938_006_0061b331-e5d3-4d9e-9b95-22b69627a568/clone3.wav,50009620251106182938_006_0061b331-e5d3-4d9e-9b95-22b69627a568,clone3.wav,"ba trăm năm mươi tư la thành, quang quang trung, sơn tây, hà nội anh ạ",work,2,unusable,user7,2026-05-25T07:01:39.640891+00:00,0,/kaggle/working/asr_quality_classifier/data/audio/data2/50009620251106182938_006_0061b331-e5d3-4d9e-9b95-22b69627a568/clone3.wav,0,1,0.7421428571428571,False Positive,0.7421428571428571
user6,50005420251108083504_008_d0fea73d-0f82-4777-a931-3baa82f76eab/clone4.wav,50005420251108083504_008_d0fea73d-0f82-4777-a931-3baa82f76eab,clone4.wav,dạ bốn trăm hai mươi,work,2,unusable,user6,2026-05-25T08:15:23.753516+00:00,0,/kaggle/working/asr_quality_classifier/data/audio/data2/50005420251108083504_008_d0fea73d-0f82-4777-a931-3baa82f76eab/clone4.wav,0,1,0.7421428571428571,False Positive,0.7421428571428571
user3,50010320251112210757_007_ab129893-cdb7-4f8a-ae54-dcfb8bc868cf/clone4.wav,50010320251112210757_007_ab129893-cdb7-4f8a-ae54-dcfb8bc868cf,clone4.wav,nhưng mà cái này sẽ phải hoàn tức là bạn ấy hoàn tất thông tin hóa đơn chị chị sống chưa rồi ấy ạ,work,2,unusable,user3,2026-05-25T05:15:48.692505+00:00,0,/kaggle/working/asr_quality_classifier/data/audio/data2/50010320251112210757_007_ab129893-cdb7-4f8a-ae54-dcfb8bc868cf/clone4.wav,0,1,0.7421428571428571,False Positive,0.7421428571428571
user1,50010320251107105625_003_82978afb-6fb9-43f2-8fa4-c600c0c276cc/clone7.wav,50010320251107105625_003_82978afb-6fb9-43f2-8fa4-c600c0c276cc,clone7.wav,bạn gọi số khác em ạ tại vì chị lưu đây có bốn năm số xe nó không lên điện chị cứ cứ cứ xin mỗi một cô một thầy một số thế là chị cứ gọi gọi không thấy ai nghê gọi mãi thấy bạn gọi lại cho chị không nhớ số vâng ý là chị gọi cho bạn bên em bằng số nào ấy chị tại vì em tra cái số chín nghìn bốn trăm bốn mươi tư này của chị thì không thấy cái dịch vụ cứu hộ bên em ấy đang gọi nhỡ bên nhánh xe máy điện ấy chị ạ,work,2,unusable,user1,2026-05-25T08:05:45.610502+00:00,0,/kaggle/working/asr_quality_classifier/data/audio/data2/50010320251107105625_003_82978afb-6fb9-43f2-8fa4-c600c0c276cc/clone7.wav,0,1,0.7421428571428571,False Positive,0.7421428571428571
user6,50010320251101082022_012_e7d51f6f-e433-40bb-bf45-a52488879a92/clone2.wav,50010320251101082022_012_e7d51f6f-e433-40bb-bf45-a52488879a92,clone2.wav,"à, rồi rồi rồi rồi rồi vâng, còn nếu mà các bạn ấy từ chối các bạn ấy không thao tác là anh báo lại thôi để bên em gửi mêu xuống ạ còn cái này các bạn ấy có thì hỗ trợ thao tác được ạ",work,2,unusable,user6,2026-05-26T03:43:54.088960+00:00,0,/kaggle/working/asr_quality_classifier/data/audio/data2/50010320251101082022_012_e7d51f6f-e433-40bb-bf45-a52488879a92/clone2.wav,0,1,0.7421428571428571,False Positive,0.7421428571428571
user6,50010320251101082022_012_e7d51f6f-e433-40bb-bf45-a52488879a92/clone5.wav,50010320251101082022_012_e7d51f6f-e433-40bb-bf45-a52488879a92,clone5.wav,"à, rồi rồi rồi rồi rồi vâng, còn nếu mà các bạn ấy từ chối các bạn ấy không thao tác là anh báo lại thôi để bên em gửi mêu xuống ạ còn cái này các bạn ấy có thì hỗ trợ thao tác được ạ",work,2,unusable,user6,2026-05-26T03:43:54.089103+00:00,0,/kaggle/working/asr_quality_classifier/data/audio/data2/50010320251101082022_012_e7d51f6f-e433-40bb-bf45-a52488879a92/clone5.wav,0,1,0.7421428571428571,False Positive,0.7421428571428571
user4,50010320251112210757_007_ab129893-cdb7-4f8a-ae54-dcfb8bc868cf/clone6.wav,50010320251112210757_007_ab129893-cdb7-4f8a-ae54-dcfb8bc868cf,clone6.wav,nhưng mà cái này sẽ phải hoàn tức là bạn ấy hoàn tất thông tin hóa đơn chị chị sống chưa rồi ấy ạ,work,2,unusable,user4,2026-05-26T03:05:03.918759+00:00,0,/kaggle/working/asr_quality_classifier/data/audio/data2/50010320251112210757_007_ab129893-cdb7-4f8a-ae54-dcfb8bc868cf/clone6.wav,0,1,0.7421428571428571,False Positive,0.7421428571428571
user5,50010320251112210757_010_249b1ce6-ed2c-465a-979a-85f99677e23c/clone1.wav,50010320251112210757_010_249b1ce6-ed2c-465a-979a-85f99677e23c,clone1.wav,ừ chị cảm ơn em nhé,work,2,unusable,user5,2026-05-25T09:35:16.380019+00:00,0,/kaggle/working/asr_quality_classifier/data/audio/data2/50010320251112210757_010_249b1ce6-ed2c-465a-979a-85f99677e23c/clone1.wav,0,1,0.7421428571428571,False Positive,0.7421428571428571
user4,50007120251108134655_002_c4e21f44-c4ba-4130-ad08-d49ba68b514c/clone6.wav,50007120251108134655_002_c4e21f44-c4ba-4130-ad08-d49ba68b514c,clone6.wav,"anh cho em xin tên của chị với dạ, nguyễn thị thu hà anh ạ chị có mua xe bằng số này không? dạ, có anh ạ",work,2,unusable,user4,2026-05-26T02:07:34.018108+00:00,0,/kaggle/working/asr_quality_classifier/data/audio/data2/50007120251108134655_002_c4e21f44-c4ba-4130-ad08-d49ba68b514c/clone6.wav,0,1,0.7421428571428571,False Positive,0.7421428571428571
user6,50006920251105114114_003_63a61e6c-421f-42d9-9e16-816109483ee2/clone7.wav,50006920251105114114_003_63a61e6c-421f-42d9-9e16-816109483ee2,clone7.wav,trao đổi trao đổi với chị hương chưa?,work,2,unusable,user6,2026-05-26T04:21:53.447572+00:00,0,/kaggle/working/asr_quality_classifier/data/audio/data2/50006920251105114114_003_63a61e6c-421f-42d9-9e16-816109483ee2/clone7.wav,0,1,0.7421428571428571,False Positive,0.7421428571428571
user1,50008620251107070133_015_54d92748-68a0-40af-8ebb-7e0792a1d562/clone8.wav,50008620251107070133_015_54d92748-68a0-40af-8ebb-7e0792a1d562,clone8.wav,"tám nghìn hai trăm hai mươi ba hai nghìn năm trăm hai mươi lăm đúng không? đúng rồi ạ okay, okay, cảm ơn bạn nhá vâng, vâng",work,2,unusable,user1,2026-05-25T09:33:03.564254+00:00,0,/kaggle/working/asr_quality_classifier/data/audio/data2/50008620251107070133_015_54d92748-68a0-40af-8ebb-7e0792a1d562/clone8.wav,0,1,0.7421428571428571,False Positive,0.7421428571428571
user1,50008620251107070133_000_99267b32-7620-49f8-96d8-f418ef523a27/clone3.wav,50008620251107070133_000_99267b32-7620-49f8-96d8-f418ef523a27,clone3.wav,"a-lô vâng, anh trai anh tùng nói vinfast anh thấy mình gọi nhỡ tổng đài anh chấm trọn có đề gì không anh?",work,2,unusable,user1,2026-05-26T03:22:38.165448+00:00,0,/kaggle/working/asr_quality_classifier/data/audio/data2/50008620251107070133_000_99267b32-7620-49f8-96d8-f418ef523a27/clone3.wav,0,1,0.7421428571428571,False Positive,0.7421428571428571
user4,50008620251107070133_008_68a2bf98-5ecc-4097-8ec1-e744c34ef913/clone1.wav,50008620251107070133_008_68a2bf98-5ecc-4097-8ec1-e744c34ef913,clone1.wav,anh a ghi lại cho em số điện thoại hót-lain của bên xưởng dịch vụ ấy,work,2,unusable,user4,2026-05-26T03:34:38.467829+00:00,0,/kaggle/working/asr_quality_classifier/data/audio/data2/50008620251107070133_008_68a2bf98-5ecc-4097-8ec1-e744c34ef913/clone1.wav,0,1,0.7421428571428571,False Positive,0.7421428571428571
user1,50008620251107070133_008_68a2bf98-5ecc-4097-8ec1-e744c34ef913/clone8.wav,50008620251107070133_008_68a2bf98-5ecc-4097-8ec1-e744c34ef913,clone8.wav,anh a ghi lại cho em số điện thoại hót-lain của bên xưởng dịch vụ ấy,work,2,unusable,user1,2026-05-25T08:31:04.754249+00:00,0,/kaggle/working/asr_quality_classifier/data/audio/data2/50008620251107070133_008_68a2bf98-5ecc-4097-8ec1-e744c34ef913/clone8.wav,0,1,0.7421428571428571,False Positive,0.7421428571428571
user2,50008620251107070133_013_6f487316-e956-4c65-b7d3-85eafc6e2574/clone8.wav,50008620251107070133_013_6f487316-e956-4c65-b7d3-85eafc6e2574,clone8.wav,năm trăm hai mươi lăm,work,2,unusable,user2,2026-05-26T01:59:21.027858+00:00,0,/kaggle/working/asr_quality_classifier/data/audio/data2/50008620251107070133_013_6f487316-e956-4c65-b7d3-85eafc6e2574/clone8.wav,0,1,0.7421428571428571,False Positive,0.7421428571428571
user3,50008620251107070133_015_54d92748-68a0-40af-8ebb-7e0792a1d562/clone7.wav,50008620251107070133_015_54d92748-68a0-40af-8ebb-7e0792a1d562,clone7.wav,"tám nghìn hai trăm hai mươi ba hai nghìn năm trăm hai mươi lăm đúng không? đúng rồi ạ okay, okay, cảm ơn bạn nhá vâng, vâng",work,2,unusable,user3,2026-05-25T05:27:28.755111+00:00,0,/kaggle/working/asr_quality_classifier/data/audio/data2/50008620251107070133_015_54d92748-68a0-40af-8ebb-7e0792a1d562/clone7.wav,0,1,0.7421428571428571,False Positive,0.7421428571428571
user6,50008420251114110604_000_40f908cb-fe44-4e43-9f51-84edd8276768/clone1.wav,50008420251114110604_000_40f908cb-fe44-4e43-9f51-84edd8276768,clone1.wav,"à a-lô ạ a-lô vâng chào anh, em gọi cho anh từ bên chăm sóc khách hàng của vinfast đây ạ thấy anh có gọi lên tổng đài không biết là cần hỗ trợ gì vấn đề gì anh nhỉ?",work,2,unusable,user6,2026-05-26T04:36:08.407777+00:00,0,/kaggle/working/asr_quality_classifier/data/audio/data2/50008420251114110604_000_40f908cb-fe44-4e43-9f51-84edd8276768/clone1.wav,0,1,0.7421428571428571,False Positive,0.7421428571428571
user6,50008420251114110604_000_40f908cb-fe44-4e43-9f51-84edd8276768/clone5.wav,50008420251114110604_000_40f908cb-fe44-4e43-9f51-84edd8276768,clone5.wav,"à a-lô ạ a-lô vâng chào anh, em gọi cho anh từ bên chăm sóc khách hàng của vinfast đây ạ thấy anh có gọi lên tổng đài không biết là cần hỗ trợ gì vấn đề gì anh nhỉ?",work,2,unusable,user6,2026-05-26T04:36:08.407759+00:00,0,/kaggle/working/asr_quality_classifier/data/audio/data2/50008420251114110604_000_40f908cb-fe44-4e43-9f51-84edd8276768/clone5.wav,0,1,0.7421428571428571,False Positive,0.7421428571428571
user7,50008120251102143607_004_f59deeeb-7f2c-4249-861d-7ad4b81e63e9/clone1.wav,50008120251102143607_004_f59deeeb-7f2c-4249-861d-7ad4b81e63e9,clone1.wav,em có nhận được i-meo của anh sáng nay hỏi về cái đơn hàng phụ kiện thảm sàn nhựa 3d của vê ép sáu đúng không anh? đúng rồi chị giao lâu rồi chị,work,2,unusable,user7,2026-05-25T07:03:00.042766+00:00,0,/kaggle/working/asr_quality_classifier/data/audio/data2/50008120251102143607_004_f59deeeb-7f2c-4249-861d-7ad4b81e63e9/clone1.wav,0,1,0.7421428571428571,False Positive,0.7421428571428571
user7,50007720251102172933_001_029017bd-2605-43e1-b142-93e277892fdd/clone6.wav,50007720251102172933_001_029017bd-2605-43e1-b142-93e277892fdd,clone6.wav,"cái này à cái này nếu mà nếu nếu mà đơn hàng nó nếu mà người ta không xử lý được liệu người ta có trả lại cọc không anh? ờ về chính sách của vinfast sẽ là chính sách chưa hoàn hủy cọc anh ạ thì bên em sẽ có kiểm tra và làm việc thêm với phía bộ phận liên quan vinfast liên quan đến vấn đề đơn hàng của mình anh ạ thì có thông tin xử lý như em có trao đổi thì bên em sẽ báo lại mình sau ạ vâng, vâng, vâng, vâng làm nào cho mai mai báo lại cho mình luôn nhá vì là chậm trễ quá rồi thì bên em sẽ báo lại với mình anh nhá vâng, vâng, vâng, vâng ok, ok cảm ơn anh chào anh ạ",work,2,unusable,user7,2026-05-26T02:22:14.787119+00:00,0,/kaggle/working/asr_quality_classifier/data/audio/data2/50007720251102172933_001_029017bd-2605-43e1-b142-93e277892fdd/clone6.wav,0,1,0.7421428571428571,False Positive,0.7421428571428571
user7,50007720251104102314_000_a7adf7c2-cbad-4872-8381-bcdde616f455/clone8.wav,50007720251104102314_000_a7adf7c2-cbad-4872-8381-bcdde616f455,clone8.wav,"a-lô ờ dạ vâng, em chào anh tước em xin phép liên hệ lại từ phía tổng đài vinfast tên là phong ạ ừ ừ bên em có tiếp nhận thông tin của mình về cái trường hợp đơn hàng xe vê ép ba mình đang chưa có được bàn giao phiếu xuất xưởng để mình tiến hành các thủ tục đăng ký ạ ờ đúng rồi ờ vâng, cái này thì bên em cũng rất xin lỗi về bất tiện mình đang gặp phải thì hiện tại là với đơn hàng của mình thì mình đang làm việc với phía tư vấn bán hàng nào anh nhỉ?",work,2,unusable,user7,2026-05-25T07:13:19.040418+00:00,0,/kaggle/working/asr_quality_classifier/data/audio/data2/50007720251104102314_000_a7adf7c2-cbad-4872-8381-bcdde616f455/clone8.wav,0,1,0.7421428571428571,False Positive,0.7421428571428571
user2,50008820251101080318_004_b9512d1e-dd65-499d-8498-60aadc04275d/clone3.wav,50008820251101080318_004_b9512d1e-dd65-499d-8498-60aadc04275d,clone3.wav,"ừm, dạ, bảo dưỡng xe mình muốn qua xưởng dịch vụ nào hả chị?",work,2,unusable,user2,2026-05-25T09:00:57.594059+00:00,0,/kaggle/working/asr_quality_classifier/data/audio/data2/50008820251101080318_004_b9512d1e-dd65-499d-8498-60aadc04275d/clone3.wav,0,1,0.7421428571428571,False Positive,0.7421428571428571
user6,50008820251106175727_004_6465f1ec-ee06-49c1-ad01-34524f2fff22/clone3.wav,50008820251106175727_004_6465f1ec-ee06-49c1-ad01-34524f2fff22,clone3.wav,cho em a mình đặt đơn theo số này không ạ?,work,2,unusable,user6,2026-05-26T04:02:54.111494+00:00,0,/kaggle/working/asr_quality_classifier/data/audio/data2/50008820251106175727_004_6465f1ec-ee06-49c1-ad01-34524f2fff22/clone3.wav,0,1,0.7421428571428571,False Positive,0.7421428571428571
user5,50008120251105141615_008_e8bc0e32-fe39-439c-8100-47e09d9ccff5/clone7.wav,50008120251105141615_008_e8bc0e32-fe39-439c-8100-47e09d9ccff5,clone7.wav,"rồi, anh cảm ơn dạ, vâng thì có gì mình cứ liên hệ với bên phía cơ sở để các bạn hướng dẫn cho mình đến giúp em nhá một nghìn tám trăm sáu nghìn chín trăm sáu mươi bảy một nghìn tám trăm sáu nghìn chín trăm sáu mươi bảy ạ một nghìn tám trăm sáu nghìn chín trăm sáu mươi bảy đúng rồi ạ rồi, chép vào ok, ok dạ, vâng em cảm ơn dạ",work,2,unusable,user5,2026-05-26T03:05:49.693465+00:00,0,/kaggle/working/asr_quality_classifier/data/audio/data2/50008120251105141615_008_e8bc0e32-fe39-439c-8100-47e09d9ccff5/clone7.wav,0,1,0.7421428571428571,False Positive,0.7421428571428571
user1,50007720251114173428_001_4809497e-c53c-4814-a175-2320b6b84d6d/clone6.wav,50007720251114173428_001_4809497e-c53c-4814-a175-2320b6b84d6d,clone6.wav,"a a-lô anh anh nói lại đi anh em liên hệ từ phía tổng đài vinfast tên là phong ạ về trường hợp xe vê ép ba của anh lộc mình có xử lý ở phía vinfast an thái về vấn đề lốp lạnh nhỉ? đúng rồi anh vâng, cái này thì bên em cũng rất xin lỗi về vấn tiện mình đang gặp phải thì với thông tin của mình thì bên em cũng đang làm việc thêm với phía bộ phận liên quan của vinfast anh ạ thì hiện tại là với a trường hợp phụ tùng cho xe của mình thì phía đại lý các bạn ấy đang đặt hàng rồi thì bên em cũng đang làm việc thêm với phía phòng phụ tùng để có thể kiểm tra về cái thời gian dự kiến phụ tùng sẽ về phía xưởng dịch vụ anh ạ cái này thì em cũng nhờ mình thông cảm chờ thêm thì bên em sẽ có làm việc và kiểm tra thêm với phía bộ phận liên quan thúc đẩy tiến độ để có thể xử lý xe của mình sớm nhất anh ạ à vâng ạ cái do lý do như là nó lâu á thì mình cũng phải biết là cái thời gian mà lâu là bao nhiêu mà này bên xưởng nó không có biết ngày luôn mà anh cũng không biết ngày nào luôn thời gian chính xác khi nào mà anh nhận xe được vâng kiểu kiểu ví dụ mười ngày ờ chính xác là mười mười ngày sau có xe, hai mươi ngày ờ mình chờ chung có đét-lain á thì mình mới biết được còn này này mình chờ chung mình không biết gì hết luôn vâng thì em sẽ làm việc thêm với phía bộ phận liên quan có thông tin xử lý thì bên em sẽ cập nhật lại tới mình ngay nhá thì trong ba ngày làm việc tới á thì có thông tin thì bên em sẽ xử lý như thế nào thì bên em sẽ cập nhật lại tới mình anh ạ",work,2,unusable,user1,2026-05-25T09:23:03.122386+00:00,0,/kaggle/working/asr_quality_classifier/data/audio/data2/50007720251114173428_001_4809497e-c53c-4814-a175-2320b6b84d6d/clone6.wav,0,1,0.7421428571428571,False Positive,0.7421428571428571
user1,50008120251102143607_003_9291a543-fcb5-4dd9-99e3-758779503bbc/clone1.wav,50008120251102143607_003_9291a543-fcb5-4dd9-99e3-758779503bbc,clone1.wav,em chào anh dũng em là trang liên hệ từ phòng chăm sóc khách hàng vinfast ạ,work,2,unusable,user1,2026-05-25T07:52:17.524235+00:00,0,/kaggle/working/asr_quality_classifier/data/audio/data2/50008120251102143607_003_9291a543-fcb5-4dd9-99e3-758779503bbc/clone1.wav,0,1,0.7421428571428571,False Positive,0.7421428571428571
user4,50013820251106191617_000_bea58684-7723-4458-b54a-c96a9ffa4006/clone3.wav,50013820251106191617_000_bea58684-7723-4458-b54a-c96a9ffa4006,clone3.wav,a-lô a-lô vâng chị lý ạ,work,2,unusable,user4,2026-05-25T04:34:32.236890+00:00,0,/kaggle/working/asr_quality_classifier/data/audio/data2/50013820251106191617_000_bea58684-7723-4458-b54a-c96a9ffa4006/clone3.wav,0,1,0.7421428571428571,False Positive,0.7421428571428571
user5,50013520251108121044_006_ba7e295d-c16e-41ce-afe7-25075f8a86aa/clone3.wav,50013520251108121044_006_ba7e295d-c16e-41ce-afe7-25075f8a86aa,clone3.wav,nhưng mà anh chưa nhận được hóa đơn,work,2,unusable,user5,2026-05-25T08:40:31.884667+00:00,0,/kaggle/working/asr_quality_classifier/data/audio/data2/50013520251108121044_006_ba7e295d-c16e-41ce-afe7-25075f8a86aa/clone3.wav,0,1,0.7421428571428571,False Positive,0.7421428571428571
user7,50008420251107124050_000_3f82aa91-3c04-49ca-9cf9-5d8f1796e8de/clone3.wav,50008420251107124050_000_3f82aa91-3c04-49ca-9cf9-5d8f1796e8de,clone3.wav,a-lô vâng chào anh em gọi cho anh từ bên chăm sóc khách hàng của vinfast đây ạ thì anh có gọi lên tổng đài không biết là cần hỗ trợ gì gần đây gì ạ?,work,2,unusable,user7,2026-05-25T07:57:03.474056+00:00,0,/kaggle/working/asr_quality_classifier/data/audio/data2/50008420251107124050_000_3f82aa91-3c04-49ca-9cf9-5d8f1796e8de/clone3.wav,0,1,0.7421428571428571,False Positive,0.7421428571428571
user7,50015220251113191318_003_07719784-9784-4bf6-bcfc-6d2c9325439d/clone4.wav,50015220251113191318_003_07719784-9784-4bf6-bcfc-6d2c9325439d,clone4.wav,"ờ, em chưa nhận qua áp à",work,2,unusable,user7,2026-05-26T03:45:54.218103+00:00,0,/kaggle/working/asr_quality_classifier/data/audio/data2/50015220251113191318_003_07719784-9784-4bf6-bcfc-6d2c9325439d/clone4.wav,0,1,0.7421428571428571,False Positive,0.7421428571428571
user5,50015220251113191318_003_07719784-9784-4bf6-bcfc-6d2c9325439d/clone2.wav,50015220251113191318_003_07719784-9784-4bf6-bcfc-6d2c9325439d,clone2.wav,"ờ, em chưa nhận qua áp à",work,2,unusable,user5,2026-05-26T03:46:04.094804+00:00,0,/kaggle/working/asr_quality_classifier/data/audio/data2/50015220251113191318_003_07719784-9784-4bf6-bcfc-6d2c9325439d/clone2.wav,0,1,0.7421428571428571,False Positive,0.7421428571428571
user7,50014420251111105449_010_547538e4-058f-46eb-b7ad-95718fef87ee/clone7.wav,50014420251111105449_010_547538e4-058f-46eb-b7ad-95718fef87ee,clone7.wav,năm mươi hai à anh? năm trăm hai mươi mốt ạ năm trăm hai mươi mốt chín nghìn ba trăm sáu mươi tám,work,2,unusable,user7,2026-05-25T07:21:41.468777+00:00,0,/kaggle/working/asr_quality_classifier/data/audio/data2/50014420251111105449_010_547538e4-058f-46eb-b7ad-95718fef87ee/clone7.wav,0,1,0.7421428571428571,False Positive,0.7421428571428571
user7,50008420251110191400_004_a4e9add4-3eb6-4444-9edc-2cacb5df3b84/clone3.wav,50008420251110191400_004_a4e9add4-3eb6-4444-9edc-2cacb5df3b84,clone3.wav,tránh trường hợp mất công chuyển về vâng anh xác nhận lại với bên chỗ đại lý bốn trăm năm mươi chín phạm văn đồng ấy ở bên chỗ bắc từ liêm đúng không anh?,work,2,unusable,user7,2026-05-25T07:14:10.183642+00:00,0,/kaggle/working/asr_quality_classifier/data/audio/data2/50008420251110191400_004_a4e9add4-3eb6-4444-9edc-2cacb5df3b84/clone3.wav,0,1,0.7421428571428571,False Positive,0.7421428571428571
user1,50008420251110191400_004_a4e9add4-3eb6-4444-9edc-2cacb5df3b84/clone7.wav,50008420251110191400_004_a4e9add4-3eb6-4444-9edc-2cacb5df3b84,clone7.wav,tránh trường hợp mất công chuyển về vâng anh xác nhận lại với bên chỗ đại lý bốn trăm năm mươi chín phạm văn đồng ấy ở bên chỗ bắc từ liêm đúng không anh?,work,2,unusable,user1,2026-05-26T04:08:59.738557+00:00,0,/kaggle/working/asr_quality_classifier/data/audio/data2/50008420251110191400_004_a4e9add4-3eb6-4444-9edc-2cacb5df3b84/clone7.wav,0,1,0.7421428571428571,False Positive,0.7421428571428571
user5,50008420251107142505_006_58b889cb-1daa-4500-9d6f-bef877f08ca6/clone3.wav,50008420251107142505_006_58b889cb-1daa-4500-9d6f-bef877f08ca6,clone3.wav,"để báo với họ kiểm tra và hỗ trợ cho mình còn xe thì còn mình sẽ cần phải chờ ghép xe thông tin ghép xe từ nhà máy nữa anh ạ khi mà có xe thì lúc đó họ mới liên hệ cho mình để bàn giao xe được ờ vậy hả? vậy anh phải làm việc với bọn xêu luôn? vâng anh làm việc với bên chỗ đại lý mà mình mua xe ấy để họ hỗ trợ cho mình ok ok, em cảm ơn nha rồi cảm ơn chào anh phong nhé ừm",work,2,unusable,user5,2026-05-26T03:07:04.656401+00:00,0,/kaggle/working/asr_quality_classifier/data/audio/data2/50008420251107142505_006_58b889cb-1daa-4500-9d6f-bef877f08ca6/clone3.wav,0,1,0.7421428571428571,False Positive,0.7421428571428571
user7,50014020251108170740_003_cd4d389d-8654-42b0-89d8-6bf85e676cb2/clone3.wav,50014020251108170740_003_cd4d389d-8654-42b0-89d8-6bf85e676cb2,clone3.wav,xe của mình là xe gì vậy anh bê hai mươi bê hai mươi sáu,work,2,unusable,user7,2026-05-26T02:58:31.079056+00:00,0,/kaggle/working/asr_quality_classifier/data/audio/data2/50014020251108170740_003_cd4d389d-8654-42b0-89d8-6bf85e676cb2/clone3.wav,0,1,0.7421428571428571,False Positive,0.7421428571428571
user2,50013920251109105357_001_e40b5ec6-336a-45a0-9e2c-827d745fb370/clone8.wav,50013920251109105357_001_e40b5ec6-336a-45a0-9e2c-827d745fb370,clone8.wav,"xờ-cu-tơ ấy cái gì đó phải không? dạ vâng, vinfast escooter thì là bên áp của xe máy điện sao hả anh? à ừ à tức là ai ai dùng cái số điện thoại của anh mà mà đăng đăng ký rồi đăng nhập á mà nó cứ gửi o tê pê",work,2,unusable,user2,2026-05-26T03:12:15.484995+00:00,0,/kaggle/working/asr_quality_classifier/data/audio/data2/50013920251109105357_001_e40b5ec6-336a-45a0-9e2c-827d745fb370/clone8.wav,0,1,0.7421428571428571,False Positive,0.7421428571428571
user2,50013920251106144339_001_baf3abc2-86ab-408a-8a19-9de2e276d2aa/clone5.wav,50013920251106144339_001_baf3abc2-86ab-408a-8a19-9de2e276d2aa,clone5.wav,"đơn hàng của người ta rất là nhiều anh hiểu không? còn nếu mà nếu mà đơn hàng của tôi về đấy rồi mà không có xe thì cũng giống nhau vâng, đúng rồi đơn hàng của anh đã về đấy rồi nếu như anh một là anh đợi đại lý hoặc anh chuyển sang màu xe hoặc mẫu xe khác để anh lấy còn nếu không anh muốn nhanh hơn nữa ấy thì anh tự tìm đại lý nào mà họ anh là cán bộ nhân viên hay khách hàng cá nhân ạ? đúng rồi, khách hàng nhân viên cán bộ nhân viên đúng không? cán bộ nhân viên nhá nếu anh muốn nhanh hơn nữa ấy anh tìm cái đại lý nào đấy khác nhá nó có sẵn cái màu xe, mẫu xe anh muốn lấy và họ sẵn sàng ra xe cho cán bộ công nhân viên thì anh gọi lại bên tổng đài cho bọn em bên bọn em sẽ chuyển đơn hàng cho anh về cái đại lý mới đấy không cần phải làm việc với bên khánh huyền nữa",work,2,unusable,user2,2026-05-25T09:04:36.821544+00:00,0,/kaggle/working/asr_quality_classifier/data/audio/data2/50013920251106144339_001_baf3abc2-86ab-408a-8a19-9de2e276d2aa/clone5.wav,0,1,0.7421428571428571,False Positive,0.7421428571428571
user1,50013920251106144339_001_baf3abc2-86ab-408a-8a19-9de2e276d2aa/clone6.wav,50013920251106144339_001_baf3abc2-86ab-408a-8a19-9de2e276d2aa,clone6.wav,"đơn hàng của người ta rất là nhiều anh hiểu không? còn nếu mà nếu mà đơn hàng của tôi về đấy rồi mà không có xe thì cũng giống nhau vâng, đúng rồi đơn hàng của anh đã về đấy rồi nếu như anh một là anh đợi đại lý hoặc anh chuyển sang màu xe hoặc mẫu xe khác để anh lấy còn nếu không anh muốn nhanh hơn nữa ấy thì anh tự tìm đại lý nào mà họ anh là cán bộ nhân viên hay khách hàng cá nhân ạ? đúng rồi, khách hàng nhân viên cán bộ nhân viên đúng không? cán bộ nhân viên nhá nếu anh muốn nhanh hơn nữa ấy anh tìm cái đại lý nào đấy khác nhá nó có sẵn cái màu xe, mẫu xe anh muốn lấy và họ sẵn sàng ra xe cho cán bộ công nhân viên thì anh gọi lại bên tổng đài cho bọn em bên bọn em sẽ chuyển đơn hàng cho anh về cái đại lý mới đấy không cần phải làm việc với bên khánh huyền nữa",work,2,unusable,user1,2026-05-25T05:16:19.924519+00:00,0,/kaggle/working/asr_quality_classifier/data/audio/data2/50013920251106144339_001_baf3abc2-86ab-408a-8a19-9de2e276d2aa/clone6.wav,0,1,0.7421428571428571,False Positive,0.7421428571428571
user1,50013920251101230615_008_51959544-9612-4ca3-8696-1a80b21fffba/clone7.wav,50013920251101230615_008_51959544-9612-4ca3-8696-1a80b21fffba,clone7.wav,rồi rồi mà bây giờ là,work,2,unusable,user1,2026-05-25T08:59:01.098251+00:00,0,/kaggle/working/asr_quality_classifier/data/audio/data2/50013920251101230615_008_51959544-9612-4ca3-8696-1a80b21fffba/clone7.wav,0,1,0.7421428571428571,False Positive,0.7421428571428571
user6,50000420251112203523_000_c01db98c-7e06-4d2d-b741-163d63754841/clone1.wav,50000420251112203523_000_c01db98c-7e06-4d2d-b741-163d63754841,clone1.wav,"a-lô vâng anh chiều ạ, em hoa gọi từ bên phía chăm sóc khách hàng vinfast anh ạ vâng ạ vâng em có nhận được cái yêu cầu hỗ trợ của mình liên quan đến vấn đề là đang muốn mua xe mua trả góp thì trả trả góp ý anh vâng đúng rồi bây giờ là mình đang ở thành phố thái nguyên thôi đúng không ạ? ý là thái nguyên ạ à dạ vâng nếu mà ở thái nguyên thì bây giờ em đang có nhà phân phối minh đạo thái nguyên anh ạ ở chỗ ăn cách mạng tháng tám ý minh đạo em biết ạ chỗ em xuống có mấy cây thôi à dạ vâng thế em xin phép là chuyển thông tin của mình sang cho bên phía cơ sở này để các bạn hỗ trợ tư vấn cho mình được không ạ? thế thì hình như là đang có một cái bạn cường hay bạn gì ở minh đạo hôm trước cũng đang nhắn tin với mình nhưng mà à dạ dạ vâng thế thì vâng bởi vì là cái này em cũng sẽ chuyển thông tin sang cho bên phía nhà phân phối để các bạn hỗ trợ tư vấn cho mình và cho mình lái thử xe nữa anh ạ thì là các bạn bên phía nhà phân phối sẽ hỗ trợ thế còn nếu mà các cái chính sách ưu đãi hay này ki-a thì là các tỉnh đều giống nhau hết à hay là như nào? đúng rồi đúng rồi anh ạ chính sách ưu đãi thì các tỉnh đều giống nhau hết vâng vâng vâng em cảm ơn anh cảm ơn anh ạ em cảm ơn anh cảm ơn anh ạ",work,2,unusable,user6,2026-05-25T09:03:38.906043+00:00,0,/kaggle/working/asr_quality_classifier/data/audio/data2/50000420251112203523_000_c01db98c-7e06-4d2d-b741-163d63754841/clone1.wav,0,1,0.7421428571428571,False Positive,0.7421428571428571
user6,50000420251112203523_000_c01db98c-7e06-4d2d-b741-163d63754841/clone2.wav,50000420251112203523_000_c01db98c-7e06-4d2d-b741-163d63754841,clone2.wav,"a-lô vâng anh chiều ạ, em hoa gọi từ bên phía chăm sóc khách hàng vinfast anh ạ vâng ạ vâng em có nhận được cái yêu cầu hỗ trợ của mình liên quan đến vấn đề là đang muốn mua xe mua trả góp thì trả trả góp ý anh vâng đúng rồi bây giờ là mình đang ở thành phố thái nguyên thôi đúng không ạ? ý là thái nguyên ạ à dạ vâng nếu mà ở thái nguyên thì bây giờ em đang có nhà phân phối minh đạo thái nguyên anh ạ ở chỗ ăn cách mạng tháng tám ý minh đạo em biết ạ chỗ em xuống có mấy cây thôi à dạ vâng thế em xin phép là chuyển thông tin của mình sang cho bên phía cơ sở này để các bạn hỗ trợ tư vấn cho mình được không ạ? thế thì hình như là đang có một cái bạn cường hay bạn gì ở minh đạo hôm trước cũng đang nhắn tin với mình nhưng mà à dạ dạ vâng thế thì vâng bởi vì là cái này em cũng sẽ chuyển thông tin sang cho bên phía nhà phân phối để các bạn hỗ trợ tư vấn cho mình và cho mình lái thử xe nữa anh ạ thì là các bạn bên phía nhà phân phối sẽ hỗ trợ thế còn nếu mà các cái chính sách ưu đãi hay này ki-a thì là các tỉnh đều giống nhau hết à hay là như nào? đúng rồi đúng rồi anh ạ chính sách ưu đãi thì các tỉnh đều giống nhau hết vâng vâng vâng em cảm ơn anh cảm ơn anh ạ em cảm ơn anh cảm ơn anh ạ",work,2,unusable,user6,2026-05-25T09:03:38.906192+00:00,0,/kaggle/working/asr_quality_classifier/data/audio/data2/50000420251112203523_000_c01db98c-7e06-4d2d-b741-163d63754841/clone2.wav,0,1,0.7421428571428571,False Positive,0.7421428571428571
user5,50000420251109144005_005_d68dd06e-4f56-4507-95a7-c9c4b7dda3d6/clone2.wav,50000420251109144005_005_d68dd06e-4f56-4507-95a7-c9c4b7dda3d6,clone2.wav,nó không ở vị trí hiện tại nó đang ở ấy chị vâng mình có mua lại pin không hả chị?,work,2,unusable,user5,2026-05-26T02:56:14.060927+00:00,0,/kaggle/working/asr_quality_classifier/data/audio/data2/50000420251109144005_005_d68dd06e-4f56-4507-95a7-c9c4b7dda3d6/clone2.wav,0,1,0.7421428571428571,False Positive,0.7421428571428571
user3,50014120251105180554_003_22ed7934-8ec3-49d4-9bf3-e6a88dc7b32f/clone6.wav,50014120251105180554_003_22ed7934-8ec3-49d4-9bf3-e6a88dc7b32f,clone6.wav,"tải các kiểu rồi đó, các thứ hết rồi xóa tải lại rồi vẫn bị vẫn hiển thị không thấy không tồn tại như vẫn hiển thị",work,2,unusable,user3,2026-05-25T08:29:08.069198+00:00,0,/kaggle/working/asr_quality_classifier/data/audio/data2/50014120251105180554_003_22ed7934-8ec3-49d4-9bf3-e6a88dc7b32f/clone6.wav,0,1,0.7421428571428571,False Positive,0.7421428571428571
user5,50014020251108170740_003_cd4d389d-8654-42b0-89d8-6bf85e676cb2/clone2.wav,50014020251108170740_003_cd4d389d-8654-42b0-89d8-6bf85e676cb2,clone2.wav,xe của mình là xe gì vậy anh bê hai mươi bê hai mươi sáu,work,2,unusable,user5,2026-05-26T04:48:11.324729+00:00,0,/kaggle/working/asr_quality_classifier/data/audio/data2/50014020251108170740_003_cd4d389d-8654-42b0-89d8-6bf85e676cb2/clone2.wav,0,1,0.7421428571428571,False Positive,0.7421428571428571
user1,50000420251113180133_006_8f3e6ba4-4e52-47e5-b6c4-3c5b5ece308b/clone8.wav,50000420251113180133_006_8f3e6ba4-4e52-47e5-b6c4-3c5b5ece308b,clone8.wav,"có xưởng a xưởng ngày ba mươi tháng bốn á, đường ngày ba mươi tháng bốn á phải không? ngày ba mươi tháng bốn dạ vâng minh đạo đúng không anh? minh đạo phát ở đường ngày ba mươi tháng bốn phường thắng nhất đúng rồi vâng ạ dạ vâng vậy em xin phép là sẽ đặt lịch cho mình qua bên xưởng dịch vụ này anh nhá là một là ngày mai hoặc không thì là thì sáng thứ bảy đúng không ạ? đúng rồi em nếu mà ngày mai được thì anh anh anh mang xe qua luôn dạ dạ vâng anh ạ em đọc lại biển số xe của mình nhá là 50k bảy trăm sáu mươi tám bốn mươi bảy đúng không ạ? đúng rồi em, chính xác dạ vâng vâng ạ vậy anh khương ơi em xin phép là sẽ kiểm tra lại thông tin này cùng với bên kỹ thuật trước về vấn đề thay com-pa kính ấy, sau xong về có thông tin cụ thể thì em sẽ đặt lịch cho mình qua bên xưởng dịch vụ minh đạo phát ở vũng tàu nhá rồi rồi cảm ơn em dạ vâng em cảm ơn anh ạ dạ vâng ạ vâng em cảm ơn em chào anh anh ơi",work,2,unusable,user1,2026-05-26T04:10:20.830558+00:00,0,/kaggle/working/asr_quality_classifier/data/audio/data2/50000420251113180133_006_8f3e6ba4-4e52-47e5-b6c4-3c5b5ece308b/clone8.wav,0,1,0.7417857142857143,False Positive,0.7417857142857143
user3,50014120251105180554_002_8e754d4b-73de-4b57-bdfc-2a6824ec3d73/clone7.wav,50014120251105180554_002_8e754d4b-73de-4b57-bdfc-2a6824ec3d73,clone7.wav,"ừ, gọi vừa nãy trước đấy có bạn hỏi mình về báo mình về cái vấn đề là điện áp vin cái cái thông tin bảo hành đã thể hiện chưa thì mình bảo gọi lại bảo là chưa thì bạn ấy bảo kiểm tra luôn nhưng mà lúc mình kiểm tra cũng không không thấy có vẫn chưa ạ? anh đã thử thoát thử lại xóa tải lại chưa?",work,2,unusable,user3,2026-05-25T07:38:16.509760+00:00,0,/kaggle/working/asr_quality_classifier/data/audio/data2/50014120251105180554_002_8e754d4b-73de-4b57-bdfc-2a6824ec3d73/clone7.wav,0,1,0.7417857142857143,False Positive,0.7417857142857143
user5,50014120251104103819_001_8751e622-45c0-470a-8fe3-002d5395eabb/clone3.wav,50014120251104103819_001_8751e622-45c0-470a-8fe3-002d5395eabb,clone3.wav,à em gọi là em đăng nhập cái áp vinfast supporter ấy nhưng mà nó báo là tài khoản bạn chưa được liên kết với xe ấy,work,2,unusable,user5,2026-05-26T04:47:59.700052+00:00,0,/kaggle/working/asr_quality_classifier/data/audio/data2/50014120251104103819_001_8751e622-45c0-470a-8fe3-002d5395eabb/clone3.wav,0,1,0.7417857142857143,False Positive,0.7417857142857143
user4,50013920251108132031_007_9531a71e-0983-49c6-927c-6a09c3cc6395/clone3.wav,50013920251108132031_007_9531a71e-0983-49c6-927c-6a09c3cc6395,clone3.wav,"chín nghìn chín trăm chín mươi chín, bốn số chín chị nhá",work,2,unusable,user4,2026-05-26T02:21:05.530106+00:00,0,/kaggle/working/asr_quality_classifier/data/audio/data2/50013920251108132031_007_9531a71e-0983-49c6-927c-6a09c3cc6395/clone3.wav,0,1,0.7417857142857143,False Positive,0.7417857142857143
user5,50013920251108132031_007_9531a71e-0983-49c6-927c-6a09c3cc6395/clone8.wav,50013920251108132031_007_9531a71e-0983-49c6-927c-6a09c3cc6395,clone8.wav,"chín nghìn chín trăm chín mươi chín, bốn số chín chị nhá",work,2,unusable,user5,2026-05-26T03:04:43.298902+00:00,0,/kaggle/working/asr_quality_classifier/data/audio/data2/50013920251108132031_007_9531a71e-0983-49c6-927c-6a09c3cc6395/clone8.wav,0,1,0.7417857142857143,False Positive,0.7417857142857143
user1,50008420251114110604_012_3448332d-5345-45cd-8320-dc42a2667080/clone2.wav,50008420251114110604_012_3448332d-5345-45cd-8320-dc42a2667080,clone2.wav,ừ nhá ok em rồi cảm ơn chào anh tuấn nhá vâng,work,2,unusable,user1,2026-05-25T07:59:37.381697+00:00,0,/kaggle/working/asr_quality_classifier/data/audio/data2/50008420251114110604_012_3448332d-5345-45cd-8320-dc42a2667080/clone2.wav,0,1,0.7417857142857143,False Positive,0.7417857142857143
user6,50008620251104191005_000_cc84bb76-977f-43f1-94ea-d4359e9fa97f/clone6.wav,50008620251104191005_000_cc84bb76-977f-43f1-94ea-d4359e9fa97f,clone6.wav,"a-lô vâng, em chào chị em tùng đài hi phát ạ em thấy mình gọi nhỡ tổng đài mình cần hỗ trợ vấn đề gì không? à, ờ bạn ơi, có đợi mình tí nhá",work,2,unusable,user6,2026-05-25T10:04:28.148680+00:00,0,/kaggle/working/asr_quality_classifier/data/audio/data2/50008620251104191005_000_cc84bb76-977f-43f1-94ea-d4359e9fa97f/clone6.wav,0,1,0.7417857142857143,False Positive,0.7417857142857143
user6,50008420251110122414_004_c3edb252-f6f9-49b0-a876-0a813c96ed9f/clone1.wav,50008420251110122414_004_c3edb252-f6f9-49b0-a876-0a813c96ed9f,clone1.wav,anh tuấn anh ăn đi thôi,work,2,unusable,user6,2026-05-25T10:13:06.139743+00:00,0,/kaggle/working/asr_quality_classifier/data/audio/data2/50008420251110122414_004_c3edb252-f6f9-49b0-a876-0a813c96ed9f/clone1.wav,0,1,0.7417857142857143,False Positive,0.7417857142857143
user1,50008420251110122414_000_bf43ad6d-c9de-4b54-8986-c4e3c36e26ff/clone7.wav,50008420251110122414_000_bf43ad6d-c9de-4b54-8986-c4e3c36e26ff,clone7.wav,"không, cú này không phải ờ a-lô vâng, a-lô chào anh em gọi cho anh từ bên chăm sóc khách hàng của vinfast đấy ạ thì anh có gọi đến bên không biết là cần hỗ trợ gì vấn đề gì anh nhỉ? ờ vâng, mình hôm vừa rồi có làm khảo sát về cái xe điện ấy mình ngày trước là bên mình có nói qua cái điểm tập trung ấy để lấy xe nhưng mà bây giờ bên cái điểm tập trung là không hỗ trợ cho cán bộ công nhân viên nữa ấy vâng đấy, thế là",work,2,unusable,user1,2026-05-26T04:33:26.133114+00:00,0,/kaggle/working/asr_quality_classifier/data/audio/data2/50008420251110122414_000_bf43ad6d-c9de-4b54-8986-c4e3c36e26ff/clone7.wav,0,1,0.7417857142857143,False Positive,0.7417857142857143
user1,50008420251107142505_002_5253c9b1-b690-4083-bd06-caaff8024979/clone3.wav,50008420251107142505_002_5253c9b1-b690-4083-bd06-caaff8024979,clone3.wav,nhưng mà anh thấy sao mà cọc thẻ hơn hai mươi ngày rồi chưa thấy giao cho anh á,work,2,unusable,user1,2026-05-26T04:22:28.854015+00:00,0,/kaggle/working/asr_quality_classifier/data/audio/data2/50008420251107142505_002_5253c9b1-b690-4083-bd06-caaff8024979/clone3.wav,0,1,0.7417857142857143,False Positive,0.7417857142857143
user6,50008420251106163536_005_4aa533e8-17e4-47e0-b3b4-22ea85a64c8b/clone2.wav,50008420251106163536_005_4aa533e8-17e4-47e0-b3b4-22ea85a64c8b,clone2.wav,rồi có hình ảnh để bên em gửi cho bộ phận liên quan nếu mà chị thanh toán qua tếch,work,2,unusable,user6,2026-05-25T08:23:45.003151+00:00,0,/kaggle/working/asr_quality_classifier/data/audio/data2/50008420251106163536_005_4aa533e8-17e4-47e0-b3b4-22ea85a64c8b/clone2.wav,0,1,0.7417857142857143,False Positive,0.7417857142857143
user4,50015320251105181638_000_95b67408-9922-4776-a2e6-8ecfdb5cdfbd/clone6.wav,50015320251105181638_000_95b67408-9922-4776-a2e6-8ecfdb5cdfbd,clone6.wav,"a-lô, a-lô chào anh thắng, em là hào gọi lại cho anh từ trung tâm hỗ trợ kỹ thuật của vinfast ừ vâng, em ghi nhận là mình có câu hỏi liên quan đến vấn đề là vê ép bảy nó bị lỗi hệ thống đèn anh đấy, xe anh đang đang quên không tắt được máy, tao không tắt được đèn đấy không vừa về xong à cái đèn bên trái cái đèn dài ấy vâng, chỉ là không tắt được đèn thôi đúng không anh? ừ tắt cái khác thì vẫn tắt được bình thường vẫn tắt được bình thường hết, tắt được hết vâng, anh thử anh có ở xe đây không, anh ra ra thử giúp em cái xem thử xem nó hết không anh này đi ra ngoài rồi em hướng dẫn anh một lúc nữa chắc là lúc anh mới về được vâng, thế lát anh có thể thử giúp em là ri-xét lại cái màn hình em hát u nhá anh nhá là tắt đi cái màn hình vâng, à ri-xét thì anh có thể là lên xe anh bật lại hệ thống hoạt động bình thường anh nhá vâng, đấy thì à anh chuyển đèn về chế độ ốp cho em ừ, về tắt rồi đấy ừ, lúc anh cũng tắt đi rồi đấy vâng, anh nhấn giữ cái nút à",work,2,unusable,user4,2026-05-25T07:45:26.923975+00:00,0,/kaggle/working/asr_quality_classifier/data/audio/data2/50015320251105181638_000_95b67408-9922-4776-a2e6-8ecfdb5cdfbd/clone6.wav,0,1,0.7417857142857143,False Positive,0.7417857142857143
user6,50015320251105181638_001_5dfaf992-628d-493c-af39-de5d984fe263/clone1.wav,50015320251105181638_001_5dfaf992-628d-493c-af39-de5d984fe263,clone1.wav,"mình tắt âm thanh đấy anh nút tròn núm xoay tròn tròn ấy tăng giảm và tắt bật âm thanh đấy ừ vâng, anh nhấn giữ cho em tầm ba mươi giây cho màn hình nó tắt đi khởi động hệ thống khởi động trở lại ấy ừ vâng, sau đấy mà còn lỗi thì anh có thể gọi lại bọn em về em kiểm tra thêm ừ, cái số này phải không?",work,2,unusable,user6,2026-05-26T03:22:37.233125+00:00,0,/kaggle/working/asr_quality_classifier/data/audio/data2/50015320251105181638_001_5dfaf992-628d-493c-af39-de5d984fe263/clone1.wav,0,1,0.7417857142857143,False Positive,0.7417857142857143
user5,50014420251103111704_001_7f064832-1bfb-446d-977e-fefbe35ce5c7/clone2.wav,50014420251103111704_001_7f064832-1bfb-446d-977e-fefbe35ce5c7,clone2.wav,"vâng anh ơi, giúp em hỏi cái đơn hàng của em ấy dạ vâng để lấy ở hưng yên ấy bây giờ em muốn lấy xe gấp ấy anh có thể chuyển cái ý là em muốn lấy ở chỗ hải phòng chứ em không muốn lấy hưng yên có được không ạ? ờm cái này chỉ mất công chuyển đơn hàng mất chuyển đơn hàng thì mất từ khoảng bốn đến năm ngày cơ chị ạ",work,2,unusable,user5,2026-05-25T05:17:11.587690+00:00,0,/kaggle/working/asr_quality_classifier/data/audio/data2/50014420251103111704_001_7f064832-1bfb-446d-977e-fefbe35ce5c7/clone2.wav,0,1,0.7417857142857143,False Positive,0.7417857142857143
user7,50014420251111105449_000_db64e458-007d-44f3-882a-035fcc88b1f6/clone7.wav,50014420251111105449_000_db64e458-007d-44f3-882a-035fcc88b1f6,clone7.wav,"vâng, em chào anh gia đình từ trung tâm chăm sóc khách hàng vinfast nhé",work,2,unusable,user7,2026-05-25T08:26:25.939326+00:00,0,/kaggle/working/asr_quality_classifier/data/audio/data2/50014420251111105449_000_db64e458-007d-44f3-882a-035fcc88b1f6/clone7.wav,0,1,0.7417857142857143,False Positive,0.7417857142857143
user1,50013820251103105028_005_8bbd7b40-d1d7-4a82-8d03-3aaaa4545029/clone1.wav,50013820251103105028_005_8bbd7b40-d1d7-4a82-8d03-3aaaa4545029,clone1.wav,cái lúc đấy là mình nó bị mất luôn hả anh? cái lúc mà mình bị mất ấy thì mình gửi lên luôn đúng không?,work,2,unusable,user1,2026-05-25T08:50:44.982415+00:00,0,/kaggle/working/asr_quality_classifier/data/audio/data2/50013820251103105028_005_8bbd7b40-d1d7-4a82-8d03-3aaaa4545029/clone1.wav,0,1,0.7417857142857143,False Positive,0.7417857142857143
user5,50013820251101171359_001_a05fa497-92dd-4da8-9ae0-5fd002ad9c11/clone7.wav,50013820251101171359_001_a05fa497-92dd-4da8-9ae0-5fd002ad9c11,clone7.wav,à tấm ốp mà đằng sau chỗ máy á hình như là cái cái cái gì ạ? ờ cái này không biết là mình đã qua bên xưởng dịch vụ để kiểm tra chưa anh? anh chưa tại vì anh anh anh mới bị lúc chiều á nhưng mà anh thấy là cái này nó anh vừa mới đi qua cái vũng nước có một tí mà nó nó nó nó nó ấy nó nó nó nó gãy luôn á dạ cái này thì anh có thể sắp xếp thời gian qua bên xưởng dịch vụ để kiểm tra giúp em để cái cái thông tin chúng ta này em cũng chưa thể xác minh được cho mình là,work,2,unusable,user5,2026-05-25T08:24:13.930699+00:00,0,/kaggle/working/asr_quality_classifier/data/audio/data2/50013820251101171359_001_a05fa497-92dd-4da8-9ae0-5fd002ad9c11/clone7.wav,0,1,0.7417857142857143,False Positive,0.7417857142857143
user6,50013820251101171359_001_a05fa497-92dd-4da8-9ae0-5fd002ad9c11/clone8.wav,50013820251101171359_001_a05fa497-92dd-4da8-9ae0-5fd002ad9c11,clone8.wav,à tấm ốp mà đằng sau chỗ máy á hình như là cái cái cái gì ạ? ờ cái này không biết là mình đã qua bên xưởng dịch vụ để kiểm tra chưa anh? anh chưa tại vì anh anh anh mới bị lúc chiều á nhưng mà anh thấy là cái này nó anh vừa mới đi qua cái vũng nước có một tí mà nó nó nó nó nó ấy nó nó nó nó gãy luôn á dạ cái này thì anh có thể sắp xếp thời gian qua bên xưởng dịch vụ để kiểm tra giúp em để cái cái thông tin chúng ta này em cũng chưa thể xác minh được cho mình là,work,2,unusable,user6,2026-05-25T08:28:10.124894+00:00,0,/kaggle/working/asr_quality_classifier/data/audio/data2/50013820251101171359_001_a05fa497-92dd-4da8-9ae0-5fd002ad9c11/clone8.wav,0,1,0.7417857142857143,False Positive,0.7417857142857143
user6,50013820251101171359_002_96e5fb45-0816-4a9f-a69e-4fa016bd9cf3/clone7.wav,50013820251101171359_002_96e5fb45-0816-4a9f-a69e-4fa016bd9cf3,clone7.wav,tấm đấy ở vị trí nào ạ thì mình qua bên xưởng dịch vụ kiểm tra giúp em còn vấn đề mà tấm ốp chắn gầm vê ép bảy nghĩa là vê ép bảy ê-cô ấy thì vinfast cũng đã ghi nhận được nhiều góp ý của khách hàng về vấn đề đấy thì cũng đúng rồi đã ghi nhận thông tin và đội ngũ kỹ sư của vinfast cũng đã nghiên cứu để cải tiến trong tương lai anh ạ dạ vâng vâng nhưng mà bây giờ anh có đưa qua thì chắc thầy cũng mất tiền ha ừm cái này thì em chưa thể xác nhận cho mình được thì mình cứ mang qua bên xưởng dịch vụ để họ đánh giá thông tin thì mới báo cho mình là có mất chi phí hay không,work,2,unusable,user6,2026-05-25T08:30:58.360989+00:00,0,/kaggle/working/asr_quality_classifier/data/audio/data2/50013820251101171359_002_96e5fb45-0816-4a9f-a69e-4fa016bd9cf3/clone7.wav,0,1,0.7417857142857143,False Positive,0.7417857142857143
user3,50013520251112092110_001_8f66e640-b8de-4aad-94ac-21b94d03cfe0/clone2.wav,50013520251112092110_001_8f66e640-b8de-4aad-94ac-21b94d03cfe0,clone2.wav,"đặt số điện thoại nào anh? không phải số điện thoại này đúng không ạ? dạ không, không phải số này ạ vâng, nếu anh muốn cần hỗ trợ về vấn đề đơn hàng của mình ấy thì mình phải gọi lên tổng đài bên em bằng số điện thoại chính chủ bên em không kiểm tra chéo thông tin đâu anh nhé",work,2,unusable,user3,2026-05-26T02:58:35.256649+00:00,0,/kaggle/working/asr_quality_classifier/data/audio/data2/50013520251112092110_001_8f66e640-b8de-4aad-94ac-21b94d03cfe0/clone2.wav,0,1,0.7417857142857143,False Positive,0.7417857142857143
user3,50013520251114092042_002_42894aec-4c61-4afd-9572-8783613a764b/clone4.wav,50013520251114092042_002_42894aec-4c61-4afd-9572-8783613a764b,clone4.wav,đơn xe chị lan anh đúng không ạ? xe ê-vô lai niu đổi sang ê-vô rang đây đúng không chị?,work,2,unusable,user3,2026-05-25T05:18:44.372477+00:00,0,/kaggle/working/asr_quality_classifier/data/audio/data2/50013520251114092042_002_42894aec-4c61-4afd-9572-8783613a764b/clone4.wav,0,1,0.7417857142857143,False Positive,0.7417857142857143
user5,50013520251107193120_004_8b37b7e1-e50a-4a90-9e5c-de4c5f58a63f/clone1.wav,50013520251107193120_004_8b37b7e1-e50a-4a90-9e5c-de4c5f58a63f,clone1.wav,"không, anh ấn đặt lại anh ấn quên mật khẩu ấy nó sẽ gửi cho một cái đường linh về cái gi-mêu cho anh",work,2,unusable,user5,2026-05-25T08:28:34.694348+00:00,0,/kaggle/working/asr_quality_classifier/data/audio/data2/50013520251107193120_004_8b37b7e1-e50a-4a90-9e5c-de4c5f58a63f/clone1.wav,0,1,0.7417857142857143,False Positive,0.7417857142857143
user1,50013520251107201300_000_974e233e-0a45-4921-b211-67f0a03ed3d1/clone3.wav,50013520251107201300_000_974e233e-0a45-4921-b211-67f0a03ed3d1,clone3.wav,"a-lô dạ vâng, em chào chị em là thu linh bên trung tâm hỗ trợ vinfast em thấy mình có cuộc gọi nhỡ mình cần hỗ trợ vấn đề gì không ạ? ờ chị muốn hỗ trợ chị đăng ký mua hai cái xe của vinfast xe điện ờ chị",work,2,unusable,user1,2026-05-25T07:59:12.341461+00:00,0,/kaggle/working/asr_quality_classifier/data/audio/data2/50013520251107201300_000_974e233e-0a45-4921-b211-67f0a03ed3d1/clone3.wav,0,1,0.7417857142857143,False Positive,0.7417857142857143
user1,50008820251106175727_003_343294b1-a0d5-4873-a5ab-e421fd73afc4/clone7.wav,50008820251106175727_003_343294b1-a0d5-4873-a5ab-e421fd73afc4,clone7.wav,ừm có nghĩa là đơn thì là mình đặt cọc từ nhà phân phối ạ? anh đặt đúng rồi đúng rồi đặt cọc nhà phân phối ở ô-sần pác em nhá,work,2,unusable,user1,2026-05-26T04:10:10.371494+00:00,0,/kaggle/working/asr_quality_classifier/data/audio/data2/50008820251106175727_003_343294b1-a0d5-4873-a5ab-e421fd73afc4/clone7.wav,0,1,0.7417857142857143,False Positive,0.7417857142857143
user6,50008120251105141615_004_0b8a70b2-888c-43dc-868d-85ab75feea0e/clone5.wav,50008120251105141615_004_0b8a70b2-888c-43dc-868d-85ab75feea0e,clone5.wav,chỗ đại lý đó như thế nào nhỉ? em cũng có cho anh số hót-lain bên phía cơ sở nhá anh minh có thể chủ động liên hệ với các bạn ấy để các bạn ấy thông báo cho anh về thời gian bàn giao xe và các cái giấy tờ thủ tục mình cần mang theo khi mà mình qua nhận xe giúp anh,work,2,unusable,user6,2026-05-25T09:48:10.402809+00:00,0,/kaggle/working/asr_quality_classifier/data/audio/data2/50008120251105141615_004_0b8a70b2-888c-43dc-868d-85ab75feea0e/clone5.wav,0,1,0.7417857142857143,False Positive,0.7417857142857143
user5,50007720251104102314_003_8aec418e-828f-4c5f-929f-69e84db16e5f/clone4.wav,50007720251104102314_003_8aec418e-828f-4c5f-929f-69e84db16e5f,clone4.wav,"à bạn tâm á, tên tâm á",work,2,unusable,user5,2026-05-25T09:09:33.091512+00:00,0,/kaggle/working/asr_quality_classifier/data/audio/data2/50007720251104102314_003_8aec418e-828f-4c5f-929f-69e84db16e5f/clone4.wav,0,1,0.7417857142857143,False Positive,0.7417857142857143
user7,50007720251112175915_004_00b53efb-7f7a-455c-83b9-5a41f6579045/clone8.wav,50007720251112175915_004_00b53efb-7f7a-455c-83b9-5a41f6579045,clone8.wav,những cái này nó không có gì mới đâu hôm qua anh cũng đã gọi điện lên tổng đài nhà em rồi à những cái gì đấy anh đã ghi cho có bạn gì bạn ấy ghi ra đấy rồi thì bọn em sẽ tự xem ở đấy thôi không có gì thêm cả anh cần là thời gian nào anh lấy được thôi,work,2,unusable,user7,2026-05-25T07:32:48.982619+00:00,0,/kaggle/working/asr_quality_classifier/data/audio/data2/50007720251112175915_004_00b53efb-7f7a-455c-83b9-5a41f6579045/clone8.wav,0,1,0.7417857142857143,False Positive,0.7417857142857143
user7,50008820251101080318_001_d2c8d6b1-a2bd-4780-be53-8bcec3b6b35c/clone5.wav,50008820251101080318_001_d2c8d6b1-a2bd-4780-be53-8bcec3b6b35c,clone5.wav,"a-lô dạ vâng, em là em là hoa liên hệ với chị từ vinfast em có thấy mình có liên hệ đến qua phía tổng đài em liên hệ lại ạ ờ",work,2,unusable,user7,2026-05-26T02:06:35.882434+00:00,0,/kaggle/working/asr_quality_classifier/data/audio/data2/50008820251101080318_001_d2c8d6b1-a2bd-4780-be53-8bcec3b6b35c/clone5.wav,0,1,0.7417857142857143,False Positive,0.7417857142857143
user3,50008620251111164310_007_eed341c2-c314-4f79-a844-1a2dced29145/clone7.wav,50008620251111164310_007_eed341c2-c314-4f79-a844-1a2dced29145,clone7.wav,trên oét ấy thì cũng nó cũng không hiện thông tin mua bán hay là thông tin,work,2,unusable,user3,2026-05-25T07:43:21.594615+00:00,0,/kaggle/working/asr_quality_classifier/data/audio/data2/50008620251111164310_007_eed341c2-c314-4f79-a844-1a2dced29145/clone7.wav,0,1,0.7417857142857143,False Positive,0.7417857142857143
user2,50012720251107180705_003_d895f360-a890-4406-b8d8-5ff5b8c245a4/clone8.wav,50012720251107180705_003_d895f360-a890-4406-b8d8-5ff5b8c245a4,clone8.wav,cho em xin địa chỉ anh đang đỗ xe ạ à lô bê năm khu dân cư thạnh mỹ lợi,work,2,unusable,user2,2026-05-25T09:09:58.786702+00:00,0,/kaggle/working/asr_quality_classifier/data/audio/data2/50012720251107180705_003_d895f360-a890-4406-b8d8-5ff5b8c245a4/clone8.wav,0,1,0.7417857142857143,False Positive,0.7417857142857143
user3,50010320251112212040_009_67570e73-db40-4c69-887b-094f0168b22e/clone2.wav,50010320251112212040_009_67570e73-db40-4c69-887b-094f0168b22e,clone2.wav,"dạ, vâng vâng vâng thế để em hỏi lại bạn xêu xem thế nào vâng, anh phải kiểm tra lại thông tin cho em là mình xác nhận là đã thấy đủ chưa để bên em gửi cho i tê mới xử lý được à, dạ dạ vâng vâng ạ dạ, vâng ạ vâng, anh cố giúp em thao tác này bên em thì mới làm được tại vì máy em mới có được đổi được bình thường à, dạ dạ dạ vâng ạ vâng, anh cố giúp em xem lại giúp em nhé dạ, vâng vâng em cảm ơn chị ạ cảm ơn anh ạ",work,2,unusable,user3,2026-05-25T07:40:48.976837+00:00,0,/kaggle/working/asr_quality_classifier/data/audio/data2/50010320251112212040_009_67570e73-db40-4c69-887b-094f0168b22e/clone2.wav,0,1,0.7417857142857143,False Positive,0.7417857142857143
user2,50006920251105114114_007_5190a43b-3a28-4d7f-a43d-cc7d580703f0/clone4.wav,50006920251105114114_007_5190a43b-3a28-4d7f-a43d-cc7d580703f0,clone4.wav,nhưng mà xuất hóa đơn rồi,work,2,unusable,user2,2026-05-26T01:47:17.572822+00:00,0,/kaggle/working/asr_quality_classifier/data/audio/data2/50006920251105114114_007_5190a43b-3a28-4d7f-a43d-cc7d580703f0/clone4.wav,0,1,0.7417857142857143,False Positive,0.7417857142857143
user2,50006920251105114114_002_b41348a8-c65e-4ab4-864e-08da3f7449ca/clone7.wav,50006920251105114114_002_b41348a8-c65e-4ab4-864e-08da3f7449ca,clone7.wav,anh hiểu rồi xuất là bán bán rồi gì nữa? thì bảo bán bây giờ là bảo hủy thì hóa đơn,work,2,unusable,user2,2026-05-25T08:45:25.216434+00:00,0,/kaggle/working/asr_quality_classifier/data/audio/data2/50006920251105114114_002_b41348a8-c65e-4ab4-864e-08da3f7449ca/clone7.wav,0,1,0.7417857142857143,False Positive,0.7417857142857143
user4,50006520251108204810_000_7bdeb802-f81f-40a9-8b8f-fff75ed05361/clone6.wav,50006520251108204810_000_7bdeb802-f81f-40a9-8b8f-fff75ed05361,clone6.wav,"a-lô, em gọi lại cho anh từ bên vinfast anh ạ em thấy mình có cuộc gọi nhỡ đến tổng đài không biết anh cần hỗ trợ gì ạ? chị ơi cho em hỏi chị kiểm tra thử thông tin",work,2,unusable,user4,2026-05-26T03:03:49.734761+00:00,0,/kaggle/working/asr_quality_classifier/data/audio/data2/50006520251108204810_000_7bdeb802-f81f-40a9-8b8f-fff75ed05361/clone6.wav,0,1,0.7417857142857143,False Positive,0.7417857142857143
user1,50010320251109155328_002_9a2e8835-659e-4ad1-b708-320632e3f02c/clone8.wav,50010320251109155328_002_9a2e8835-659e-4ad1-b708-320632e3f02c,clone8.wav,mà gọi mấy số hót-lain ấy chả thấy ai cầm máy mình gọi số hót-lain nào đây? em bên em bảo cứu hộ số hai trăm tám mươi mốt ấy ạ,work,2,unusable,user1,2026-05-26T03:19:59.765906+00:00,0,/kaggle/working/asr_quality_classifier/data/audio/data2/50010320251109155328_002_9a2e8835-659e-4ad1-b708-320632e3f02c/clone8.wav,0,1,0.7417857142857143,False Positive,0.7417857142857143
user1,50010320251110094155_010_159fce5d-5260-4fd3-abfd-428fb0cf6bf8/clone7.wav,50010320251110094155_010_159fce5d-5260-4fd3-abfd-428fb0cf6bf8,clone7.wav,ý là bảo hành pin á bởi vì nãy là xưởng dịch vụ kiểm tra rồi người ta báo là lỗi pin bây giờ kêu gọi tổng đài để hỏi cái chỗ để bảo hành pin á,work,2,unusable,user1,2026-05-25T09:40:39.158672+00:00,0,/kaggle/working/asr_quality_classifier/data/audio/data2/50010320251110094155_010_159fce5d-5260-4fd3-abfd-428fb0cf6bf8/clone7.wav,0,1,0.7417857142857143,False Positive,0.7417857142857143
user5,50010320251107151315_001_47cdb797-cb2d-42f5-b2cb-0e9237fb912b/clone2.wav,50010320251107151315_001_47cdb797-cb2d-42f5-b2cb-0e9237fb912b,clone2.wav,mình là xe ê-vô giê một đúng không ạ? đúng rồi chị ạ chị chờ em một xíu,work,2,unusable,user5,2026-05-25T08:17:01.533241+00:00,0,/kaggle/working/asr_quality_classifier/data/audio/data2/50010320251107151315_001_47cdb797-cb2d-42f5-b2cb-0e9237fb912b/clone2.wav,0,1,0.7417857142857143,False Positive,0.7417857142857143
user3,50010320251101082022_010_28cfea0f-6970-48d2-82fc-23ee23f1532a/clone6.wav,50010320251101082022_010_28cfea0f-6970-48d2-82fc-23ee23f1532a,clone6.wav,"vâng, thì tức là về thao tác thì là bên phía thành phát sẽ là người thao tác cho anh không phải là bên tổng đài",work,2,unusable,user3,2026-05-26T04:19:16.043341+00:00,0,/kaggle/working/asr_quality_classifier/data/audio/data2/50010320251101082022_010_28cfea0f-6970-48d2-82fc-23ee23f1532a/clone6.wav,0,1,0.7417857142857143,False Positive,0.7417857142857143
user2,50009720251114171454_001_b37f6cdc-a0b9-44e2-97cd-1232edf00ce6/clone6.wav,50009720251114171454_001_b37f6cdc-a0b9-44e2-97cd-1232edf00ce6,clone6.wav,anh cho em biết được tầng máy ạ,work,2,unusable,user2,2026-05-25T08:48:58.519781+00:00,0,/kaggle/working/asr_quality_classifier/data/audio/data2/50009720251114171454_001_b37f6cdc-a0b9-44e2-97cd-1232edf00ce6/clone6.wav,0,1,0.7417857142857143,False Positive,0.7417857142857143
user2,50009620251106182938_002_00cc3f4e-d6f0-4ccf-9a14-5fefd0d05d89/clone3.wav,50009620251106182938_002_00cc3f4e-d6f0-4ccf-9a14-5fefd0d05d89,clone3.wav,"có đặt cọc mua xe từ ngày ngày mười lăm tháng chín ấy, giờ thì em vẫn chưa thấy thông báo là nhận xe ở đâu ở đâu",work,2,unusable,user2,2026-05-25T08:24:11.177714+00:00,0,/kaggle/working/asr_quality_classifier/data/audio/data2/50009620251106182938_002_00cc3f4e-d6f0-4ccf-9a14-5fefd0d05d89/clone3.wav,0,1,0.7417857142857143,False Positive,0.7417857142857143
user3,50013220251107190353_001_165cba5d-b796-44fc-a7b4-4cbc8d9294b5/clone7.wav,50013220251107190353_001_165cba5d-b796-44fc-a7b4-4cbc8d9294b5,clone7.wav,đây thông tin xe đây,work,2,unusable,user3,2026-05-25T04:56:45.809244+00:00,0,/kaggle/working/asr_quality_classifier/data/audio/data2/50013220251107190353_001_165cba5d-b796-44fc-a7b4-4cbc8d9294b5/clone7.wav,0,1,0.7417857142857143,False Positive,0.7417857142857143
user4,50013220251107190353_006_85706fae-49fd-45ea-8d01-4f4b73f04395/clone2.wav,50013220251107190353_006_85706fae-49fd-45ea-8d01-4f4b73f04395,clone2.wav,vê ba ạ ê hát vê ba ê hát rồi ạ,work,2,unusable,user4,2026-05-25T05:15:11.770670+00:00,0,/kaggle/working/asr_quality_classifier/data/audio/data2/50013220251107190353_006_85706fae-49fd-45ea-8d01-4f4b73f04395/clone2.wav,0,1,0.7417857142857143,False Positive,0.7417857142857143
user7,50005420251105064511_000_e072e10b-a287-4bb2-a11d-a239c5d56748/clone1.wav,50005420251105064511_000_e072e10b-a287-4bb2-a11d-a239c5d56748,clone1.wav,alô à? alô à? vâng vâng em thấy mình lại gọi lại tổng đài đúng không ạ? vâng tổng đài,work,2,unusable,user7,2026-05-25T07:21:04.895573+00:00,0,/kaggle/working/asr_quality_classifier/data/audio/data2/50005420251105064511_000_e072e10b-a287-4bb2-a11d-a239c5d56748/clone1.wav,0,1,0.7417857142857143,False Positive,0.7417857142857143
user5,50005420251103103353_005_13649676-e637-408a-9304-8d55e112406a/clone6.wav,50005420251103103353_005_13649676-e637-408a-9304-8d55e112406a,clone6.wav,thế thế em hỏi là bây giờ em cứ mang xe lên đa tốn gia lâm xong rồi để ở đấy có phải xin có phải xin giấy ở giôi không? không lại lên đấy rồi lại lại phải xin giấy à?,work,2,unusable,user5,2026-05-25T07:16:46.616231+00:00,0,/kaggle/working/asr_quality_classifier/data/audio/data2/50005420251103103353_005_13649676-e637-408a-9304-8d55e112406a/clone6.wav,0,1,0.7417857142857143,False Positive,0.7417857142857143
user7,50013220251104175346_001_f635cbee-a5ee-481e-a0d4-1f8fce7db4e3/clone6.wav,50013220251104175346_001_f635cbee-a5ee-481e-a0d4-1f8fce7db4e3,clone6.wav,"à, cho em hỏi em em mua cái cái xe mà hóa đơn em xuất ra là số giờ em muốn đổi qua cái số điện thoại này để em cài được áp á thì em làm sao anh?",work,2,unusable,user7,2026-05-26T03:46:11.868688+00:00,0,/kaggle/working/asr_quality_classifier/data/audio/data2/50013220251104175346_001_f635cbee-a5ee-481e-a0d4-1f8fce7db4e3/clone6.wav,0,1,0.7417857142857143,False Positive,0.7417857142857143
user7,50013220251104175346_005_41a8a7e9-14d8-4862-9255-f1cdcb6f2863/clone2.wav,50013220251104175346_005_41a8a7e9-14d8-4862-9255-f1cdcb6f2863,clone2.wav,"em cám ơn anh, em chào anh nhá",work,2,unusable,user7,2026-05-25T07:35:19.985652+00:00,0,/kaggle/working/asr_quality_classifier/data/audio/data2/50013220251104175346_005_41a8a7e9-14d8-4862-9255-f1cdcb6f2863/clone2.wav,0,1,0.7417857142857143,False Positive,0.7417857142857143
user7,50013220251101024420_000_576e79e2-c377-49a4-9c98-ec5d58ba3aef/clone6.wav,50013220251101024420_000_576e79e2-c377-49a4-9c98-ec5d58ba3aef,clone6.wav,a-lô dạ em ở bên tổng đài vinfast ạ vâng dạ anh có gọi nhớ của anh đến tổng đài em hỗ trợ gì cho anh ạ? à mình xem mình có bị va chạm ấy ạ dạ vâng mình muốn gọi xe cẩu về xưởng à mình ở bên à mình ở phú thọ,work,2,unusable,user7,2026-05-25T07:27:32.289474+00:00,0,/kaggle/working/asr_quality_classifier/data/audio/data2/50013220251101024420_000_576e79e2-c377-49a4-9c98-ec5d58ba3aef/clone6.wav,0,1,0.7417857142857143,False Positive,0.7417857142857143
user5,50013120251111145033_008_b86e13ec-a160-4ac0-8fbe-0220771571b2/clone7.wav,50013120251111145033_008_b86e13ec-a160-4ac0-8fbe-0220771571b2,clone7.wav,chưa gọi cứu hộ anh mà,work,2,unusable,user5,2026-05-26T04:28:41.125960+00:00,0,/kaggle/working/asr_quality_classifier/data/audio/data2/50013120251111145033_008_b86e13ec-a160-4ac0-8fbe-0220771571b2/clone7.wav,0,1,0.7417857142857143,False Positive,0.7417857142857143
user1,50013120251108161233_008_1b4e2e08-b449-44c2-a48f-664fe97c5d6f/clone6.wav,50013120251108161233_008_1b4e2e08-b449-44c2-a48f-664fe97c5d6f,clone6.wav,"en hai mươi nghìn hai trăm lẻ sáu đúng không ạ? vâng, vinfast tràng an, đống đa mới mở mới mở ở đường đường láng đúng không anh? đúng rồi, nằm sau ra đường láng chuyển từ chỗ ki-a ma-da sang vinfast đấy ạ mới chuyển được một tuần vâng, vâng để em bảo",work,2,unusable,user1,2026-05-26T04:39:03.954448+00:00,0,/kaggle/working/asr_quality_classifier/data/audio/data2/50013120251108161233_008_1b4e2e08-b449-44c2-a48f-664fe97c5d6f/clone6.wav,0,1,0.7417857142857143,False Positive,0.7417857142857143
user1,50013120251110084228_003_0d61b4c8-3f94-4c84-a89e-033ea5ab7038/clone4.wav,50013120251110084228_003_0d61b4c8-3f94-4c84-a89e-033ea5ab7038,clone4.wav,"mình là xe cá nhân à anh? cá nhân vâng, anh đăng ký vào số này luôn à? vâng",work,2,unusable,user1,2026-05-25T07:41:56.649988+00:00,0,/kaggle/working/asr_quality_classifier/data/audio/data2/50013120251110084228_003_0d61b4c8-3f94-4c84-a89e-033ea5ab7038/clone4.wav,0,1,0.7417857142857143,False Positive,0.7417857142857143
user4,50013120251107093749_002_3f545fa6-747d-4b54-8663-9e713f168da6/clone7.wav,50013120251107093749_002_3f545fa6-747d-4b54-8663-9e713f168da6,clone7.wav,vin bên vinfast hoàn tiền cho khách anh nhỉ? hoàn tiền lãi suất ấy ạ ờ ngân khách hàng dùng ngân hàng nào hả anh?,work,2,unusable,user4,2026-05-25T08:35:57.250359+00:00,0,/kaggle/working/asr_quality_classifier/data/audio/data2/50013120251107093749_002_3f545fa6-747d-4b54-8663-9e713f168da6/clone7.wav,0,1,0.7417857142857143,False Positive,0.7417857142857143
user6,50013120251107093749_007_e81f7a5a-d6cd-4f03-b787-09c4163d1a07/clone2.wav,50013120251107093749_007_e81f7a5a-d6cd-4f03-b787-09c4163d1a07,clone2.wav,vâng em cảm ơn anh em chào anh ạ dạ vâng nếu anh cần hỗ trợ gì thêm ạ thì có thể gọi vào số này ạ,work,2,unusable,user6,2026-05-25T09:03:44.751933+00:00,0,/kaggle/working/asr_quality_classifier/data/audio/data2/50013120251107093749_007_e81f7a5a-d6cd-4f03-b787-09c4163d1a07/clone2.wav,0,1,0.7417857142857143,False Positive,0.7417857142857143
user6,50013120251107093749_007_e81f7a5a-d6cd-4f03-b787-09c4163d1a07/clone6.wav,50013120251107093749_007_e81f7a5a-d6cd-4f03-b787-09c4163d1a07,clone6.wav,vâng em cảm ơn anh em chào anh ạ dạ vâng nếu anh cần hỗ trợ gì thêm ạ thì có thể gọi vào số này ạ,work,2,unusable,user6,2026-05-25T09:03:44.752070+00:00,0,/kaggle/working/asr_quality_classifier/data/audio/data2/50013120251107093749_007_e81f7a5a-d6cd-4f03-b787-09c4163d1a07/clone6.wav,0,1,0.7417857142857143,False Positive,0.7417857142857143
user1,50013120251105092121_007_50b402b5-a85f-4f16-b014-c7594c414270/clone1.wav,50013120251105092121_007_50b402b5-a85f-4f16-b014-c7594c414270,clone1.wav,mình đặt cọc mua xe nên là xe công ty mà anh anh tưởng là mình mua xe cá nhân à?,work,2,unusable,user1,2026-05-25T05:12:29.779404+00:00,0,/kaggle/working/asr_quality_classifier/data/audio/data2/50013120251105092121_007_50b402b5-a85f-4f16-b014-c7594c414270/clone1.wav,0,1,0.7417857142857143,False Positive,0.7417857142857143
user5,50007220251104120341_010_3ca915e9-1c81-441d-9db0-6ddd0f31af26/clone8.wav,50007220251104120341_010_3ca915e9-1c81-441d-9db0-6ddd0f31af26,clone8.wav,định lắp thêm cái công ty nó làm sao thì nó không vậy á hả?,work,2,unusable,user5,2026-05-26T04:20:50.252394+00:00,0,/kaggle/working/asr_quality_classifier/data/audio/data2/50007220251104120341_010_3ca915e9-1c81-441d-9db0-6ddd0f31af26/clone8.wav,0,1,0.7417857142857143,False Positive,0.7417857142857143
user3,50007220251103190456_009_a500a7a4-e771-4b3d-ab0d-cf25fc7e2491/clone3.wav,50007220251103190456_009_a500a7a4-e771-4b3d-ab0d-cf25fc7e2491,clone3.wav,"à dạ hiện tại ở trong khu vực của mình đang có xe các xưởng đang bị quá tải đấy anh thì anh vui lòng chờ thêm một chút ạ thì anh chủ động liên hệ ra là bạn lên xưởng thì các bạn lên xưởng sẽ qua để cứu hộ anh nhá vâng vâng vâng dạ vâng em cảm ơn anh, em chào anh ạ",work,2,unusable,user3,2026-05-26T04:19:48.580490+00:00,0,/kaggle/working/asr_quality_classifier/data/audio/data2/50007220251103190456_009_a500a7a4-e771-4b3d-ab0d-cf25fc7e2491/clone3.wav,0,1,0.7417857142857143,False Positive,0.7417857142857143
user5,50007220251101154858_002_33c11767-d406-4e1a-b32b-5f3a0a840714/clone3.wav,50007220251101154858_002_33c11767-d406-4e1a-b32b-5f3a0a840714,clone3.wav,có chứ anh em dạ thường thì thường thì giê pê ét sóng mạnh ấy anh nó sẽ ảnh hưởng đến cái tín hiệu của chìa dẫn đến xe ấy anh,work,2,unusable,user5,2026-05-25T07:03:34.329938+00:00,0,/kaggle/working/asr_quality_classifier/data/audio/data2/50007220251101154858_002_33c11767-d406-4e1a-b32b-5f3a0a840714/clone3.wav,0,1,0.7417857142857143,False Positive,0.7417857142857143
user3,50009420251113112127_001_e47a708b-3cb8-4d3b-be0f-af5300b85f3f/clone7.wav,50009420251113112127_001_e47a708b-3cb8-4d3b-be0f-af5300b85f3f,clone7.wav,"vâng ạ em thấy mình gọi nhỡ bên em, anh cần hỗ trợ gì không ạ? em bạn ấy cho mình hỏi là hôm mình làm ở công ty thanh hóa ạ vâng mình có đặt cái cho cái đơn hàng của mình bây's giờ nằm ở đại lý nào nhỉ? mình muốn chuyển về đại lý văn đô ba trăm mười bảy ấy của hà tĩnh thành phố hà tĩnh ấy không biết chuyển đến đâu rồi vâng trước nhất là hôm trước mình có cũng gọi là nhờ các bạn bên bán ấy à dạ vâng chuyển về đại lý không biết đã được chưa dạ vâng em thấy mình có yêu cầu chuyển đơn hàng của mình về đại lý hồng quang hà tĩnh nhưng mà em thấy hiện tại thì vẫn chưa chuyển anh ạ cũng rất là xin lỗi anh thì em sẽ báo lại từ phía bộ phận đại lý hiện tại sẽ làm hồ sơ để mà chuyển đơn của mình ra đại lý mới nhé",work,2,unusable,user3,2026-05-25T07:43:50.384150+00:00,0,/kaggle/working/asr_quality_classifier/data/audio/data2/50009420251113112127_001_e47a708b-3cb8-4d3b-be0f-af5300b85f3f/clone7.wav,0,1,0.7417857142857143,False Positive,0.7417857142857143
user5,50009420251113112127_003_ac75b0fb-3514-47d2-bbda-9787fec6c411/clone4.wav,50009420251113112127_003_ac75b0fb-3514-47d2-bbda-9787fec6c411,clone4.wav,rồi để em báo lại bên đấy dạ vâng rồi em cảm ơn nhá dạ,work,2,unusable,user5,2026-05-26T03:53:41.623997+00:00,0,/kaggle/working/asr_quality_classifier/data/audio/data2/50009420251113112127_003_ac75b0fb-3514-47d2-bbda-9787fec6c411/clone4.wav,0,1,0.7417857142857143,False Positive,0.7417857142857143
user1,50009420251109163737_008_7baaf015-026c-4b7f-8231-1bec2243cfca/clone3.wav,50009420251109163737_008_7baaf015-026c-4b7f-8231-1bec2243cfca,clone3.wav,"à dạ vâng, anh để anh cho em xin cái số điện thoại của bên diên lạc giùm em nha anh à vâng, số điện thoại bên đấy là chín trăm ba mươi lăm chín trăm ba mươi lăm",work,2,unusable,user1,2026-05-26T03:27:31.463178+00:00,0,/kaggle/working/asr_quality_classifier/data/audio/data2/50009420251109163737_008_7baaf015-026c-4b7f-8231-1bec2243cfca/clone3.wav,0,1,0.7417857142857143,False Positive,0.7417857142857143
user3,50009420251109170154_003_71f9710e-1330-41ac-bca4-ce30cf29f03e/clone1.wav,50009420251109170154_003_71f9710e-1330-41ac-bca4-ce30cf29f03e,clone1.wav,vê ép ba em vâng tức là mình dừng đỗ hai ngày không đi thì bây giờ không còn nguồn điện đúng rồi vâng,work,2,unusable,user3,2026-05-25T07:49:42.493538+00:00,0,/kaggle/working/asr_quality_classifier/data/audio/data2/50009420251109170154_003_71f9710e-1330-41ac-bca4-ce30cf29f03e/clone1.wav,0,1,0.7417857142857143,False Positive,0.7417857142857143
user6,50009420251105200908_002_35fb1365-e836-40d1-9c87-23cef5352f41/clone3.wav,50009420251105200908_002_35fb1365-e836-40d1-9c87-23cef5352f41,clone3.wav,"vâng, anh cần hỗ trợ gì đây ạ? anh cần hỗ trợ em gọi vinfast là vinfast sao lại có tổng đài hai mươi tư thế nhỉ? vâng, em gọi ra bằng máy bàn anh ạ à, thế à? ừ, anh đang cần hỗ trợ anh giờ đang không có đồng tiền nào vừa mua xe vinfast hết sạch tiền rồi bây giờ đang định vinfast vay tiền",work,2,unusable,user6,2026-05-25T10:07:26.866360+00:00,0,/kaggle/working/asr_quality_classifier/data/audio/data2/50009420251105200908_002_35fb1365-e836-40d1-9c87-23cef5352f41/clone3.wav,0,1,0.7417857142857143,False Positive,0.7417857142857143
user2,50009420251105200908_002_35fb1365-e836-40d1-9c87-23cef5352f41/clone6.wav,50009420251105200908_002_35fb1365-e836-40d1-9c87-23cef5352f41,clone6.wav,"vâng, anh cần hỗ trợ gì đây ạ? anh cần hỗ trợ em gọi vinfast là vinfast sao lại có tổng đài hai mươi tư thế nhỉ? vâng, em gọi ra bằng máy bàn anh ạ à, thế à? ừ, anh đang cần hỗ trợ anh giờ đang không có đồng tiền nào vừa mua xe vinfast hết sạch tiền rồi bây giờ đang định vinfast vay tiền",work,2,unusable,user2,2026-05-26T02:02:43.256753+00:00,0,/kaggle/working/asr_quality_classifier/data/audio/data2/50009420251105200908_002_35fb1365-e836-40d1-9c87-23cef5352f41/clone6.wav,0,1,0.7417857142857143,False Positive,0.7417857142857143
user5,50009420251105200908_002_35fb1365-e836-40d1-9c87-23cef5352f41/clone8.wav,50009420251105200908_002_35fb1365-e836-40d1-9c87-23cef5352f41,clone8.wav,"vâng, anh cần hỗ trợ gì đây ạ? anh cần hỗ trợ em gọi vinfast là vinfast sao lại có tổng đài hai mươi tư thế nhỉ? vâng, em gọi ra bằng máy bàn anh ạ à, thế à? ừ, anh đang cần hỗ trợ anh giờ đang không có đồng tiền nào vừa mua xe vinfast hết sạch tiền rồi bây giờ đang định vinfast vay tiền",work,2,unusable,user5,2026-05-25T08:23:08.521089+00:00,0,/kaggle/working/asr_quality_classifier/data/audio/data2/50009420251105200908_002_35fb1365-e836-40d1-9c87-23cef5352f41/clone8.wav,0,1,0.7417857142857143,False Positive,0.7417857142857143
user6,50009420251103170343_016_613187a0-23a9-4a74-b42a-bca2d75e75b4/clone2.wav,50009420251103170343_016_613187a0-23a9-4a74-b42a-bca2d75e75b4,clone2.wav,giờ giờ em cảm ơn nha em thắc mắc cái đó lát mình gọi bên đấy riêng anh ạ,work,2,unusable,user6,2026-05-25T07:15:10.547140+00:00,0,/kaggle/working/asr_quality_classifier/data/audio/data2/50009420251103170343_016_613187a0-23a9-4a74-b42a-bca2d75e75b4/clone2.wav,0,1,0.7417857142857143,False Positive,0.7417857142857143
user5,50009420251104105154_000_efaaad0c-9247-41a2-8fae-8479dcd37812/clone6.wav,50009420251104105154_000_efaaad0c-9247-41a2-8fae-8479dcd37812,clone6.wav,"a-lô vâng, em ở tổng đài vinfast ạ dạ à à à anh tư vấn giùm em cái chỗ chỗ mà từ đang từ thuê pin xe máy điện sang mua pin đấy vâng",work,2,unusable,user5,2026-05-26T03:05:00.384857+00:00,0,/kaggle/working/asr_quality_classifier/data/audio/data2/50009420251104105154_000_efaaad0c-9247-41a2-8fae-8479dcd37812/clone6.wav,0,1,0.7417857142857143,False Positive,0.7417857142857143
user6,50009420251104105154_003_771152b3-03f8-446b-8e59-89c07f423255/clone7.wav,50009420251104105154_003_771152b3-03f8-446b-8e59-89c07f423255,clone7.wav,à mình phải phụ bao nhiêu tiền anh ạ? cái này thì sẽ tùy theo thời gian mình bắt đầu thuê pin chị còn nhớ là mình thuê pin từ năm bao nhiêu không?,work,2,unusable,user6,2026-05-26T03:57:31.516410+00:00,0,/kaggle/working/asr_quality_classifier/data/audio/data2/50009420251104105154_003_771152b3-03f8-446b-8e59-89c07f423255/clone7.wav,0,1,0.7417857142857143,False Positive,0.7417857142857143
user5,50006520251103102847_008_773228e1-38e7-4ba2-b5d1-7b8ab1ffc3c5/clone2.wav,50006520251103102847_008_773228e1-38e7-4ba2-b5d1-7b8ab1ffc3c5,clone2.wav,có cơ sở ở nguyễn văn tăng đúng không ạ? phường lon bình,work,2,unusable,user5,2026-05-26T03:45:27.567754+00:00,0,/kaggle/working/asr_quality_classifier/data/audio/data2/50006520251103102847_008_773228e1-38e7-4ba2-b5d1-7b8ab1ffc3c5/clone2.wav,0,1,0.7417857142857143,False Positive,0.7417857142857143
user6,50010820251105093126_008_f84ec2b5-1b06-48a0-be18-db07e1acff78/clone4.wav,50010820251105093126_008_f84ec2b5-1b06-48a0-be18-db07e1acff78,clone4.wav,"dương quang, gia lâm này thì gần nhất là có vinfast linh đàm linh đàm, văn lâm ở bốn mươi sáu như quỳnh ạ",work,2,unusable,user6,2026-05-26T04:05:26.972859+00:00,0,/kaggle/working/asr_quality_classifier/data/audio/data2/50010820251105093126_008_f84ec2b5-1b06-48a0-be18-db07e1acff78/clone4.wav,0,1,0.7417857142857143,False Positive,0.7417857142857143
user6,50010820251109091538_003_9635339d-24ff-4c40-88d7-06a4233fbee8/clone6.wav,50010820251109091538_003_9635339d-24ff-4c40-88d7-06a4233fbee8,clone6.wav,"thì nếu mà trừ đi hai triệu nữa sẽ rơi khoảng sáu phẩy sáu trăm năm mươi chín triệu đồng ừm đấy là rơi đến mức giá rất tiến anh ạ ừm thì là nếu mà trong trường hợp mình có nhu cầu anh có thể qua địa chỉ là sáu trăm lẻ một nguyễn văn cừ nhá thì đấy là đại lý của vinfast thì các bạn sẽ hỗ trợ làm thủ tục anh ạ à, ok ok ừm ừm ừm ừm dạ chào anh cảm ơn em dạ vâng ạ",work,2,unusable,user6,2026-05-26T03:59:17.427777+00:00,0,/kaggle/working/asr_quality_classifier/data/audio/data2/50010820251109091538_003_9635339d-24ff-4c40-88d7-06a4233fbee8/clone6.wav,0,1,0.7417857142857143,False Positive,0.7417857142857143
user2,50010820251101121931_011_5936160d-9869-442e-8ae7-1b7fe26377ec/clone6.wav,50010820251101121931_011_5936160d-9869-442e-8ae7-1b7fe26377ec,clone6.wav,bên em chỉ anh biết mỗi cả bên kinh doanh thôi,work,2,unusable,user2,2026-05-25T04:56:00.160203+00:00,0,/kaggle/working/asr_quality_classifier/data/audio/data2/50010820251101121931_011_5936160d-9869-442e-8ae7-1b7fe26377ec/clone6.wav,0,1,0.7417857142857143,False Positive,0.7417857142857143
user2,50010720251114100234_004_8d11d826-1e24-4e0a-97c3-450fe7ae39ac/clone5.wav,50010720251114100234_004_8d11d826-1e24-4e0a-97c3-450fe7ae39ac,clone5.wav,"chị nhận được à chị đặt từ hôm ki-a, hôm hôm nào nhỉ? hôm sáng phải ba hôm rồi đến nay còn đâu",work,2,unusable,user2,2026-05-26T02:02:23.953008+00:00,0,/kaggle/working/asr_quality_classifier/data/audio/data2/50010720251114100234_004_8d11d826-1e24-4e0a-97c3-450fe7ae39ac/clone5.wav,0,1,0.7417857142857143,False Positive,0.7417857142857143
user2,50005720251101163604_001_3a2fae13-6485-42e7-aa62-aacb44e50164/clone6.wav,50005720251101163604_001_3a2fae13-6485-42e7-aa62-aacb44e50164,clone6.wav,"em trả lời một cuộc gọi nhỡ trên đây không biết mình cần hỗ trợ thông tin gì à, mình có đóng tiền hàng hàng năm đó năm một trăm mấy đó theo dõi định vị đó mà định vị nãy coi cái lịch trình đó bây giờ tự nhiên nó nhảy ra luôn nó kêu đăng nhập mà không biết đường đăng nhập nữa à, dạ vâng mình đăng nhập lại giúp em nhé nếu quên mật khẩu thì",work,2,unusable,user2,2026-05-26T01:57:15.319679+00:00,0,/kaggle/working/asr_quality_classifier/data/audio/data2/50005720251101163604_001_3a2fae13-6485-42e7-aa62-aacb44e50164/clone6.wav,0,1,0.7417857142857143,False Positive,0.7417857142857143
user6,50005720251101163604_001_3a2fae13-6485-42e7-aa62-aacb44e50164/clone7.wav,50005720251101163604_001_3a2fae13-6485-42e7-aa62-aacb44e50164,clone7.wav,"em trả lời một cuộc gọi nhỡ trên đây không biết mình cần hỗ trợ thông tin gì à, mình có đóng tiền hàng hàng năm đó năm một trăm mấy đó theo dõi định vị đó mà định vị nãy coi cái lịch trình đó bây giờ tự nhiên nó nhảy ra luôn nó kêu đăng nhập mà không biết đường đăng nhập nữa à, dạ vâng mình đăng nhập lại giúp em nhé nếu quên mật khẩu thì",work,2,unusable,user6,2026-05-26T03:11:01.523070+00:00,0,/kaggle/working/asr_quality_classifier/data/audio/data2/50005720251101163604_001_3a2fae13-6485-42e7-aa62-aacb44e50164/clone7.wav,0,1,0.7417857142857143,False Positive,0.7417857142857143
user5,50005720251101163604_005_6eb69f8d-37cd-4aaf-b64b-f6cf4698a53c/clone2.wav,50005720251101163604_005_6eb69f8d-37cd-4aaf-b64b-f6cf4698a53c,clone2.wav,hiện tại thì mình cứ thử đăng nhập giùm giúp em nhé nếu mà không được thì gọi tổng đài bên em hỗ trợ kiểm tra cho mình,work,2,unusable,user5,2026-05-26T04:22:05.944625+00:00,0,/kaggle/working/asr_quality_classifier/data/audio/data2/50005720251101163604_005_6eb69f8d-37cd-4aaf-b64b-f6cf4698a53c/clone2.wav,0,1,0.7417857142857143,False Positive,0.7417857142857143
user4,50005720251101163604_011_b0370d43-bcef-49e0-b72b-5f0068860ba9/clone1.wav,50005720251101163604_011_b0370d43-bcef-49e0-b72b-5f0068860ba9,clone1.wav,"mật khẩu đó mình mình mình mình quên mình gửi lại rồi rồi cái nó gửi lại thông báo là hay sao? dạ vâng, nó sẽ gửi về lại vào mêu đấy ạ",work,2,unusable,user4,2026-05-25T04:42:35.723107+00:00,0,/kaggle/working/asr_quality_classifier/data/audio/data2/50005720251101163604_011_b0370d43-bcef-49e0-b72b-5f0068860ba9/clone1.wav,0,1,0.7417857142857143,False Positive,0.7417857142857143
user4,50013020251114141111_008_955d737e-d2d1-4354-b448-38ee2e8d05dd/clone3.wav,50013020251114141111_008_955d737e-d2d1-4354-b448-38ee2e8d05dd,clone3.wav,"thế ạ? ok để chị hỏi lại thêm dạ vâng, có gì cập nhật thêm tiến độ giúp em với để em có phương án trả lời khách hàng chứ khách hàng này họ cứ vin vào tại sao lấy xe tám tháng rồi chưa có giấy tờ",work,2,unusable,user4,2026-05-25T04:57:39.881119+00:00,0,/kaggle/working/asr_quality_classifier/data/audio/data2/50013020251114141111_008_955d737e-d2d1-4354-b448-38ee2e8d05dd/clone3.wav,0,1,0.7417857142857143,False Positive,0.7417857142857143
user4,50013020251114141111_008_955d737e-d2d1-4354-b448-38ee2e8d05dd/clone7.wav,50013020251114141111_008_955d737e-d2d1-4354-b448-38ee2e8d05dd,clone7.wav,"thế ạ? ok để chị hỏi lại thêm dạ vâng, có gì cập nhật thêm tiến độ giúp em với để em có phương án trả lời khách hàng chứ khách hàng này họ cứ vin vào tại sao lấy xe tám tháng rồi chưa có giấy tờ",work,2,unusable,user4,2026-05-25T04:57:39.881265+00:00,0,/kaggle/working/asr_quality_classifier/data/audio/data2/50013020251114141111_008_955d737e-d2d1-4354-b448-38ee2e8d05dd/clone7.wav,0,1,0.7417857142857143,False Positive,0.7417857142857143
user4,50013020251101161629_000_9ea7ce7d-373a-40be-a1a4-49695629440a/clone2.wav,50013020251101161629_000_9ea7ce7d-373a-40be-a1a4-49695629440a,clone2.wav,"a-lô dạ vâng, em chào anh kiên ạ em gọi anh kiên từ bên tổng đài vinfast xin lỗi là phiền anh kiên một chút ạ bên em có tiếp nhận được đơn hàng vinfast grin của mình ạ mình thông báo là mình đặt xe từ tháng ba đến nay là vẫn chưa ngày mười bốn tháng ba đúng rồi ngày mười bốn tháng ba đến nay, ngày mười bốn tháng ba là đến nay là chưa nhận được thông tin bàn giao xe đấy đúng không anh? đúng rồi, là ghép xe cũng chưa có luôn mà dạ, trước tiên xin lỗi anh về cái bất tiện anh đang gặp phải ạ không rõ mình đang làm việc với cả bạn tư vấn bán hàng là thanh hương đấy đúng không ạ? đúng rồi anh vâng, bên em đã có chuyển thông tin này của anh, đơn hàng của mình qua bên bộ phận liên quan để họ kiểm tra rồi anh ạ có kết quả hay cần cập nhật gì thêm, bên em cũng như bên bộ phận kinh doanh sẽ trao đổi lại trực tiếp với mình anh nhá ngoài ra thì em trao đổi một chút ý, thời gian giao xe ấy thì ngoài phụ thuộc vào thời gian mình đặt hàng, số thứ tự ra thì còn phụ thuộc vào phiên bản, màu xe, lô sản xuất từ bên nhà máy nên là khi mà có thông tin ghép xe thì các bạn bên nhà máy sẽ báo lại trực tiếp cho bên đơn vị kinh doanh và đơn vị kinh doanh sẽ báo lại cho mình anh nhá và bên em cũng mong muốn là hỗ trợ bàn giao xe sớm cho mình anh nhá ta là sử dụng đơn hàng cũng rất là lớn bên em sẽ chuyển trước thông tin này của anh qua bên bộ phận kinh doanh để họ kiểm tra có kết quả hay cần cập nhật gì thêm thì bên em sẽ báo lại cho mình sau tại vì anh thấy là giao cũng nhiều rồi, nhưng mà anh tới ngày mười bốn tháng ba là cái chuyện ký luôn á chứ không phải là cái tiên phong nữa",work,2,unusable,user4,2026-05-26T02:01:22.814929+00:00,0,/kaggle/working/asr_quality_classifier/data/audio/data2/50013020251101161629_000_9ea7ce7d-373a-40be-a1a4-49695629440a/clone2.wav,0,1,0.7417857142857143,False Positive,0.7417857142857143
user5,50013020251101161629_002_eb01b4b3-ecba-4e7c-a6d8-d6fe09c313c3/clone3.wav,50013020251101161629_002_eb01b4b3-ecba-4e7c-a6d8-d6fe09c313c3,clone3.wav,"vâng, cảm ơn anh cảm ơn anh ạ dạ",work,2,unusable,user5,2026-05-25T07:58:49.694992+00:00,0,/kaggle/working/asr_quality_classifier/data/audio/data2/50013020251101161629_002_eb01b4b3-ecba-4e7c-a6d8-d6fe09c313c3/clone3.wav,0,1,0.7417857142857143,False Positive,0.7417857142857143
user1,50013020251113142916_001_f833d585-307a-4690-8a45-1242e5783ec9/clone2.wav,50013020251113142916_001_f833d585-307a-4690-8a45-1242e5783ec9,clone2.wav,báo với mình là khoảng mười lăm phút để báo để để để gửi lại dữ liệu về nhà máy dạ có gì mình sắp xếp thời gian qua bên xưởng trước giúp em đã để bên xưởng dịch vụ lấy các thông tin từ bộ phận liên quan kiểm tra thêm anh nhá ừm ok dạ vâng ạ dạ cô xin lỗi anh ạ tại vì cái pin của xe mình nó hơi bị kém rồi ấy mình làm cái từ hôm mùng ngày ba mươi mốt tháng mười mang xe đến mà bây giờ mình cũng chả nhận được kết quả gì mình nói thật sự là cũng hơi bức xúc một chút về cái việc chậm trễ ạ dạ vâng cô xin lỗi anh ạ xử lý xử lý như nào với cái pin chất lượng pin này nó kém quá tại vì xe mình mua xe tiên phong ấy có nhiều vấn đề,work,2,unusable,user1,2026-05-26T04:24:58.273569+00:00,0,/kaggle/working/asr_quality_classifier/data/audio/data2/50013020251113142916_001_f833d585-307a-4690-8a45-1242e5783ec9/clone2.wav,0,1,0.7417857142857143,False Positive,0.7417857142857143
user3,50012720251110141432_003_3c55777f-5265-4587-b7ba-824ca44b52af/clone6.wav,50012720251110141432_003_3c55777f-5265-4587-b7ba-824ca44b52af,clone6.wav,tức là chuyển nó nó vẫn còn dùng được cái gói một phẩy tám không giới hạn km đúng không? dạ đúng rồi ạ cái này là khi mà mình mua gói tiên phong thì mình có được chuyển qua thì vẫn chuyển được anh nhá lúc nãy em mà nó bảo em là em sai là mua tiên phong mà em mua đặt cọc luôn mà à dạ vâng bên em sau khi kiểm tra lại thì mình có thể chuyển đổi được anh nhá và phí cước phí mà mình chuyển đổi sẽ là bốn triệu một trăm hai mươi nghìn đồng một lần cho cái khoản chuyển đổi gói cước thuê pin này ạ ờ rồi rồi rồi biết rồi à dạ vâng ạ thì mình có thể à có thể là làm việc tiếp với đại lý giúp em anh nhá ừ rồi rồi rồi cảm ơn anh dạ vâng ạ em chào anh ạ,work,2,unusable,user3,2026-05-26T03:07:58.220556+00:00,0,/kaggle/working/asr_quality_classifier/data/audio/data2/50012720251110141432_003_3c55777f-5265-4587-b7ba-824ca44b52af/clone6.wav,0,1,0.7417857142857143,False Positive,0.7417857142857143
user3,50009420251101095231_005_f96c0013-b56e-4156-92f9-94ebc15514ae/clone6.wav,50009420251101095231_005_f96c0013-b56e-4156-92f9-94ebc15514ae,clone6.wav,thế thì em đã bảo bên xưởng ki-a chưa?,work,2,unusable,user3,2026-05-26T03:03:34.227531+00:00,0,/kaggle/working/asr_quality_classifier/data/audio/data2/50009420251101095231_005_f96c0013-b56e-4156-92f9-94ebc15514ae/clone6.wav,0,1,0.7417857142857143,False Positive,0.7417857142857143
user6,50009420251101095231_006_0377c376-e144-431e-8c06-450b1d788aef/clone5.wav,50009420251101095231_006_0377c376-e144-431e-8c06-450b1d788aef,clone5.wav,bảo bên xưởng nào nhỉ?,work,2,unusable,user6,2026-05-25T07:54:11.786607+00:00,0,/kaggle/working/asr_quality_classifier/data/audio/data2/50009420251101095231_006_0377c376-e144-431e-8c06-450b1d788aef/clone5.wav,0,1,0.7417857142857143,False Positive,0.7417857142857143
user5,50009420251101095231_008_66b12223-d1c5-4d23-8542-1aacdfcfaa64/clone7.wav,50009420251101095231_008_66b12223-d1c5-4d23-8542-1aacdfcfaa64,clone7.wav,"ý là anh cần làm cả bảo hiểm, kết hợp làm bảo hiểm đúng không anh? đúng rồi, tại vì sáng nay xe anh nó mới cũng bị bị va vào cái cái bồn hoa nó bị vỡ mất cái cái yếm cái cái vỏ xe nên là nó nó nó anh gọi bảo hiểm làm luôn nhưng vấn đề bây giờ mình tự đi về xưởng đấy hay là bên cứu hộ sẽ về đấy? vâng, anh cứ sao gọi cứu hộ mà, có đi được xe có di chuyển được đâu thế thì bảo bên em cứu hộ để em nhờ cứu hộ xưởng đấy nhá ờ ờ ok, em sẽ điều anh về xưởng thăng lon hai nhá thăng lon là trịnh văn bô đúng không anh? đúng rồi, thăng lon hai ở khu công nghiệp ấy",work,2,unusable,user5,2026-05-25T08:51:56.339559+00:00,0,/kaggle/working/asr_quality_classifier/data/audio/data2/50009420251101095231_008_66b12223-d1c5-4d23-8542-1aacdfcfaa64/clone7.wav,0,1,0.7417857142857143,False Positive,0.7417857142857143
user6,50009320251108135002_007_70ef9284-0a54-4c82-8dd0-16dbf129c790/clone3.wav,50009320251108135002_007_70ef9284-0a54-4c82-8dd0-16dbf129c790,clone3.wav,thuận an thì hiện tại bên em đang a,work,2,unusable,user6,2026-05-26T03:59:33.550650+00:00,0,/kaggle/working/asr_quality_classifier/data/audio/data2/50009320251108135002_007_70ef9284-0a54-4c82-8dd0-16dbf129c790/clone3.wav,0,1,0.7417857142857143,False Positive,0.7417857142857143
user4,50007320251110193054_007_f0853478-dcfd-4d19-bef5-35b218b5d301/clone8.wav,50007320251110193054_007_f0853478-dcfd-4d19-bef5-35b218b5d301,clone8.wav,anh chờ máy giùm em chút,work,2,unusable,user4,2026-05-25T06:53:01.535063+00:00,0,/kaggle/working/asr_quality_classifier/data/audio/data2/50007320251110193054_007_f0853478-dcfd-4d19-bef5-35b218b5d301/clone8.wav,0,1,0.7417857142857143,False Positive,0.7417857142857143
user4,50007320251110193054_010_8aded352-937d-4211-b663-00b595dd9a4f/clone6.wav,50007320251110193054_010_8aded352-937d-4211-b663-00b595dd9a4f,clone6.wav,tức là bây giờ sao sao anh biết là xe lên được điện ạ?,work,2,unusable,user4,2026-05-25T07:50:37.788934+00:00,0,/kaggle/working/asr_quality_classifier/data/audio/data2/50007320251110193054_010_8aded352-937d-4211-b663-00b595dd9a4f/clone6.wav,0,1,0.7417857142857143,False Positive,0.7417857142857143
user5,50007320251102125322_006_f9989e93-3ee6-4db3-afe8-69773d27d172/clone6.wav,50007320251102125322_006_f9989e93-3ee6-4db3-afe8-69773d27d172,clone6.wav,"à, cái cái gì gì em đọc lại anh nhá dạ vinfastautocom ạ à, vinfastautocom vâng vâng ừm",work,2,unusable,user5,2026-05-25T05:23:49.719278+00:00,0,/kaggle/working/asr_quality_classifier/data/audio/data2/50007320251102125322_006_f9989e93-3ee6-4db3-afe8-69773d27d172/clone6.wav,0,1,0.7417857142857143,False Positive,0.7417857142857143
user1,50007320251105211238_000_bf985a97-8ec6-4854-9478-9026e8bf8dd8/clone8.wav,50007320251105211238_000_bf985a97-8ec6-4854-9478-9026e8bf8dd8,clone8.wav,[ bê a xê ca giê e-rờ o u en đê] mộtbảy [ bê ê ê pê],work,2,unusable,user1,2026-05-26T01:58:48.451137+00:00,0,/kaggle/working/asr_quality_classifier/data/audio/data2/50007320251105211238_000_bf985a97-8ec6-4854-9478-9026e8bf8dd8/clone8.wav,0,1,0.7417857142857143,False Positive,0.7417857142857143
user1,50009320251107103456_008_3ad44799-915b-4176-8b72-61e43380c4de/clone1.wav,50009320251107103456_008_3ad44799-915b-4176-8b72-61e43380c4de,clone1.wav,một trăm năm mươi tư một trăm năm mươi tư,work,2,unusable,user1,2026-05-25T09:31:41.764770+00:00,0,/kaggle/working/asr_quality_classifier/data/audio/data2/50009320251107103456_008_3ad44799-915b-4176-8b72-61e43380c4de/clone1.wav,0,1,0.7417857142857143,False Positive,0.7417857142857143
user6,50009320251104122717_000_0411dc7a-2636-4dd0-b627-ca23a03912b2/clone5.wav,50009320251104122717_000_0411dc7a-2636-4dd0-b627-ca23a03912b2,clone5.wav,"a-lô, dạ vâng, em nghê thấy chị gấm em ở bên chăm sóc khách hàng vinfast ấy em thấy mình có gửi cho bên em một cái yêu cầu qua áp là mình đăng ký e xim cho xe máy điện nhưng không kết nối được với điện thoại hả chị?",work,2,unusable,user6,2026-05-25T08:31:11.568213+00:00,0,/kaggle/working/asr_quality_classifier/data/audio/data2/50009320251104122717_000_0411dc7a-2636-4dd0-b627-ca23a03912b2/clone5.wav,0,1,0.7417857142857143,False Positive,0.7417857142857143
user6,50009320251104122717_000_0411dc7a-2636-4dd0-b627-ca23a03912b2/clone8.wav,50009320251104122717_000_0411dc7a-2636-4dd0-b627-ca23a03912b2,clone8.wav,"a-lô, dạ vâng, em nghê thấy chị gấm em ở bên chăm sóc khách hàng vinfast ấy em thấy mình có gửi cho bên em một cái yêu cầu qua áp là mình đăng ký e xim cho xe máy điện nhưng không kết nối được với điện thoại hả chị?",work,2,unusable,user6,2026-05-25T08:31:11.568368+00:00,0,/kaggle/working/asr_quality_classifier/data/audio/data2/50009320251104122717_000_0411dc7a-2636-4dd0-b627-ca23a03912b2/clone8.wav,0,1,0.7417857142857143,False Positive,0.7417857142857143
user6,50009320251104122717_010_7656afb8-11d3-445d-aed8-59b11717d0cb/clone3.wav,50009320251104122717_010_7656afb8-11d3-445d-aed8-59b11717d0cb,clone3.wav,"vâng, thế là cái này mình yêu cầu gán lại vào số này của chị đúng không ạ?",work,2,unusable,user6,2026-05-25T08:52:05.264600+00:00,0,/kaggle/working/asr_quality_classifier/data/audio/data2/50009320251104122717_010_7656afb8-11d3-445d-aed8-59b11717d0cb/clone3.wav,0,1,0.7417857142857143,False Positive,0.7417857142857143
user4,50013520251107193120_003_c0d6ba04-6a29-4c4b-b4a9-40159f22b7a8/clone4.wav,50013520251107193120_003_c0d6ba04-6a29-4c4b-b4a9-40159f22b7a8,clone4.wav,ờ không nhớ mật khẩu,work,2,unusable,user4,2026-05-25T06:53:56.768709+00:00,0,/kaggle/working/asr_quality_classifier/data/audio/data2/50013520251107193120_003_c0d6ba04-6a29-4c4b-b4a9-40159f22b7a8/clone4.wav,0,1,0.7417857142857143,False Positive,0.7417857142857143
user7,50000820251102095414_002_5307b9e6-67b3-48d8-b5f6-b090bf201d0c/clone6.wav,50000820251102095414_002_5307b9e6-67b3-48d8-b5f6-b090bf201d0c,clone6.wav,"đấy, anh sẽ tìm đến cái chữ ưu đãi, nó ở ngay cạnh cái phương thức thanh toán ấy",work,2,unusable,user7,2026-05-26T02:07:52.865405+00:00,0,/kaggle/working/asr_quality_classifier/data/audio/data2/50000820251102095414_002_5307b9e6-67b3-48d8-b5f6-b090bf201d0c/clone6.wav,0,1,0.7417857142857143,False Positive,0.7417857142857143
user6,50013320251102163321_000_78561001-45dc-4a88-a573-d39fb84caa5c/clone3.wav,50013320251102163321_000_78561001-45dc-4a88-a573-d39fb84caa5c,clone3.wav,"a-lô, dạ vâng em chào anh tuyên ạ em là tân em gọi từ tổng đài bên vinfast ạ vâng vâng vâng ạ anh tuyên ơi cho em hỏi là bên phía xưởng dịch vụ tương lan các bạn ấy đã có gọi điện lại cho anh chưa ạ?",work,2,unusable,user6,2026-05-25T09:39:33.508130+00:00,0,/kaggle/working/asr_quality_classifier/data/audio/data2/50013320251102163321_000_78561001-45dc-4a88-a573-d39fb84caa5c/clone3.wav,0,1,0.7417857142857143,False Positive,0.7417857142857143
user7,50013320251103231105_002_2c5d2fd5-31c0-4c08-a683-f9ad04ec322e/clone8.wav,50013320251103231105_002_2c5d2fd5-31c0-4c08-a683-f9ad04ec322e,clone8.wav,"nhưng mà thay lốp ra thì có gì đâu mà không sửa chữa ở đấy không anh ơi, ở đấy nó chỉ là cái xô-rum bán xe ấy, không không có kỹ thuật viên anh ạ",work,2,unusable,user7,2026-05-25T08:34:51.765520+00:00,0,/kaggle/working/asr_quality_classifier/data/audio/data2/50013320251103231105_002_2c5d2fd5-31c0-4c08-a683-f9ad04ec322e/clone8.wav,0,1,0.7417857142857143,False Positive,0.7417857142857143
user5,50012420251102092630_005_d8d87bf8-d843-421f-9a9d-d042b8cb70b9/clone3.wav,50012420251102092630_005_d8d87bf8-d843-421f-9a9d-d042b8cb70b9,clone3.wav,biển số xe của anh a anh khải đúng không ạ? đúng đúng rồi ạ biển số xe là hai mươi tư giờ,work,2,unusable,user5,2026-05-25T09:22:18.974260+00:00,0,/kaggle/working/asr_quality_classifier/data/audio/data2/50012420251102092630_005_d8d87bf8-d843-421f-9a9d-d042b8cb70b9/clone3.wav,0,1,0.7417857142857143,False Positive,0.7417857142857143
user4,50012420251102092630_005_d8d87bf8-d843-421f-9a9d-d042b8cb70b9/clone4.wav,50012420251102092630_005_d8d87bf8-d843-421f-9a9d-d042b8cb70b9,clone4.wav,biển số xe của anh a anh khải đúng không ạ? đúng đúng rồi ạ biển số xe là hai mươi tư giờ,work,2,unusable,user4,2026-05-25T06:50:30.038113+00:00,0,/kaggle/working/asr_quality_classifier/data/audio/data2/50012420251102092630_005_d8d87bf8-d843-421f-9a9d-d042b8cb70b9/clone4.wav,0,1,0.7417857142857143,False Positive,0.7417857142857143
user7,50012420251102092630_005_d8d87bf8-d843-421f-9a9d-d042b8cb70b9/clone5.wav,50012420251102092630_005_d8d87bf8-d843-421f-9a9d-d042b8cb70b9,clone5.wav,biển số xe của anh a anh khải đúng không ạ? đúng đúng rồi ạ biển số xe là hai mươi tư giờ,work,2,unusable,user7,2026-05-25T07:48:30.942390+00:00,0,/kaggle/working/asr_quality_classifier/data/audio/data2/50012420251102092630_005_d8d87bf8-d843-421f-9a9d-d042b8cb70b9/clone5.wav,0,1,0.7417857142857143,False Positive,0.7417857142857143
user2,50012120251107191618_007_860c005a-b31f-4098-9f86-ff9517d86f8f/clone2.wav,50012120251107191618_007_860c005a-b31f-4098-9f86-ff9517d86f8f,clone2.wav,vin-com lon biên cái đó anh có thể trao đổi với các bạn ấy để các bạn sắp xếp lịch mình đưa xe qua xưởng anh ạ,work,2,unusable,user2,2026-05-26T02:00:29.638045+00:00,0,/kaggle/working/asr_quality_classifier/data/audio/data2/50012120251107191618_007_860c005a-b31f-4098-9f86-ff9517d86f8f/clone2.wav,0,1,0.7417857142857143,False Positive,0.7417857142857143
user4,50012120251106192348_003_86f07c3c-ed25-43a5-b7bf-fe5bd2833429/clone1.wav,50012120251106192348_003_86f07c3c-ed25-43a5-b7bf-fe5bd2833429,clone1.wav,thế cái anh liên hệ tổng đài bằng đúng số điện thoại chính chủ giúp em nhá số này em không thấy có thông tin xe li-mu-zin đâu anh ạ,work,2,unusable,user4,2026-05-25T06:54:17.297567+00:00,0,/kaggle/working/asr_quality_classifier/data/audio/data2/50012120251106192348_003_86f07c3c-ed25-43a5-b7bf-fe5bd2833429/clone1.wav,0,1,0.7417857142857143,False Positive,0.7417857142857143
user3,50011020251114131921_004_0b01bc8a-23f6-4eed-9bf0-e0bb57feab9a/clone3.wav,50011020251114131921_004_0b01bc8a-23f6-4eed-9bf0-e0bb57feab9a,clone3.wav,anh lại gọi lại số này hay gọi gọi số nào? anh anh gọi lại số tổng đài giúp em là được ạ,work,2,unusable,user3,2026-05-25T07:53:40.588770+00:00,0,/kaggle/working/asr_quality_classifier/data/audio/data2/50011020251114131921_004_0b01bc8a-23f6-4eed-9bf0-e0bb57feab9a/clone3.wav,0,1,0.7417857142857143,False Positive,0.7417857142857143
user4,50011120251101114910_001_ab79b833-01a3-40b3-9552-7cf7cc0affb8/clone2.wav,50011120251101114910_001_ab79b833-01a3-40b3-9552-7cf7cc0affb8,clone2.wav,"vâng, em chào anh em thấy mình gọi nhỡ lên tổng đài vinfast hôm nay cần hỗ trợ vấn đề gì ạ?",work,2,unusable,user4,2026-05-25T05:21:55.643891+00:00,0,/kaggle/working/asr_quality_classifier/data/audio/data2/50011120251101114910_001_ab79b833-01a3-40b3-9552-7cf7cc0affb8/clone2.wav,0,1,0.7417857142857143,False Positive,0.7417857142857143
user6,50011120251101114910_002_a91e99f6-da54-45e7-9002-bbfd4bc93da8/clone2.wav,50011120251101114910_002_a91e99f6-da54-45e7-9002-bbfd4bc93da8,clone2.wav,à em à? anh hôm nay gọi anh hỏi hỗ trợ là cái cái phần đăng nhập vào để vào tài khoản của vinfast thì anh lại không anh tạo tài khoản nó rồi vào đăng nhập mà không được nhỉ?,work,2,unusable,user6,2026-05-25T05:20:49.805669+00:00,0,/kaggle/working/asr_quality_classifier/data/audio/data2/50011120251101114910_002_a91e99f6-da54-45e7-9002-bbfd4bc93da8/clone2.wav,0,1,0.7417857142857143,False Positive,0.7417857142857143
user3,50011120251101114910_008_e89b4596-f209-4a9b-870d-7f2f479ed6cd/clone6.wav,50011120251101114910_008_e89b4596-f209-4a9b-870d-7f2f479ed6cd,clone6.wav,à xe vinfast vê ép tám vê ép tám anh đăng nhập bằng i-meo chứ anh?,work,2,unusable,user3,2026-05-25T05:03:58.779382+00:00,0,/kaggle/working/asr_quality_classifier/data/audio/data2/50011120251101114910_008_e89b4596-f209-4a9b-870d-7f2f479ed6cd/clone6.wav,0,1,0.7417857142857143,False Positive,0.7417857142857143
user6,50006220251114092648_003_38f41626-2484-4380-a4d1-5cc1dc195897/clone1.wav,50006220251114092648_003_38f41626-2484-4380-a4d1-5cc1dc195897,clone1.wav,rồi ok dạ anh đọc cho em cái địa chỉ cái địa chỉ mới là địa chỉ là à số mười bốn dạ,work,2,unusable,user6,2026-05-26T03:59:08.935344+00:00,0,/kaggle/working/asr_quality_classifier/data/audio/data2/50006220251114092648_003_38f41626-2484-4380-a4d1-5cc1dc195897/clone1.wav,0,1,0.7417857142857143,False Positive,0.7417857142857143
user7,50006220251109231648_001_5c916c9e-ef72-4775-8d29-14d73e6cd2fa/clone6.wav,50006220251109231648_001_5c916c9e-ef72-4775-8d29-14d73e6cd2fa,clone6.wav,"anh đã báo bảo hiểm chưa? cái này thì em em chưa cái này là mình đi mình vào ổ gà sập xì cái này có phải báo bảo hiểm không nhỉ? anh nên báo anh ạ à vâng, thế thì anh cứ báo bảo hiểm cho em nhá bây giờ em sẽ báo bên lào cai các bạn liên hệ vào xử lý nhá cứu hộ cho anh nhá, nhưng mà trong thời gian trong thời gian đó thì mình cũng báo bảo hiểm luôn cho em nhá vâng vâng, em cảm ơn ạ em báo các bạn bên lào cai các bạn liên hệ vào xử lý nhá anh chờ thêm em vâng vâng vâng, vâng em cảm ơn ạ dạ vâng em xin phép tư vấn lại về chính sách cứu hộ nhá vinfast bên em sẽ cứu hộ miễn phí một chiều về xưởng dịch vụ gần nhất trong thời gian xe còn bảo hành ạ và sẽ cứu hộ miễn phí cho những tình huống loại trừ là không tuân thủ khuyến cáo triệu hồi của vinfast, xe thay đổi kết cấu ngoài phạm vi cho phép của vinfast, xe bị lạm dụng sai mục đích nhà đua xe hoặc chở quá tải vâng vâng ạ lái xe trên các địa hình khắc nghiệt anh nhớ báo bảo hiểm nhá em báo các bạn cứu hộ liên hệ với mình ạ rồi rồi, em cảm ơn ạ em chào anh ạ dạ vâng vâng",work,2,unusable,user7,2026-05-25T07:32:16.922696+00:00,0,/kaggle/working/asr_quality_classifier/data/audio/data2/50006220251109231648_001_5c916c9e-ef72-4775-8d29-14d73e6cd2fa/clone6.wav,0,1,0.7417857142857143,False Positive,0.7417857142857143
user2,50006220251111213325_001_1000af85-4448-4e8f-ad82-4434f1788068/clone4.wav,50006220251111213325_001_1000af85-4448-4e8f-ad82-4434f1788068,clone4.wav,"à vâng, anh đi xe về vê ép năm đúng không anh? em đọc tên của anh là anh tên là gì anh nhỉ? nguyễn sỹ sao anh sao à anh? ừ vâng, anh sao anh sao đi xe vê ép năm biển số có phải là 37k hai mươi nghìn không trăm hai mươi tám đúng không ạ? đúng rồi vâng, địa chỉ của mình có phải là ở chỗ xã kim liên, nam đàn, nghệ an đúng không anh? đúng rồi vâng, thế em bảo các bạn bên em liên hệ vào xử lý cho mình nhá em hỏi chút xíu là mình vẫn dùng bình acquy của vinfast đúng không anh? vâng, mình vinfast xe vẫn bảo hành các bạn bên em liên hệ vào xử lý nếu không xử lý được thì các bạn sẽ kéo về để mà xử lý anh nhá rồi, rồi em xin phép tư vấn về chính sách cứu hộ của vinfast vinfast bên em sẽ cứu hộ miễn phí một chiều về xưởng dịch vụ gần nhất trong thời gian xe còn bảo hành và sẽ không cứu hộ miễn phí cho những tình huống ngoại trừ như là không tuân thủ khuyến cáo triệu hồi của vinfast, xe bị thay đổi kết cấu ngoài phạm vi cho phép của vinfast, xe bị lạm dụng sai mục đích như là đua xe hoặc là chở quá tải hoặc là cố ý lái xe trên các địa hình khắc nghiệt đấy nhá vâng, anh chờ tí em bảo các bạn liên hệ vào xử lý cho mình nhá rồi, vâng cảm ơn rồi, em chào anh ạ",work,2,unusable,user2,2026-05-26T01:54:09.351275+00:00,0,/kaggle/working/asr_quality_classifier/data/audio/data2/50006220251111213325_001_1000af85-4448-4e8f-ad82-4434f1788068/clone4.wav,0,1,0.7417857142857143,False Positive,0.7417857142857143
user5,50010820251109133419_009_03101310-a752-4605-ab2c-8a45e28cfc9d/clone7.wav,50010820251109133419_009_03101310-a752-4605-ab2c-8a45e28cfc9d,clone7.wav,rồi và hai hai địa điểm đấy sẽ gần với nhà anh ấy thì anh có thể qua rồi ok anh dạ vâng ạ,work,2,unusable,user5,2026-05-26T03:46:21.667541+00:00,0,/kaggle/working/asr_quality_classifier/data/audio/data2/50010820251109133419_009_03101310-a752-4605-ab2c-8a45e28cfc9d/clone7.wav,0,1,0.7417857142857143,False Positive,0.7417857142857143
user6,50006520251108152611_008_4dac35e7-782a-4464-ab12-bc4b8de78948/clone4.wav,50006520251108152611_008_4dac35e7-782a-4464-ab12-bc4b8de78948,clone4.wav,ừ vàng cũng được thế mà bên ví dụ nó không có gen tò thì bây giờ anh muốn thích đổi sang con,work,2,unusable,user6,2026-05-25T05:19:39.222078+00:00,0,/kaggle/working/asr_quality_classifier/data/audio/data2/50006520251108152611_008_4dac35e7-782a-4464-ab12-bc4b8de78948/clone4.wav,0,1,0.7417857142857143,False Positive,0.7417857142857143
user3,50013220251113170349_002_4aefd095-e6ef-40ae-b11e-61575b0c239f/clone4.wav,50013220251113170349_002_4aefd095-e6ef-40ae-b11e-61575b0c239f,clone4.wav,dạ em cũng không biết nữa mà bên đó họ kêu là có gì gọi lên tổng đài xong rồi kêu họ xóa cái cái số điện thoại này đi xong rồi để họ đăng nhập vào không không không không có cái đấy đâu ạ anh sang đang sử dụng xe gì đấy ạ? dạ em đang chạy xe bên xan s ê em xe điện xan s ê em xe máy anh,work,2,unusable,user3,2026-05-25T05:23:24.956405+00:00,0,/kaggle/working/asr_quality_classifier/data/audio/data2/50013220251113170349_002_4aefd095-e6ef-40ae-b11e-61575b0c239f/clone4.wav,0,1,0.7417857142857143,False Positive,0.7417857142857143
user3,50013220251112124057_004_22dbed22-9029-48f9-8d26-d7d74aecfbc0/clone1.wav,50013220251112124057_004_22dbed22-9029-48f9-8d26-d7d74aecfbc0,clone1.wav,"vâng à, anh cho em hỏi là cái thông tin đơn đặt hàng của mình ấy ạ à, anh làm việc với bảo châu đấy thì là bảo châu ở đâu ạ? bảo châu ở hải phòng em ơi bảo châu hải phòng ờ rồi nó cần địa chỉ chính xác không? vâng, để em kiểm tra lại thông tin nhá ok em, kiểm tra lại thông tin giúp anh nhá bảo châu",work,2,unusable,user3,2026-05-25T07:34:20.381721+00:00,0,/kaggle/working/asr_quality_classifier/data/audio/data2/50013220251112124057_004_22dbed22-9029-48f9-8d26-d7d74aecfbc0/clone1.wav,0,1,0.7417857142857143,False Positive,0.7417857142857143
user2,50013220251112124057_004_22dbed22-9029-48f9-8d26-d7d74aecfbc0/clone8.wav,50013220251112124057_004_22dbed22-9029-48f9-8d26-d7d74aecfbc0,clone8.wav,"vâng à, anh cho em hỏi là cái thông tin đơn đặt hàng của mình ấy ạ à, anh làm việc với bảo châu đấy thì là bảo châu ở đâu ạ? bảo châu ở hải phòng em ơi bảo châu hải phòng ờ rồi nó cần địa chỉ chính xác không? vâng, để em kiểm tra lại thông tin nhá ok em, kiểm tra lại thông tin giúp anh nhá bảo châu",work,2,unusable,user2,2026-05-26T02:00:59.053728+00:00,0,/kaggle/working/asr_quality_classifier/data/audio/data2/50013220251112124057_004_22dbed22-9029-48f9-8d26-d7d74aecfbc0/clone8.wav,0,1,0.7417857142857143,False Positive,0.7417857142857143
user1,50013220251110114055_004_3769aba4-9959-485d-a122-e39855892c37/clone6.wav,50013220251110114055_004_3769aba4-9959-485d-a122-e39855892c37,clone6.wav,nghĩa là anh đấy anh gọi lên bằng số này hay số nào khác hả anh? anh gọi lên số tổng đài không không em biết rồi nhưng mà bằng cái số điện thoại đuôi sáu nghìn chín trăm tám mươi tám ấy bằng số đúng rồi đúng rồi đúng rồi đúng rồi có một số khác có một có một có một số khác đúng rồi có một số khác nữa vâng sáu nghìn chín trăm tám mươi tám ấy vâng rồi đây số này thì em đang gọi lên em thấy anh đang gọi lên mà không có không tìm thấy số gì cái số của anh là là đăng ký là số,work,2,unusable,user1,2026-05-25T07:22:58.663830+00:00,0,/kaggle/working/asr_quality_classifier/data/audio/data2/50013220251110114055_004_3769aba4-9959-485d-a122-e39855892c37/clone6.wav,0,1,0.7417857142857143,False Positive,0.7417857142857143
user4,50013220251110114055_005_807d7f15-e33a-49c0-b834-bf40678070a3/clone5.wav,50013220251110114055_005_807d7f15-e33a-49c0-b834-bf40678070a3,clone5.wav,của vinfast của anh là xe à đuôi đuôi bốn số nhất ấy anh đọc lại số điện thoại cho em với ạ à chín tám mươi sáu triệu ba trăm tám mươi mốt nghìn một trăm mười một,work,2,unusable,user4,2026-05-25T06:48:25.620096+00:00,0,/kaggle/working/asr_quality_classifier/data/audio/data2/50013220251110114055_005_807d7f15-e33a-49c0-b834-bf40678070a3/clone5.wav,0,1,0.7417857142857143,False Positive,0.7417857142857143
user3,50013220251105155229_003_d8cd6247-ab72-464c-8f59-52ee4ccd3b24/clone7.wav,50013220251105155229_003_d8cd6247-ab72-464c-8f59-52ee4ccd3b24,clone7.wav,chín mươi ba nghìn sáu trăm bốn mươi bốn trăm chín mươi bảy,work,2,unusable,user3,2026-05-25T05:29:13.258397+00:00,0,/kaggle/working/asr_quality_classifier/data/audio/data2/50013220251105155229_003_d8cd6247-ab72-464c-8f59-52ee4ccd3b24/clone7.wav,0,1,0.7417857142857143,False Positive,0.7417857142857143
user6,50007420251105123726_000_a9e19724-1e79-4e06-89a5-152254cb2bff/clone3.wav,50007420251105123726_000_a9e19724-1e79-4e06-89a5-152254cb2bff,clone3.wav,"em chào chị, em của bên tổng đài chăm sóc khách hàng vinfast ạ trên bảng một chút thì liên quan đến trường hợp xe của chị bên kiểm tra trên hệ thống mà xe của chị không bị giới hạn năm mươi phần trăm sạc đâu chị ạ chị thử cắm sạc lại giúp em xem kéo cái thanh sạc lên giúp em xem nào",work,2,unusable,user6,2026-05-25T05:27:08.844831+00:00,0,/kaggle/working/asr_quality_classifier/data/audio/data2/50007420251105123726_000_a9e19724-1e79-4e06-89a5-152254cb2bff/clone3.wav,0,1,0.7417857142857143,False Positive,0.7417857142857143
user5,50007320251113073823_007_71d4e061-1910-4c0c-8e73-b44d53ee0d99/clone5.wav,50007320251113073823_007_71d4e061-1910-4c0c-8e73-b44d53ee0d99,clone5.wav,vâng vậy mình mang chìa khóa ra cách xe ra khoảng chừng bảy đến mười m và đóng khóa cửa lại,work,2,unusable,user5,2026-05-26T03:21:43.632081+00:00,0,/kaggle/working/asr_quality_classifier/data/audio/data2/50007320251113073823_007_71d4e061-1910-4c0c-8e73-b44d53ee0d99/clone5.wav,0,1,0.7417857142857143,False Positive,0.7417857142857143
user5,50009120251110113027_001_c8b653dc-cd80-43d2-ae04-8f7b35701097/clone2.wav,50009120251110113027_001_c8b653dc-cd80-43d2-ae04-8f7b35701097,clone2.wav,"vâng chào anh chị em gọi cho mình từ bộ phận chăm sóc vinfast ạ em thấy mình có gọi nhỡ, không biết là mình cần hỗ trợ thông tin gì ạ?",work,2,unusable,user5,2026-05-25T05:16:46.282473+00:00,0,/kaggle/working/asr_quality_classifier/data/audio/data2/50009120251110113027_001_c8b653dc-cd80-43d2-ae04-8f7b35701097/clone2.wav,0,1,0.7417857142857143,False Positive,0.7417857142857143
user3,50009120251103160151_003_cab79995-bc9c-4d21-bf53-3711b89697ae/clone1.wav,50009120251103160151_003_cab79995-bc9c-4d21-bf53-3711b89697ae,clone1.wav,ờ em có thể check bằng tài khoản của chị không?,work,2,unusable,user3,2026-05-25T07:12:23.087126+00:00,0,/kaggle/working/asr_quality_classifier/data/audio/data2/50009120251103160151_003_cab79995-bc9c-4d21-bf53-3711b89697ae/clone1.wav,0,1,0.7417857142857143,False Positive,0.7417857142857143
user2,50009020251108202434_007_359c2069-ff81-4636-bba9-254619cc403a/clone8.wav,50009020251108202434_007_359c2069-ff81-4636-bba9-254619cc403a,clone8.wav,"à, em có thấy rồi chị ạ, em có thấy rồi có phải là",work,2,unusable,user2,2026-05-26T01:49:26.985230+00:00,0,/kaggle/working/asr_quality_classifier/data/audio/data2/50009020251108202434_007_359c2069-ff81-4636-bba9-254619cc403a/clone8.wav,0,1,0.7417857142857143,False Positive,0.7417857142857143
user6,50009020251108202434_008_9c738d11-4079-4337-815a-0474e20467f8/clone8.wav,50009020251108202434_008_9c738d11-4079-4337-815a-0474e20467f8,clone8.wav,"số điện thoại là số này, địa chỉ là blốc a hai chung cư gia hòa,",work,2,unusable,user6,2026-05-25T10:22:13.030700+00:00,0,/kaggle/working/asr_quality_classifier/data/audio/data2/50009020251108202434_008_9c738d11-4079-4337-815a-0474e20467f8/clone8.wav,0,1,0.7417857142857143,False Positive,0.7417857142857143
user6,50009020251103181738_004_0350eaea-676e-475c-9123-73f880964064/clone1.wav,50009020251103181738_004_0350eaea-676e-475c-9123-73f880964064,clone1.wav,pin của mình là pin mua pin thuê hả chị?,work,2,unusable,user6,2026-05-25T09:47:39.649944+00:00,0,/kaggle/working/asr_quality_classifier/data/audio/data2/50009020251103181738_004_0350eaea-676e-475c-9123-73f880964064/clone1.wav,0,1,0.7417857142857143,False Positive,0.7417857142857143
user4,50009020251103125150_000_0540f731-2cc4-4717-8e7a-83c832043405/clone3.wav,50009020251103125150_000_0540f731-2cc4-4717-8e7a-83c832043405,clone3.wav,"vâng, em chào anh quý, đang trao đổi thì em bị mất tín hiệu anh ạ à vâng vâng dạ vâng thì xe xe anh lúc nãy nó có nổ lốp ở trên cao tốc hải phòng, hải dương này này, hà nội hải phòng ấy vâng lúc mới qua cái trạm dừng nghỉ về năm mươi hai ấy",work,2,unusable,user4,2026-05-25T06:44:57.283326+00:00,0,/kaggle/working/asr_quality_classifier/data/audio/data2/50009020251103125150_000_0540f731-2cc4-4717-8e7a-83c832043405/clone3.wav,0,1,0.7417857142857143,False Positive,0.7417857142857143
user5,50009020251103125150_000_0540f731-2cc4-4717-8e7a-83c832043405/clone7.wav,50009020251103125150_000_0540f731-2cc4-4717-8e7a-83c832043405,clone7.wav,"vâng, em chào anh quý, đang trao đổi thì em bị mất tín hiệu anh ạ à vâng vâng dạ vâng thì xe xe anh lúc nãy nó có nổ lốp ở trên cao tốc hải phòng, hải dương này này, hà nội hải phòng ấy vâng lúc mới qua cái trạm dừng nghỉ về năm mươi hai ấy",work,2,unusable,user5,2026-05-25T05:24:35.917108+00:00,0,/kaggle/working/asr_quality_classifier/data/audio/data2/50009020251103125150_000_0540f731-2cc4-4717-8e7a-83c832043405/clone7.wav,0,1,0.7417857142857143,False Positive,0.7417857142857143
user5,50009020251103125150_001_87964565-ac03-4fdd-b4cc-aa2385f7ceea/clone6.wav,50009020251103125150_001_87964565-ac03-4fdd-b4cc-aa2385f7ceea,clone6.wav,"vâng, em có thấy rồi trường hợp này thì bên em cũng có chuyển đi luôn bên xưởng rồi ạ khách đi khoảng tầm hai tiếng hiện tại mình đang cần hỗ trợ thêm gì ạ anh? ừ, không nghĩa anh cần hỗ trợ là anh muốn là mình gọi chú hộ bên mình chở về hải phòng hoặc là hà nội anh để anh xử lý được anh không muốn làm ở hải dương này em",work,2,unusable,user5,2026-05-26T04:26:26.257125+00:00,0,/kaggle/working/asr_quality_classifier/data/audio/data2/50009020251103125150_001_87964565-ac03-4fdd-b4cc-aa2385f7ceea/clone6.wav,0,1,0.7417857142857143,False Positive,0.7417857142857143
user1,50006220251107193813_004_c798824b-2f5c-4458-8f49-8e555bae371e/clone7.wav,50006220251107193813_004_c798824b-2f5c-4458-8f49-8e555bae371e,clone7.wav,"xem xử lý cho mình chứ giờ vào công trình thì đuổi ra mà bây giờ xe thì không được lấy chả biết kiểu gì hai ba tháng rồi vâng ạ, rất xin lỗi mình em thấy các bạn o i o các bạn đang xử lý đơn hàng của anh rồi thì các bạn sẽ chuyển đơn hàng của mình về đại lý gần nhất ấy thì sau đó các bạn sẽ liên hệ với mình thì mong anh chờ thêm với nhé gì thì các bạn sẽ chuyển đơn hàng xong thì các bạn sẽ báo mình thông tin và mình qua nhận xe anh nhé cái này xem có cái gì",work,2,unusable,user1,2026-05-25T09:25:16.388564+00:00,0,/kaggle/working/asr_quality_classifier/data/audio/data2/50006220251107193813_004_c798824b-2f5c-4458-8f49-8e555bae371e/clone7.wav,0,1,0.7417857142857143,False Positive,0.7417857142857143
user6,50006220251102194004_006_2dbd13a3-b35a-4e42-83dd-f9ca9ead14cf/clone6.wav,50006220251102194004_006_2dbd13a3-b35a-4e42-83dd-f9ca9ead14cf,clone6.wav,"à, rồi rồi, anh hiểu rồi vâng, thì có gì anh qua trực tiếp đại lý các bạn tư vấn cho anh nhá tại vì cái này gói này thì nó có nhiều gói anh ạ à, nó nó sẽ có một gói gói là một gói lắp thêm ê xê u ấy anh qua trực tiếp các bạn hỗ trợ nhá rồi, rồi, ok dạ vâng, em chào anh ạ cảm ơn anh chào anh",work,2,unusable,user6,2026-05-25T07:38:01.805127+00:00,0,/kaggle/working/asr_quality_classifier/data/audio/data2/50006220251102194004_006_2dbd13a3-b35a-4e42-83dd-f9ca9ead14cf/clone6.wav,0,1,0.7417857142857143,False Positive,0.7417857142857143
user1,50006220251106152700_000_c55da1ab-5e0b-4628-83d5-d03b94bddc6e/clone2.wav,50006220251106152700_000_c55da1ab-5e0b-4628-83d5-d03b94bddc6e,clone2.wav,"a-lô anh ơi, em từ tổng đài của vinfast thì mình thấy anh gọi nhỡ bên em ý, mình cần em hỗ trợ gì không anh nhỉ?",work,2,unusable,user1,2026-05-25T07:54:55.882072+00:00,0,/kaggle/working/asr_quality_classifier/data/audio/data2/50006220251106152700_000_c55da1ab-5e0b-4628-83d5-d03b94bddc6e/clone2.wav,0,1,0.7417857142857143,False Positive,0.7417857142857143
user1,50011620251104174435_001_e8040e94-3e30-4b83-9f03-5f8bfd69395f/clone2.wav,50011620251104174435_001_e8040e94-3e30-4b83-9f03-5f8bfd69395f,clone2.wav,"vâng, em chào chị em ở bên vinfast ạ em thấy chị có gọi nhỡ bên em ấy ờ, cho em hỏi với ừm hôm mùng hai á, em có đóng tiền xe xe máy điện á, em đóng hai trăm năm mươi nhưng mà hôm nay hôm nay em mới thấy có tin nhắn là tại vì em em em đi lố một nghìn ki-lô-mét á",work,2,unusable,user1,2026-05-25T08:09:39.238090+00:00,0,/kaggle/working/asr_quality_classifier/data/audio/data2/50011620251104174435_001_e8040e94-3e30-4b83-9f03-5f8bfd69395f/clone2.wav,0,1,0.7417857142857143,False Positive,0.7417857142857143
user6,50011620251104174435_001_e8040e94-3e30-4b83-9f03-5f8bfd69395f/clone3.wav,50011620251104174435_001_e8040e94-3e30-4b83-9f03-5f8bfd69395f,clone3.wav,"vâng, em chào chị em ở bên vinfast ạ em thấy chị có gọi nhỡ bên em ấy ờ, cho em hỏi với ừm hôm mùng hai á, em có đóng tiền xe xe máy điện á, em đóng hai trăm năm mươi nhưng mà hôm nay hôm nay em mới thấy có tin nhắn là tại vì em em em đi lố một nghìn ki-lô-mét á",work,2,unusable,user6,2026-05-26T03:48:34.510661+00:00,0,/kaggle/working/asr_quality_classifier/data/audio/data2/50011620251104174435_001_e8040e94-3e30-4b83-9f03-5f8bfd69395f/clone3.wav,0,1,0.7417857142857143,False Positive,0.7417857142857143
user1,50011620251108144341_002_3c8f32c3-c859-41b8-918e-6c9ae92b3c93/clone1.wav,50011620251108144341_002_3c8f32c3-c859-41b8-918e-6c9ae92b3c93,clone1.wav,em xin nó ghi là lỗi lỗi hệ thống điều khiển xe,work,2,unusable,user1,2026-05-25T04:23:41.573846+00:00,0,/kaggle/working/asr_quality_classifier/data/audio/data2/50011620251108144341_002_3c8f32c3-c859-41b8-918e-6c9ae92b3c93/clone1.wav,0,1,0.7417857142857143,False Positive,0.7417857142857143
user6,50011620251101132252_000_8d91c2ef-1cae-4ed4-bb73-27d451881014/clone4.wav,50011620251101132252_000_8d91c2ef-1cae-4ed4-bb73-27d451881014,clone4.wav,"no vâng anh chào anh ạ, em ở bên vinfast anh có gọi điện đến bên em ấy à đúng rồi em ơi anh muốn đổi pin của xe máy anh nhà anh có hai cái xe máy thế đổi pin thì anh anh mất bao tiền hay như nào nhỉ? mua lại pin chứ",work,2,unusable,user6,2026-05-25T07:38:50.944010+00:00,0,/kaggle/working/asr_quality_classifier/data/audio/data2/50011620251101132252_000_8d91c2ef-1cae-4ed4-bb73-27d451881014/clone4.wav,0,1,0.7417857142857143,False Positive,0.7417857142857143
user6,50011420251102110514_002_40ac7d44-ac4a-4517-8d33-6808eac67ad8/clone7.wav,50011420251102110514_002_40ac7d44-ac4a-4517-8d33-6808eac67ad8,clone7.wav,thế thì bây giờ là như nào em? trước mắt thì em sẽ gửi thông tin tình trạng xe của anh qua xưởng dịch vụ đã để các bạn ấy kiểm tra lại xem là trước đó các bạn ấy kiểm tra như thế nào mà chưa tìm ra được lỗi còn nếu trường hợp mà cần cái phương án đưa xe qua xưởng dịch vụ để kiểm tra lại thì bên em sẽ báo lại cho anh ạ,work,2,unusable,user6,2026-05-25T07:56:07.403671+00:00,0,/kaggle/working/asr_quality_classifier/data/audio/data2/50011420251102110514_002_40ac7d44-ac4a-4517-8d33-6808eac67ad8/clone7.wav,0,1,0.7417857142857143,False Positive,0.7417857142857143
user7,50011120251108115252_009_4c835019-797d-4a4b-b9db-163f60e7d36e/clone5.wav,50011120251108115252_009_4c835019-797d-4a4b-b9db-163f60e7d36e,clone5.wav,mình đang muốn chuyển về đơn về đâu ạ? em muốn chuyển về thị trấn thanh hà cái cái gì nhỉ? thị trấn thanh hà đại lý nào ạ? đại lý,work,2,unusable,user7,2026-05-25T05:14:35.137259+00:00,0,/kaggle/working/asr_quality_classifier/data/audio/data2/50011120251108115252_009_4c835019-797d-4a4b-b9db-163f60e7d36e/clone5.wav,0,1,0.7417857142857143,False Positive,0.7417857142857143
user6,50011120251101114910_010_12f6d62f-a78b-41ec-94f9-fb0e270cc01c/clone6.wav,50011120251101114910_010_12f6d62f-a78b-41ec-94f9-fb0e270cc01c,clone6.wav,"ờ là là à ý như em bảo là vào i-meo á? có nghĩa là anh đăng nhập tài khoản bằng i-meo anh ạ, chứ không phải là bằng số điện thoại đâu",work,2,unusable,user6,2026-05-25T05:27:25.373267+00:00,0,/kaggle/working/asr_quality_classifier/data/audio/data2/50011120251101114910_010_12f6d62f-a78b-41ec-94f9-fb0e270cc01c/clone6.wav,0,1,0.7417857142857143,False Positive,0.7417857142857143
user1,50012520251103161514_000_a9abd1e7-38f5-484b-8435-ae3b20389147/clone8.wav,50012520251103161514_000_a9abd1e7-38f5-484b-8435-ae3b20389147,clone8.wav,"a-lô? dạ vâng, em chào anh em là quỳnh anh gọi cho anh từ bên phía phòng chăm sóc khách hàng vinfast đấy ạ vâng dạ vâng anh ơi, liên quan đến cái trường hợp xe vinfast năm của mình hiện tại đang bị lỗi, thì em rất là xin lỗi anh vì cái sự bất tiện mình gặp phải anh cho em hỏi không biết là bên phía đại lý là các bạn ý đã liên hệ và hiện kéo xe mình về bên phía đại lý ô tô miền nam rồi hay chưa? rồi ạ dạ vâng dạ vâng, anh ơi,",work,2,unusable,user1,2026-05-26T02:12:03.187649+00:00,0,/kaggle/working/asr_quality_classifier/data/audio/data2/50012520251103161514_000_a9abd1e7-38f5-484b-8435-ae3b20389147/clone8.wav,0,1,0.7417857142857143,False Positive,0.7417857142857143
user2,50012520251103161514_004_748deaa3-e037-486b-81c2-b56c290db9a1/clone5.wav,50012520251103161514_004_748deaa3-e037-486b-81c2-b56c290db9a1,clone5.wav,"dạ vâng, em hiểu em rất là xin lỗi anh trường hợp này em đang làm rõ lại và tại vì như thế này này, vâng bữa hôm làm một lần rồi mà đã bảo với tôi là coi như để xe lại là cho xưởng họ chạy lấy log phai nó rồi nó là làm cái đây đã mười tám ngày sáng nay rồi có lên mình xe phải không? dạ dạ lên mình xe lên xe nhưng mà sáng giờ nó bị hai lần luôn nó không có không có xử lý triệt để nhưng mà nó bị lại hai lần luôn hai lần rất là nguy hiểm luôn",work,2,unusable,user2,2026-05-26T01:48:57.945721+00:00,0,/kaggle/working/asr_quality_classifier/data/audio/data2/50012520251103161514_004_748deaa3-e037-486b-81c2-b56c290db9a1/clone5.wav,0,1,0.7417857142857143,False Positive,0.7417857142857143
user6,50006020251106093850_004_65163e22-cfb8-4f70-b64e-6127cb5e542d/clone7.wav,50006020251106093850_004_65163e22-cfb8-4f70-b64e-6127cb5e542d,clone7.wav,tại vì đơn hàng thì quản lý khu vực vùng thì đang có yêu cầu là phía bên cửa hàng khu vực bên đó đang có xem lại vì đang có rất nhiều điểm để giao xe ạ,work,2,unusable,user6,2026-05-25T08:15:39.255230+00:00,0,/kaggle/working/asr_quality_classifier/data/audio/data2/50006020251106093850_004_65163e22-cfb8-4f70-b64e-6127cb5e542d/clone7.wav,0,1,0.7417857142857143,False Positive,0.7417857142857143
user7,50006020251106093850_008_82fd5ee3-7422-4803-90f5-9df50f6f2133/clone3.wav,50006020251106093850_008_82fd5ee3-7422-4803-90f5-9df50f6f2133,clone3.wav,"ừ, bên này khoảng cách từ thành phố hà tĩnh về thì xa kỳ anh cũng xa ấy chị em không không đi được ấy chị",work,2,unusable,user7,2026-05-26T03:49:08.627748+00:00,0,/kaggle/working/asr_quality_classifier/data/audio/data2/50006020251106093850_008_82fd5ee3-7422-4803-90f5-9df50f6f2133/clone3.wav,0,1,0.7417857142857143,False Positive,0.7417857142857143
user3,50006020251105095442_006_a9eada19-1b9c-456c-985e-dc7a9e1f1ad2/clone6.wav,50006020251105095442_006_a9eada19-1b9c-456c-985e-dc7a9e1f1ad2,clone6.wav,a còng gi-mêucom không viết hoa nhá,work,2,unusable,user3,2026-05-25T08:23:20.004347+00:00,0,/kaggle/working/asr_quality_classifier/data/audio/data2/50006020251105095442_006_a9eada19-1b9c-456c-985e-dc7a9e1f1ad2/clone6.wav,0,1,0.7417857142857143,False Positive,0.7417857142857143
user3,50006020251103122109_000_95f9e5d5-08f4-4d4f-a6fa-a674cba1be3a/clone1.wav,50006020251103122109_000_95f9e5d5-08f4-4d4f-a6fa-a674cba1be3a,clone1.wav,"a-lô à chào anh, bên bên tổng đài vinfast thấy cuộc gọi nhỡ gọi lại à anh ơi à chị ơi em hỏi chị bây giờ thì xe em thủng lốp nên thì bây giờ em đang ở dưới ô-sần pác đây thì bên chị sang đây xử lý hay bên chị cẩu về hãng nhỉ? thì bên mình chính sách là sẽ cứu hộ xe về xưởng dịch vụ để xử lý anh ạ",work,2,unusable,user3,2026-05-25T07:32:23.915574+00:00,0,/kaggle/working/asr_quality_classifier/data/audio/data2/50006020251103122109_000_95f9e5d5-08f4-4d4f-a6fa-a674cba1be3a/clone1.wav,0,1,0.7417857142857143,False Positive,0.7417857142857143
user1,50005820251110203323_003_85c984d1-edc5-48fb-a3c9-a8699d15bfb1/clone6.wav,50005820251110203323_003_85c984d1-edc5-48fb-a3c9-a8699d15bfb1,clone6.wav,em ạ thì bây giờ xe đã được mở lại chưa hả anh?,work,2,unusable,user1,2026-05-25T08:59:20.166982+00:00,0,/kaggle/working/asr_quality_classifier/data/audio/data2/50005820251110203323_003_85c984d1-edc5-48fb-a3c9-a8699d15bfb1/clone6.wav,0,1,0.7417857142857143,False Positive,0.7417857142857143
user1,50012420251102092630_005_d8d87bf8-d843-421f-9a9d-d042b8cb70b9/clone7.wav,50012420251102092630_005_d8d87bf8-d843-421f-9a9d-d042b8cb70b9,clone7.wav,biển số xe của anh a anh khải đúng không ạ? đúng đúng rồi ạ biển số xe là hai mươi tư giờ,work,2,unusable,user1,2026-05-25T09:35:42.913618+00:00,0,/kaggle/working/asr_quality_classifier/data/audio/data2/50012420251102092630_005_d8d87bf8-d843-421f-9a9d-d042b8cb70b9/clone7.wav,0,1,0.7417857142857143,False Positive,0.7417857142857143
user7,50012120251110111813_010_9e957e40-19a8-48ec-9031-bcb5a4885f5d/clone1.wav,50012120251110111813_010_9e957e40-19a8-48ec-9031-bcb5a4885f5d,clone1.wav,"à, dạ dạ dạ dạ dạ dạ",work,2,unusable,user7,2026-05-26T03:38:16.926646+00:00,0,/kaggle/working/asr_quality_classifier/data/audio/data2/50012120251110111813_010_9e957e40-19a8-48ec-9031-bcb5a4885f5d/clone1.wav,0,1,0.7417857142857143,False Positive,0.7417857142857143
user7,50012420251102092630_005_d8d87bf8-d843-421f-9a9d-d042b8cb70b9/clone1.wav,50012420251102092630_005_d8d87bf8-d843-421f-9a9d-d042b8cb70b9,clone1.wav,biển số xe của anh a anh khải đúng không ạ? đúng đúng rồi ạ biển số xe là hai mươi tư giờ,work,2,unusable,user7,2026-05-25T07:48:30.942219+00:00,0,/kaggle/working/asr_quality_classifier/data/audio/data2/50012420251102092630_005_d8d87bf8-d843-421f-9a9d-d042b8cb70b9/clone1.wav,0,1,0.7417857142857143,False Positive,0.7417857142857143
user7,50015420251110154129_010_d386c2f9-dca8-4804-8979-166593ca5271/clone3.wav,50015420251110154129_010_d386c2f9-dca8-4804-8979-166593ca5271,clone3.wav,ba trăm bốn mươi lăm hai chín trăm sáu mươi sáu ba trăm bốn mươi lăm hai chín trăm sáu mươi sáu đúng rồi ạ,work,2,unusable,user7,2026-05-26T03:26:03.400795+00:00,0,/kaggle/working/asr_quality_classifier/data/audio/data2/50015420251110154129_010_d386c2f9-dca8-4804-8979-166593ca5271/clone3.wav,0,1,0.7417857142857143,False Positive,0.7417857142857143
user7,50012120251101175545_014_891730ad-29f5-4e34-9abd-81468ce9ffbd/clone5.wav,50012120251101175545_014_891730ad-29f5-4e34-9abd-81468ce9ffbd,clone5.wav,anh đâu có anh đâu có là anh đâu có báo đâu tức là xe không gặp vấn đề gì đúng không anh?,work,2,unusable,user7,2026-05-25T07:07:10.169768+00:00,0,/kaggle/working/asr_quality_classifier/data/audio/data2/50012120251101175545_014_891730ad-29f5-4e34-9abd-81468ce9ffbd/clone5.wav,0,1,0.7417857142857143,False Positive,0.7417857142857143
user5,50012020251114095054_006_74b26d68-12f4-462f-8793-2f5a32e75081/clone7.wav,50012020251114095054_006_74b26d68-12f4-462f-8793-2f5a32e75081,clone7.wav,xe kéo về xưởng dịch vụ vinfast rồi đúng không ạ? dạ đúng rồi ạ anh chỉ cần giục bên ích ép em ấy để họ sẽ báo với bên bảo hiểm qua để mà xử lý tiếp cho anh là được giục bên ích ép em em liên hệ số nào chị? mười chín triệu hai nghìn không trăm tám mươi tám đội trưởng của anh ấy dạ dạ dạ dạ dạ em hiểu rồi vâng thì anh giục bên đấy là được hình như xe này hiện tại đang kích hoạt một cuộc gọi ờ lên kích hoạt ét o ét trên xe dạ vâng ạ dạ rồi em cảm ơn chị rồi anh giục bên ích ép em để bảo hiểm qua nhá cảm ơn anh dạ vâng ạ,work,2,unusable,user5,2026-05-25T08:20:41.260032+00:00,0,/kaggle/working/asr_quality_classifier/data/audio/data2/50012020251114095054_006_74b26d68-12f4-462f-8793-2f5a32e75081/clone7.wav,0,1,0.7417857142857143,False Positive,0.7417857142857143
user4,50006220251102194004_006_2dbd13a3-b35a-4e42-83dd-f9ca9ead14cf/clone5.wav,50006220251102194004_006_2dbd13a3-b35a-4e42-83dd-f9ca9ead14cf,clone5.wav,"à, rồi rồi, anh hiểu rồi vâng, thì có gì anh qua trực tiếp đại lý các bạn tư vấn cho anh nhá tại vì cái này gói này thì nó có nhiều gói anh ạ à, nó nó sẽ có một gói gói là một gói lắp thêm ê xê u ấy anh qua trực tiếp các bạn hỗ trợ nhá rồi, rồi, ok dạ vâng, em chào anh ạ cảm ơn anh chào anh",work,2,unusable,user4,2026-05-25T08:44:06.416896+00:00,0,/kaggle/working/asr_quality_classifier/data/audio/data2/50006220251102194004_006_2dbd13a3-b35a-4e42-83dd-f9ca9ead14cf/clone5.wav,0,1,0.7417857142857143,False Positive,0.7417857142857143
user5,50006020251109111034_007_9934b898-c707-4fb9-828c-61396934bbec/clone6.wav,50006020251109111034_007_9934b898-c707-4fb9-828c-61396934bbec,clone6.wav,bây giờ số điện thoại nha anh đọc số điện thoại cho em nha vâng anh đọc số điện thoại em sẽ liên hệ lại với số điện thoại của chủ sở hữu ạ,work,2,unusable,user5,2026-05-26T03:51:32.641700+00:00,0,/kaggle/working/asr_quality_classifier/data/audio/data2/50006020251109111034_007_9934b898-c707-4fb9-828c-61396934bbec/clone6.wav,0,1,0.7417857142857143,False Positive,0.7417857142857143
user6,50006020251108210343_003_ad170dbd-47f6-4b09-b862-8ecf562ba9d7/clone7.wav,50006020251108210343_003_ad170dbd-47f6-4b09-b862-8ecf562ba9d7,clone7.wav,"xe đến vĩnh khang rồi đúng không ạ? thế thôi anh để tức là thời gian bàn giao thì bạn ấy bảo là để xuất hóa đơn xong thì khoảng thứ ba hoặc thứ tư tuần sau là là giao xe vâng, để xuất hóa đơn thứ ba và thứ tư",work,2,unusable,user6,2026-05-25T10:11:51.846360+00:00,0,/kaggle/working/asr_quality_classifier/data/audio/data2/50006020251108210343_003_ad170dbd-47f6-4b09-b862-8ecf562ba9d7/clone7.wav,0,1,0.7417857142857143,False Positive,0.7417857142857143
user3,50012020251111120910_000_accaeacf-1909-47cd-a443-ddfdfc12e5a2/clone3.wav,50012020251111120910_000_accaeacf-1909-47cd-a443-ddfdfc12e5a2,clone3.wav,a-lô chào vâng em chào chị em là hiền gọi từ tổng đài của phía bên vinfast em thấy mình có cuộc gọi nhỡ đến tổng đài của bên vinfast thì mình cần liên hệ và trao đổi về vấn đề gì ạ?,work,2,unusable,user3,2026-05-25T07:34:46.703769+00:00,0,/kaggle/working/asr_quality_classifier/data/audio/data2/50012020251111120910_000_accaeacf-1909-47cd-a443-ddfdfc12e5a2/clone3.wav,0,1,0.7417857142857143,False Positive,0.7417857142857143
user6,50012020251106173631_011_8346bd14-0233-421d-b13e-3152f88f8bc6/clone1.wav,50012020251106173631_011_8346bd14-0233-421d-b13e-3152f88f8bc6,clone1.wav,"ứng nham, thôn lễ độ, xã phú thái, thành phố hải phòng cái đấy thì mình mới xử lý rồi còn một đơn nữa của o i o vẫn ở trên phòng kinh doanh thế thì phải chờ kinh doanh chuyển về nhà phân phối anh ạ bên em không check được qua tổng đài đơn hàng của nhà của kinh doanh thì anh chị đợi kinh doanh chuyển về nhà phân phối nhà phân phối liên hệ với anh sau à vâng ok vâng cảm ơn anh",work,2,unusable,user6,2026-05-25T07:32:18.264977+00:00,0,/kaggle/working/asr_quality_classifier/data/audio/data2/50012020251106173631_011_8346bd14-0233-421d-b13e-3152f88f8bc6/clone1.wav,0,1,0.7417857142857143,False Positive,0.7417857142857143
user6,50012020251108163554_002_06e7a899-35b6-4061-b693-06861455919a/clone1.wav,50012020251108163554_002_06e7a899-35b6-4061-b693-06861455919a,clone1.wav,"anh đợi máy một chút nhá liên quan đến vấn đề số điện thoại anh đang gọi lên trên tổng đài thì hiện tại bên em kiểm tra là xe này chưa có thông tin ờ, xin lỗi anh một chút",work,2,unusable,user6,2026-05-26T04:06:05.016963+00:00,0,/kaggle/working/asr_quality_classifier/data/audio/data2/50012020251108163554_002_06e7a899-35b6-4061-b693-06861455919a/clone1.wav,0,1,0.7417857142857143,False Positive,0.7417857142857143
user6,50012020251108163554_002_06e7a899-35b6-4061-b693-06861455919a/clone4.wav,50012020251108163554_002_06e7a899-35b6-4061-b693-06861455919a,clone4.wav,"anh đợi máy một chút nhá liên quan đến vấn đề số điện thoại anh đang gọi lên trên tổng đài thì hiện tại bên em kiểm tra là xe này chưa có thông tin ờ, xin lỗi anh một chút",work,2,unusable,user6,2026-05-26T04:06:05.017093+00:00,0,/kaggle/working/asr_quality_classifier/data/audio/data2/50012020251108163554_002_06e7a899-35b6-4061-b693-06861455919a/clone4.wav,0,1,0.7417857142857143,False Positive,0.7417857142857143
user5,50012020251108220354_004_138ba3b8-64a5-425c-b689-1ab414dc324a/clone8.wav,50012020251108220354_004_138ba3b8-64a5-425c-b689-1ab414dc324a,clone8.wav,"thì là em đóng cửa và em tắt bằng chìa khóa thì là không tắt được nổi, máy vẫn chạy",work,2,unusable,user5,2026-05-26T02:56:37.227537+00:00,0,/kaggle/working/asr_quality_classifier/data/audio/data2/50012020251108220354_004_138ba3b8-64a5-425c-b689-1ab414dc324a/clone8.wav,0,1,0.7417857142857143,False Positive,0.7417857142857143
user6,50012020251106173631_006_28aa34ad-a893-447c-b162-19497b85eafa/clone2.wav,50012020251106173631_006_28aa34ad-a893-447c-b162-19497b85eafa,clone2.wav,không phải số này anh ạ anh kiểm tra lại số điện thoại nhá bạn ấy gọi cho anh số khác hay không?,work,2,unusable,user6,2026-05-25T08:05:57.335464+00:00,0,/kaggle/working/asr_quality_classifier/data/audio/data2/50012020251106173631_006_28aa34ad-a893-447c-b162-19497b85eafa/clone2.wav,0,1,0.7417857142857143,False Positive,0.7417857142857143
user6,50006220251107204026_008_3668732e-00b1-417a-9034-0980c064d896/clone6.wav,50006220251107204026_008_3668732e-00b1-417a-9034-0980c064d896,clone6.wav,"vâng, vâng vâng, anh cứ nhập thông tin xong thì các bạn mới chuyển về đại lý được anh ạ hiện tại chưa chuyển về đại lý được thì mình cũng không qua đại lý được đâu anh nhé",work,2,unusable,user6,2026-05-25T08:26:45.804004+00:00,0,/kaggle/working/asr_quality_classifier/data/audio/data2/50006220251107204026_008_3668732e-00b1-417a-9034-0980c064d896/clone6.wav,0,1,0.7417857142857143,False Positive,0.7417857142857143
user1,50007620251108164448_001_b6146851-f504-4702-a5a9-70bf0f5b1065/clone1.wav,50007620251108164448_001_b6146851-f504-4702-a5a9-70bf0f5b1065,clone1.wav,em chào anh việt anh dùng liên hệ từ tổng đài vinfast ạ ờ vào giờ bên em có tiếp nhận được phản ánh của mình liên quan đến vấn đề về việc mà xử lý bảo hành xử lý sửa chữa pin xe vê ép năm của mình ở bên phía vinfast nguyễn phúc đấy ạ thì cái này bên em cũng đã có báo cáo với bên phía dịch vụ hậu mãi để các bạn ấy kiểm tra lại về bên phía bộ phận liên quan về cụ thể cái báo cáo kỹ thuật của mình về cái tình trạng pin mà bên phía xưởng dịch vụ gửi và bên phía kỹ sư ấy ạ thì hiện tại cái này thì các bạn ấy cần thời gian để đối chiếu lại thì có gì anh chờ thêm giúp em để các bạn ấy sẽ tiến hành kiểm tra về cái thông tin và cái phương án xử lý sớm để cập nhật lại đến mình anh ạ bao lâu thì xong anh nhỉ? ừm cái này hiện tại thì các bạn ấy sẽ cần phải đánh giá lại về bên phía nhà cung cấp pin và bên phía kỹ sư nữa anh ạ,work,2,unusable,user1,2026-05-26T04:35:56.621825+00:00,0,/kaggle/working/asr_quality_classifier/data/audio/data2/50007620251108164448_001_b6146851-f504-4702-a5a9-70bf0f5b1065/clone1.wav,0,1,0.7417857142857143,False Positive,0.7417857142857143
user5,50007620251108164448_001_b6146851-f504-4702-a5a9-70bf0f5b1065/clone2.wav,50007620251108164448_001_b6146851-f504-4702-a5a9-70bf0f5b1065,clone2.wav,em chào anh việt anh dùng liên hệ từ tổng đài vinfast ạ ờ vào giờ bên em có tiếp nhận được phản ánh của mình liên quan đến vấn đề về việc mà xử lý bảo hành xử lý sửa chữa pin xe vê ép năm của mình ở bên phía vinfast nguyễn phúc đấy ạ thì cái này bên em cũng đã có báo cáo với bên phía dịch vụ hậu mãi để các bạn ấy kiểm tra lại về bên phía bộ phận liên quan về cụ thể cái báo cáo kỹ thuật của mình về cái tình trạng pin mà bên phía xưởng dịch vụ gửi và bên phía kỹ sư ấy ạ thì hiện tại cái này thì các bạn ấy cần thời gian để đối chiếu lại thì có gì anh chờ thêm giúp em để các bạn ấy sẽ tiến hành kiểm tra về cái thông tin và cái phương án xử lý sớm để cập nhật lại đến mình anh ạ bao lâu thì xong anh nhỉ? ừm cái này hiện tại thì các bạn ấy sẽ cần phải đánh giá lại về bên phía nhà cung cấp pin và bên phía kỹ sư nữa anh ạ,work,2,unusable,user5,2026-05-25T09:23:02.236471+00:00,0,/kaggle/working/asr_quality_classifier/data/audio/data2/50007620251108164448_001_b6146851-f504-4702-a5a9-70bf0f5b1065/clone2.wav,0,1,0.7417857142857143,False Positive,0.7417857142857143
user1,50007420251112155836_004_abe41fcf-5a54-4f75-9fb2-96ddd805e91f/clone1.wav,50007420251112155836_004_abe41fcf-5a54-4f75-9fb2-96ddd805e91f,clone1.wav,ôi khó thế nhỉ chị nhỉ? vâng tại vì bên em cũng không trao đổi qua số cá nhân được,work,2,unusable,user1,2026-05-25T08:18:53.919650+00:00,0,/kaggle/working/asr_quality_classifier/data/audio/data2/50007420251112155836_004_abe41fcf-5a54-4f75-9fb2-96ddd805e91f/clone1.wav,0,1,0.7417857142857143,False Positive,0.7417857142857143
user2,50009020251102121144_006_fd48347d-835c-4c7b-b23d-35799064a414/clone3.wav,50009020251102121144_006_fd48347d-835c-4c7b-b23d-35799064a414,clone3.wav,do lâu ngày anh không đi vâng,work,2,unusable,user2,2026-05-26T02:05:13.542077+00:00,0,/kaggle/working/asr_quality_classifier/data/audio/data2/50009020251102121144_006_fd48347d-835c-4c7b-b23d-35799064a414/clone3.wav,0,1,0.7417857142857143,False Positive,0.7417857142857143
user4,50008820251114094218_007_580827f7-a2cd-45cb-b705-b2193c3a3d3f/clone4.wav,50008820251114094218_007_580827f7-a2cd-45cb-b705-b2193c3a3d3f,clone4.wav,em đọc số em đọc địa chỉ nhá,work,2,unusable,user4,2026-05-25T07:03:34.923540+00:00,0,/kaggle/working/asr_quality_classifier/data/audio/data2/50008820251114094218_007_580827f7-a2cd-45cb-b705-b2193c3a3d3f/clone4.wav,0,1,0.7417857142857143,False Positive,0.7417857142857143
user6,50008820251113180951_003_e2494911-328a-4973-bfb4-915828976dde/clone1.wav,50008820251113180951_003_e2494911-328a-4973-bfb4-915828976dde,clone1.wav,"ờ, biển số là tám mươi tám b bốn nghìn hai trăm hai mươi mốt",work,2,unusable,user6,2026-05-25T09:05:39.039247+00:00,0,/kaggle/working/asr_quality_classifier/data/audio/data2/50008820251113180951_003_e2494911-328a-4973-bfb4-915828976dde/clone1.wav,0,1,0.7417857142857143,False Positive,0.7417857142857143
user5,50008820251113180951_003_e2494911-328a-4973-bfb4-915828976dde/clone4.wav,50008820251113180951_003_e2494911-328a-4973-bfb4-915828976dde,clone4.wav,"ờ, biển số là tám mươi tám b bốn nghìn hai trăm hai mươi mốt",work,2,unusable,user5,2026-05-25T07:53:46.723936+00:00,0,/kaggle/working/asr_quality_classifier/data/audio/data2/50008820251113180951_003_e2494911-328a-4973-bfb4-915828976dde/clone4.wav,0,1,0.7417857142857143,False Positive,0.7417857142857143
user6,50008820251113180951_003_e2494911-328a-4973-bfb4-915828976dde/clone8.wav,50008820251113180951_003_e2494911-328a-4973-bfb4-915828976dde,clone8.wav,"ờ, biển số là tám mươi tám b bốn nghìn hai trăm hai mươi mốt",work,2,unusable,user6,2026-05-25T09:05:39.039403+00:00,0,/kaggle/working/asr_quality_classifier/data/audio/data2/50008820251113180951_003_e2494911-328a-4973-bfb4-915828976dde/clone8.wav,0,1,0.7417857142857143,False Positive,0.7417857142857143
user6,50000820251101204533_012_62f23831-8ba6-45b7-aeaf-237f2a8d4c11/clone1.wav,50000820251101204533_012_62f23831-8ba6-45b7-aeaf-237f2a8d4c11,clone1.wav,"thứ hai vâng vâng, thế nhưng mà ý em hỏi là bây giờ là anh mới đơn hàng của em là mới giao về đấy thế nhưng mà bây giờ nghĩa là người ta chưa nhận được thông tin gì ấy, ví dụ em đi cũng qua đấy thì họ cũng kiểm tra chưa thấy thôi anh ghi cho em mã đơn hàng, anh đọc mã đơn hàng họ sẽ kiểm tra theo mã đơn hàng là sẽ thấy vâng ạ dạ vâng, vâng, thế có gì mai em qua đấy có thủ thủ tục thì cần cái gì mang theo nhỉ anh nhỉ? anh mang lên căn cước công dân chính chủ và áp i lắp vin-grúp nhá anh qua anh mở áp thì các bạn ấy kiểm tra thông tin mã nhân viên của mình là được ạ dạ vâng, vâng, vâng, vâng chỉ có thế thôi hả anh? dạ vâng, thế thôi dạ vâng, vâng, vâng, em cảm ơn nhá vâng, vâng, cảm ơn anh, chào anh",work,2,unusable,user6,2026-05-26T03:19:10.754274+00:00,0,/kaggle/working/asr_quality_classifier/data/audio/data2/50000820251101204533_012_62f23831-8ba6-45b7-aeaf-237f2a8d4c11/clone1.wav,0,1,0.7417857142857143,False Positive,0.7417857142857143
user5,50000820251101203019_001_372ab2d8-5884-4f8b-938b-8f3902e46f39/clone6.wav,50000820251101203019_001_372ab2d8-5884-4f8b-938b-8f3902e46f39,clone6.wav,"à, xe về về xưởng an thái về em à, dạ vâng, thế em xác nhận thông tin này anh nhá trường hợp cần hỗ trợ thêm thì anh cứ gọi lại tổng đài bên em anh nhá rồi, rồi, rồi, cảm ơn anh vâng, cảm ơn anh, chào anh ạ cảm ơn, chào anh vâng ạ",work,2,unusable,user5,2026-05-26T03:17:38.403746+00:00,0,/kaggle/working/asr_quality_classifier/data/audio/data2/50000820251101203019_001_372ab2d8-5884-4f8b-938b-8f3902e46f39/clone6.wav,0,1,0.7417857142857143,False Positive,0.7417857142857143
user6,50000820251101204533_005_635b51bf-b27d-4fbd-833d-aeb1700859bf/clone1.wav,50000820251101204533_005_635b51bf-b27d-4fbd-833d-aeb1700859bf,clone1.wav,"anh giữ máy đợi một chút nhá dạ vâng, vâng, vâng",work,2,unusable,user6,2026-05-25T10:04:49.461206+00:00,0,/kaggle/working/asr_quality_classifier/data/audio/data2/50000820251101204533_005_635b51bf-b27d-4fbd-833d-aeb1700859bf/clone1.wav,0,1,0.7417857142857143,False Positive,0.7417857142857143
user5,50000420251113194100_001_575795a2-1b84-4b75-a417-558c52d97a25/clone2.wav,50000420251113194100_001_575795a2-1b84-4b75-a417-558c52d97a25,clone2.wav,vâng em có nhận được cái yêu cầu hỗ trợ của mình sáng nay về vấn đề xe lấy được ba hôm thì bị bóc tróc sơn ấy anh đúng rồi dạ vâng à cho em xác nhận lại một chút là xe này mình sau khi rửa xong ấy thì là mình đã mang qua phía xưởng dịch vụ nào để các bạn ấy xác nhận lại cho mình là sẽ sơn lại mất hai ba ngày đấy ạ,work,2,unusable,user5,2026-05-25T08:54:28.248126+00:00,0,/kaggle/working/asr_quality_classifier/data/audio/data2/50000420251113194100_001_575795a2-1b84-4b75-a417-558c52d97a25/clone2.wav,0,1,0.7417857142857143,False Positive,0.7417857142857143
user6,50000820251101190728_000_5d0b155c-e579-4ff2-a3a9-5cb6fbad568e/clone1.wav,50000820251101190728_000_5d0b155c-e579-4ff2-a3a9-5cb6fbad568e,clone1.wav,à lô vâng anh ơi em gọi cho anh từ chăm sóc khách hàng vinfast nên em thấy mình có cuộc gọi nhỡ liên tục đài mình đang cần em hỗ trợ vấn đề gì không anh?,work,2,unusable,user6,2026-05-26T03:18:30.796090+00:00,0,/kaggle/working/asr_quality_classifier/data/audio/data2/50000820251101190728_000_5d0b155c-e579-4ff2-a3a9-5cb6fbad568e/clone1.wav,0,1,0.7417857142857143,False Positive,0.7417857142857143
user1,50013820251110101928_006_bf5a5282-06a8-47cf-ae5d-3ffc1c0a897b/clone8.wav,50013820251110101928_006_bf5a5282-06a8-47cf-ae5d-3ffc1c0a897b,clone8.wav,vin-com gọi xuống vin-com cũng không được luôn hiện tại lon thành đồng nai nhá thì đúng rồi,work,2,unusable,user1,2026-05-25T08:27:00.850668+00:00,0,/kaggle/working/asr_quality_classifier/data/audio/data2/50013820251110101928_006_bf5a5282-06a8-47cf-ae5d-3ffc1c0a897b/clone8.wav,0,1,0.7417857142857143,False Positive,0.7417857142857143
user7,50015420251108091814_001_004f687a-2ada-4e6f-8326-cea59174aa29/clone7.wav,50015420251108091814_001_004f687a-2ada-4e6f-8326-cea59174aa29,clone7.wav,ờ dạ tên bình anh anh bình đúng không ạ? đúng rồi anh bình biển mấy ạ? ờ biển số xe là sáu mươi sáu giờ không ba nghìn tám trăm chín mươi tư vê ép năm,work,2,unusable,user7,2026-05-26T02:02:05.800656+00:00,0,/kaggle/working/asr_quality_classifier/data/audio/data2/50015420251108091814_001_004f687a-2ada-4e6f-8326-cea59174aa29/clone7.wav,0,1,0.7417857142857143,False Positive,0.7417857142857143
user4,50000420251104164344_001_77672800-2069-4fee-bbb9-947f24c278cf/clone3.wav,50000420251104164344_001_77672800-2069-4fee-bbb9-947f24c278cf,clone3.wav,a-lô? ờ ok ok rồi,work,2,unusable,user4,2026-05-26T02:48:27.685500+00:00,0,/kaggle/working/asr_quality_classifier/data/audio/data2/50000420251104164344_001_77672800-2069-4fee-bbb9-947f24c278cf/clone3.wav,0,1,0.7417857142857143,False Positive,0.7417857142857143
user1,50000420251102162231_001_4756a6dd-aea9-4ad9-b5da-c8a3b9ac17b9/clone7.wav,50000420251102162231_001_4756a6dd-aea9-4ad9-b5da-c8a3b9ac17b9,clone7.wav,a-lô ạ? dạ a-lô em gọi cho mình ở bên chăm sóc khách hàng vinfast anh ạ dạ dạ vâng em có nhận được mêu anh gửi cho bên em về vấn đề là đặt lịch qua bên xưởng dịch vụ ở tam kỳ nhưng mà đang không có ấy anh ạ hiện tại thì ở xưởng dịch vụ tam kỳ vinfast thì chưa có cái xưởng dịch vụ nào cả anh ạ nếu mà mình ở gần khu vực tam kỳ quảng nam thì mình có thể đặt lịch qua bên xưởng dịch vụ quảng ngãi giúp em nhá để các bạn hỗ trợ cho mình ạ,work,2,unusable,user1,2026-05-26T03:59:52.113442+00:00,0,/kaggle/working/asr_quality_classifier/data/audio/data2/50000420251102162231_001_4756a6dd-aea9-4ad9-b5da-c8a3b9ac17b9/clone7.wav,0,1,0.7417857142857143,False Positive,0.7417857142857143
user5,50000420251102162231_019_a7ac81aa-346b-475d-b2a1-be01082e274f/clone3.wav,50000420251102162231_019_a7ac81aa-346b-475d-b2a1-be01082e274f,clone3.wav,vâng em chào anh có thông tin phản hồi các bạn sẽ liên hệ lại báo lại với anh ạ,work,2,unusable,user5,2026-05-26T04:21:55.633738+00:00,0,/kaggle/working/asr_quality_classifier/data/audio/data2/50000420251102162231_019_a7ac81aa-346b-475d-b2a1-be01082e274f/clone3.wav,0,1,0.7417857142857143,False Positive,0.7417857142857143
user5,50000420251104152324_001_b83e74b0-f42e-4539-9b71-78d62756e094/clone8.wav,50000420251104152324_001_b83e74b0-f42e-4539-9b71-78d62756e094,clone8.wav,"anh ơi, em có nhận được mêu anh gửi cho bên em sáng nay về vấn đề nhận xe của mình ấy hiện tại em đang kiểm tra đơn hàng này của anh thì đang ở nhà phân phối quang vinh hải hậu rồi anh ạ mình có bên em đã liên hệ cùng với nhà phân phối để các bạn hỗ trợ bàn giao xe cho mình anh nhá à đã đã về rồi ạ? em mới đặt hôm qua mà đã về rồi rồi ạ? không, ý là đơn hàng đang ở đấy anh ạ nếu mà nhà phân phối có sẵn xe thì họ giao luôn cho mình anh ạ còn không à vâng vâng các bạn thì sẽ là người mà vâng không tin tới mình ấy thì mình làm việc với cô tiếp với em với nhà phân phối giúp em nhá ok vâng em cảm ơn chị anh anh biết thông tin nhà phân phối đấy chưa ạ? em có rồi trước em lấy một lần lấy một cái rồi giờ lấy thêm nữa để bàn cờ này dạ vâng vâng ạ ở quang vinh hải hậu ấy ạ mình làm việc với nhà phân phối đấy giúp em dạ vâng vâng em cảm ơn ạ em chào anh",work,2,unusable,user5,2026-05-26T03:21:15.022098+00:00,0,/kaggle/working/asr_quality_classifier/data/audio/data2/50000420251104152324_001_b83e74b0-f42e-4539-9b71-78d62756e094/clone8.wav,0,1,0.7417857142857143,False Positive,0.7417857142857143
user4,50000420251104152324_001_b83e74b0-f42e-4539-9b71-78d62756e094/clone6.wav,50000420251104152324_001_b83e74b0-f42e-4539-9b71-78d62756e094,clone6.wav,"anh ơi, em có nhận được mêu anh gửi cho bên em sáng nay về vấn đề nhận xe của mình ấy hiện tại em đang kiểm tra đơn hàng này của anh thì đang ở nhà phân phối quang vinh hải hậu rồi anh ạ mình có bên em đã liên hệ cùng với nhà phân phối để các bạn hỗ trợ bàn giao xe cho mình anh nhá à đã đã về rồi ạ? em mới đặt hôm qua mà đã về rồi rồi ạ? không, ý là đơn hàng đang ở đấy anh ạ nếu mà nhà phân phối có sẵn xe thì họ giao luôn cho mình anh ạ còn không à vâng vâng các bạn thì sẽ là người mà vâng không tin tới mình ấy thì mình làm việc với cô tiếp với em với nhà phân phối giúp em nhá ok vâng em cảm ơn chị anh anh biết thông tin nhà phân phối đấy chưa ạ? em có rồi trước em lấy một lần lấy một cái rồi giờ lấy thêm nữa để bàn cờ này dạ vâng vâng ạ ở quang vinh hải hậu ấy ạ mình làm việc với nhà phân phối đấy giúp em dạ vâng vâng em cảm ơn ạ em chào anh",work,2,unusable,user4,2026-05-26T03:05:53.120104+00:00,0,/kaggle/working/asr_quality_classifier/data/audio/data2/50000420251104152324_001_b83e74b0-f42e-4539-9b71-78d62756e094/clone6.wav,0,1,0.7417857142857143,False Positive,0.7417857142857143
user2,50000420251109123328_005_437cba27-55a2-4259-a962-8566333f6c9d/clone6.wav,50000420251109123328_005_437cba27-55a2-4259-a962-8566333f6c9d,clone6.wav,dạ thế lúc mà mình dạ,work,1,usable,user2,2026-05-25T08:56:36.991072+00:00,1,/kaggle/working/asr_quality_classifier/data/audio/data2/50000420251109123328_005_437cba27-55a2-4259-a962-8566333f6c9d/clone6.wav,1,0,0.74,False Negative,0.26
user7,50015420251104085547_007_ae3ab59a-5a9a-47bd-b596-cf03b1700c41/clone7.wav,50015420251104085547_007_ae3ab59a-5a9a-47bd-b596-cf03b1700c41,clone7.wav,"ok, cái này thì để em",work,1,usable,user7,2026-05-25T08:29:10.702963+00:00,1,/kaggle/working/asr_quality_classifier/data/audio/data2/50015420251104085547_007_ae3ab59a-5a9a-47bd-b596-cf03b1700c41/clone7.wav,1,0,0.74,False Negative,0.26
user5,50015420251104085547_008_4d777380-9ea7-4784-9fcf-f67e63f6d9dc/clone2.wav,50015420251104085547_008_4d777380-9ea7-4784-9fcf-f67e63f6d9dc,clone2.wav,nhắn bên đó một lần nữa nhá xem bên đó đặt lịch hẹn cho mình chưa liên hệ cho anh đúng không? chưa liên hệ gì anh ạ vâng vâng ok để em báo lại bên đó,work,1,usable,user5,2026-05-25T07:42:09.933251+00:00,1,/kaggle/working/asr_quality_classifier/data/audio/data2/50015420251104085547_008_4d777380-9ea7-4784-9fcf-f67e63f6d9dc/clone2.wav,1,0,0.74,False Negative,0.26
user1,50015420251104085547_008_4d777380-9ea7-4784-9fcf-f67e63f6d9dc/clone5.wav,50015420251104085547_008_4d777380-9ea7-4784-9fcf-f67e63f6d9dc,clone5.wav,nhắn bên đó một lần nữa nhá xem bên đó đặt lịch hẹn cho mình chưa liên hệ cho anh đúng không? chưa liên hệ gì anh ạ vâng vâng ok để em báo lại bên đó,work,1,usable,user1,2026-05-26T04:40:58.578075+00:00,1,/kaggle/working/asr_quality_classifier/data/audio/data2/50015420251104085547_008_4d777380-9ea7-4784-9fcf-f67e63f6d9dc/clone5.wav,1,0,0.74,False Negative,0.26
user6,50015420251104085547_008_4d777380-9ea7-4784-9fcf-f67e63f6d9dc/clone6.wav,50015420251104085547_008_4d777380-9ea7-4784-9fcf-f67e63f6d9dc,clone6.wav,nhắn bên đó một lần nữa nhá xem bên đó đặt lịch hẹn cho mình chưa liên hệ cho anh đúng không? chưa liên hệ gì anh ạ vâng vâng ok để em báo lại bên đó,work,1,usable,user6,2026-05-26T04:19:27.643205+00:00,1,/kaggle/working/asr_quality_classifier/data/audio/data2/50015420251104085547_008_4d777380-9ea7-4784-9fcf-f67e63f6d9dc/clone6.wav,1,0,0.74,False Negative,0.26
user4,50015420251107150602_008_1949fba6-d875-4eda-a34f-f7733340f7af/clone3.wav,50015420251107150602_008_1949fba6-d875-4eda-a34f-f7733340f7af,clone3.wav,"vâng, để em làm việc lại với cả bên nhà phân phối để giục họ xem là cái đơn này của mình thì vướng vấn đề ở đâu mà sao chưa giao nhanh nhá xong xe em sẽ phản hồi lại anh rồi rồi, ok ok vâng, vâng, rồi rồi anh mua ở vinfast phạm văn đồng tuệ, cẩm lệ, đà nẵng đúng không? đúng rồi, đúng rồi phạm văn đồng tuệ, đà nẵng đúng chỗ ba phạm hùng hòa xuân đấy nhỉ anh? phạm hùng đúng rồi, đúng rồi à vâng, vâng, vâng để em làm việc lại với bên đó nhá",work,1,usable,user4,2026-05-25T08:00:29.414867+00:00,1,/kaggle/working/asr_quality_classifier/data/audio/data2/50015420251107150602_008_1949fba6-d875-4eda-a34f-f7733340f7af/clone3.wav,1,0,0.74,False Negative,0.26
user4,50015420251108091814_002_61165a9c-7f24-4e2b-8390-88af82af3f73/clone5.wav,50015420251108091814_002_61165a9c-7f24-4e2b-8390-88af82af3f73,clone5.wav,vê ép năm biển xe cá nhân hay xe dịch vụ ạ? xe cá nhân cá nhân biển trắng đúng không? đó biển biển này biển vàng nha ờ biển vàng nhưng mà biển vàng cá nhân anh mua đúng không? đúng rồi vâng anh cho em biển số xe sáu mươi sáu giờ ba nghìn tám trăm chín mươi tư anh đọc chậm giúp em với sáu mươi sáu giờ ba nghìn tám trăm chín mươi tư ba nghìn tám trăm chín mươi tư sáu mươi sáu giờ ba nghìn tám trăm chín mươi tư vâng lỗi bê vê đúng không ạ? đúng rồi nãy có ai mới tạo tạo cho anh cái dịch vụ trên áp á,work,1,usable,user4,2026-05-25T08:59:26.019871+00:00,1,/kaggle/working/asr_quality_classifier/data/audio/data2/50015420251108091814_002_61165a9c-7f24-4e2b-8390-88af82af3f73/clone5.wav,1,0,0.74,False Negative,0.26
user3,50015420251108110443_011_98210b58-62dc-4baa-9771-919cd6768142/clone2.wav,50015420251108110443_011_98210b58-62dc-4baa-9771-919cd6768142,clone2.wav,thì không biết là bên đó thì em báo bên đó nhá thì bên đó sẽ chủ động liên hệ ra để đặt lịch cụ thể chi tiết với anh nhá,work,1,usable,user3,2026-05-25T07:15:33.099708+00:00,1,/kaggle/working/asr_quality_classifier/data/audio/data2/50015420251108110443_011_98210b58-62dc-4baa-9771-919cd6768142/clone2.wav,1,0,0.74,False Negative,0.26
user4,50015420251110100952_004_eb4f2bac-44e5-43c0-aa2c-3e272046f7f7/clone5.wav,50015420251110100952_004_eb4f2bac-44e5-43c0-aa2c-3e272046f7f7,clone5.wav,"ờ, sạc xe nó chưa đầy mà nó mới đến năm mấy phần trăm thôi ấy mà nếu mà như thế thì phải kiểm tra lại bên vingreen đầu tiên đã xem trạm cái trụ sạc nó có vấn đề gì không còn trụ sạc nó không có vấn đề gì thì mình kiểm tra lại cổng sạc ở xe anh nhá",work,1,usable,user4,2026-05-26T02:37:31.607151+00:00,1,/kaggle/working/asr_quality_classifier/data/audio/data2/50015420251110100952_004_eb4f2bac-44e5-43c0-aa2c-3e272046f7f7/clone5.wav,1,0,0.74,False Negative,0.26
user6,50015420251110154129_004_68869cc2-a325-4c39-80f5-1e630ae4f701/clone7.wav,50015420251110154129_004_68869cc2-a325-4c39-80f5-1e630ae4f701,clone7.wav,đặt thì bây giờ anh tiến hành đặt như nào để cho vừa tiện à mà nhanh em nhỉ?,work,1,usable,user6,2026-05-25T07:44:39.444261+00:00,1,/kaggle/working/asr_quality_classifier/data/audio/data2/50015420251110154129_004_68869cc2-a325-4c39-80f5-1e630ae4f701/clone7.wav,1,0,0.74,False Negative,0.26
user5,50015420251110154129_006_1dcb04da-353b-4ed3-8722-24a0fe992bd2/clone2.wav,50015420251110154129_006_1dcb04da-353b-4ed3-8722-24a0fe992bd2,clone2.wav,ok ok anh có thể trao đổi trực tiếp với bên đó,work,1,usable,user5,2026-05-25T08:54:57.802462+00:00,1,/kaggle/working/asr_quality_classifier/data/audio/data2/50015420251110154129_006_1dcb04da-353b-4ed3-8722-24a0fe992bd2/clone2.wav,1,0,0.74,False Negative,0.26
user1,50015420251110154129_012_007cd00c-279e-432d-b1bf-0f42308fdfd7/clone7.wav,50015420251110154129_012_007cd00c-279e-432d-b1bf-0f42308fdfd7,clone7.wav,ừ cái gần chỗ anh làm anh làm ở bên vinmotor vâng đấy thì anh đặt à báo người ta đặt hàng xong lúc nào có thì mình chỉ việc qua ấy thôi cho nó tiện,work,1,usable,user1,2026-05-25T08:49:52.250272+00:00,1,/kaggle/working/asr_quality_classifier/data/audio/data2/50015420251110154129_012_007cd00c-279e-432d-b1bf-0f42308fdfd7/clone7.wav,1,0,0.74,False Negative,0.26
user7,50015420251110154129_012_007cd00c-279e-432d-b1bf-0f42308fdfd7/clone8.wav,50015420251110154129_012_007cd00c-279e-432d-b1bf-0f42308fdfd7,clone8.wav,ừ cái gần chỗ anh làm anh làm ở bên vinmotor vâng đấy thì anh đặt à báo người ta đặt hàng xong lúc nào có thì mình chỉ việc qua ấy thôi cho nó tiện,work,1,usable,user7,2026-05-25T05:25:49.292007+00:00,1,/kaggle/working/asr_quality_classifier/data/audio/data2/50015420251110154129_012_007cd00c-279e-432d-b1bf-0f42308fdfd7/clone8.wav,1,0,0.74,False Negative,0.26
user6,50015420251111074900_012_9d6cb44c-bd8a-4017-bf68-346bda98e26e/clone7.wav,50015420251111074900_012_9d6cb44c-bd8a-4017-bf68-346bda98e26e,clone7.wav,chị thanh toán tiền cọc trước gì hả chị?,work,1,usable,user6,2026-05-25T07:44:29.181213+00:00,1,/kaggle/working/asr_quality_classifier/data/audio/data2/50015420251111074900_012_9d6cb44c-bd8a-4017-bf68-346bda98e26e/clone7.wav,1,0,0.74,False Negative,0.26
user1,50015420251111074900_013_b79aa42a-dda6-4ab5-b12d-21a4885f50cf/clone3.wav,50015420251111074900_013_b79aa42a-dda6-4ab5-b12d-21a4885f50cf,clone3.wav,chào anh chị thanh toán tiền cọc trước gì ạ?,work,1,usable,user1,2026-05-25T08:41:17.488937+00:00,1,/kaggle/working/asr_quality_classifier/data/audio/data2/50015420251111074900_013_b79aa42a-dda6-4ab5-b12d-21a4885f50cf/clone3.wav,1,0,0.74,False Negative,0.26
user6,50015420251111074900_013_b79aa42a-dda6-4ab5-b12d-21a4885f50cf/clone6.wav,50015420251111074900_013_b79aa42a-dda6-4ab5-b12d-21a4885f50cf,clone6.wav,chào anh chị thanh toán tiền cọc trước gì ạ?,work,1,usable,user6,2026-05-25T05:20:09.538951+00:00,1,/kaggle/working/asr_quality_classifier/data/audio/data2/50015420251111074900_013_b79aa42a-dda6-4ab5-b12d-21a4885f50cf/clone6.wav,1,0,0.74,False Negative,0.26
user7,50015520251101111459_001_023f4f7c-e65e-4353-ae29-e93003dc6081/clone2.wav,50015520251101111459_001_023f4f7c-e65e-4353-ae29-e93003dc6081,clone2.wav,"à à tính là đem ra đằng sau kìa à anh a anh bị à anh bị à trêu một cái à cái dạng như mà nó tính tiền à sạc của anh là quá giờ á có một nghìn đồng thôi dạ vâng, cái này thông tin liên quan đến trạm sạc sạc sạc thì lần sau mình liên hệ thay vì bấm phím một vinfast thì anh bấm phím năm nhá để các bạn bên vin grin trạm sạc sạc hỗ trợ mình còn trong cuộc gọi này thì anh giữ máy em chuyển máy sang các bạn nhá không không để anh nói à à nhưng mà giờ giờ có một nghìn đồng thì anh không thể nào thanh toán được quá quá cu e-rờ bảo cu e-rờ nó cũng không cho em hiểu không? nó không cho thanh toán một nghìn đồng phải hai nghìn đồng trở lên em hiểu rồi anh nhưng mà liên quan đến thanh toán trạm sạc sạc thì anh là các bạn vin grin anh ạ còn vin vin phát bên em không kiểm tra được thì anh giữ máy nhá em chuyển máy sang bên các bạn khi anh thấy có tín hiệu lại anh bấm giúp em phím năm nhá",work,1,usable,user7,2026-05-25T08:56:52.464799+00:00,1,/kaggle/working/asr_quality_classifier/data/audio/data2/50015520251101111459_001_023f4f7c-e65e-4353-ae29-e93003dc6081/clone2.wav,1,0,0.74,False Negative,0.26
user1,50015520251101111459_002_2638f173-de57-4f9e-945f-2a14495c185b/clone5.wav,50015520251101111459_002_2638f173-de57-4f9e-945f-2a14495c185b,clone5.wav,anh nhưng mà nó trừ tiền quá áp mà em vâng anh nhưng đây phí của mình là phí đỗ quá giờ mà anh nó liên quan đến trạm sạc sạc mà à thế à à vâng nếu như mà trừ khi là phí thuê pin các thứ của bên em ấy bên em mới xử lý được còn đây liên quan đến trạm sạc sạc là vin grin anh ạ,work,1,usable,user1,2026-05-26T03:19:07.832359+00:00,1,/kaggle/working/asr_quality_classifier/data/audio/data2/50015520251101111459_002_2638f173-de57-4f9e-945f-2a14495c185b/clone5.wav,1,0,0.74,False Negative,0.26
user1,50015520251114164831_001_6a00d5cb-5a99-46a5-8464-4df54784316c/clone5.wav,50015520251114164831_001_6a00d5cb-5a99-46a5-8464-4df54784316c,clone5.wav,a-lô a-lô em em chào anh ạ em là,work,1,usable,user1,2026-05-26T04:29:35.886758+00:00,1,/kaggle/working/asr_quality_classifier/data/audio/data2/50015520251114164831_001_6a00d5cb-5a99-46a5-8464-4df54784316c/clone5.wav,1,0,0.74,False Negative,0.26
user7,50015520251114164831_005_210be6ac-a770-43d2-97e5-2a21b14b5a7a/clone5.wav,50015520251114164831_005_210be6ac-a770-43d2-97e5-2a21b14b5a7a,clone5.wav,"hay là do nguyên nhân do do mình không để ý nó quệt vào quệt quệt vào cái chỗ vỉa lươn ấy à vâng ừ tức là trước đấy là xe không có vấn đề gì đúng không anh? đúng rồi ạ à xe thì lâu lâu nó hay tự mở cốp à vâng phần mềm ấy dạ vâng, chắc do phần mềm mà vâng vâng vâng, thế em gọi cũng để",work,1,usable,user7,2026-05-26T02:09:43.304644+00:00,1,/kaggle/working/asr_quality_classifier/data/audio/data2/50015520251114164831_005_210be6ac-a770-43d2-97e5-2a21b14b5a7a/clone5.wav,1,0,0.74,False Negative,0.26
user6,50015520251114164831_006_9038164c-8b2b-4840-829c-e239bfaee0b6/clone8.wav,50015520251114164831_006_9038164c-8b2b-4840-829c-e239bfaee0b6,clone8.wav,"khảo sát qua thôi ạ vâng ừ ừ vâng, em cảm ơn anh nhá có gì có gì bảo anh bảo giúp mình kiểm tra và báo giá giúp mình nhá dạ vâng vâng vâng vâng, dạ vâng ok, xin chào vâng, em chào anh ạ em cảm ơn anh ạ",work,1,usable,user6,2026-05-26T03:49:53.758456+00:00,1,/kaggle/working/asr_quality_classifier/data/audio/data2/50015520251114164831_006_9038164c-8b2b-4840-829c-e239bfaee0b6/clone8.wav,1,0,0.74,False Negative,0.26
user7,50014120251107101049_003_0c8a6d70-9759-4d9a-8033-ea18012b667c/clone7.wav,50014120251107101049_003_0c8a6d70-9759-4d9a-8033-ea18012b667c,clone7.wav,vâng em rất là xin lỗi sự phiền hà của anh ạ thì có gì anh thông cảm chờ giúp em khi có thông tin bên em sẽ bảo lại cho anh ạ,work,1,usable,user7,2026-05-25T07:43:46.070475+00:00,1,/kaggle/working/asr_quality_classifier/data/audio/data2/50014120251107101049_003_0c8a6d70-9759-4d9a-8033-ea18012b667c/clone7.wav,1,0,0.74,False Negative,0.26
user2,50014120251110110856_000_b17d3a7b-78ad-4245-8704-e74942763710/clone1.wav,50014120251110110856_000_b17d3a7b-78ad-4245-8704-e74942763710,clone1.wav,"a-lô vâng, em chào anh em họ anh tổng đài chăm sóc khách hàng vinfast em thấy anh có gọi nhỡ đến bên em không biết anh cần hỗ trợ gì không ạ?",work,1,usable,user2,2026-05-25T08:45:51.736579+00:00,1,/kaggle/working/asr_quality_classifier/data/audio/data2/50014120251110110856_000_b17d3a7b-78ad-4245-8704-e74942763710/clone1.wav,1,0,0.74,False Negative,0.26
user7,50014120251110110856_003_a5c063eb-8f6f-429a-b401-84051e02c799/clone5.wav,50014120251110110856_003_a5c063eb-8f6f-429a-b401-84051e02c799,clone5.wav,"tại thấy ghi là liên lạc không được á, để cái số này là cái số của tôi để bên đó liên lạc á",work,1,usable,user7,2026-05-25T07:01:26.162161+00:00,1,/kaggle/working/asr_quality_classifier/data/audio/data2/50014120251110110856_003_a5c063eb-8f6f-429a-b401-84051e02c799/clone5.wav,1,0,0.74,False Negative,0.26
user4,50000420251109143536_004_dc1182e7-2fce-4956-80ec-4e6b48c82b44/clone1.wav,50000420251109143536_004_dc1182e7-2fce-4956-80ec-4e6b48c82b44,clone1.wav,"dạ vâng ạ còn nếu mà muốn nhìn, vâng, còn nếu mà muốn nhìn thông tin của xe ở trên áp thì sẽ cần lắp thêm phụ tùng với cả đăng ký esim",work,1,usable,user4,2026-05-26T03:06:10.320698+00:00,1,/kaggle/working/asr_quality_classifier/data/audio/data2/50000420251109143536_004_dc1182e7-2fce-4956-80ec-4e6b48c82b44/clone1.wav,1,0,0.74,False Negative,0.26
user1,50000420251109144005_010_fecbde28-2981-4f89-8185-57f893060346/clone1.wav,50000420251109144005_010_fecbde28-2981-4f89-8185-57f893060346,clone1.wav,mới gần một năm thôi,work,1,usable,user1,2026-05-26T03:24:05.697778+00:00,1,/kaggle/working/asr_quality_classifier/data/audio/data2/50000420251109144005_010_fecbde28-2981-4f89-8185-57f893060346/clone1.wav,1,0,0.74,False Negative,0.26
user4,50000420251109144005_011_16470748-20b6-4afa-b5a1-3a800c4db2d7/clone3.wav,50000420251109144005_011_16470748-20b6-4afa-b5a1-3a800c4db2d7,clone3.wav,"nhưng mà em xác nhận lại một chút này là trước đây áp mình vẫn có thể sử dụng được bình thường đúng không ạ? vâng hôm hôm ngày ba mươi tháng mười là lần cuối cùng nó cập nhật áp ấy em thấy nó nó có vị trí với lại pin nhưng mà hôm nay em vừa mới bật lên, hôm qua em vừa mới bật lên thì pin nó cũng không cập nhật nữa và vị trí cũng không cập nhật nữa chị ừ dạ mình xác nhận lại với em là mình không mua lại pin đúng không chị? vâng em không mua lại pin ạ à dạ vâng thế để em báo lại cái thông tin này với cả bên phía",work,1,usable,user4,2026-05-26T04:36:43.289280+00:00,1,/kaggle/working/asr_quality_classifier/data/audio/data2/50000420251109144005_011_16470748-20b6-4afa-b5a1-3a800c4db2d7/clone3.wav,1,0,0.74,False Negative,0.26
user7,50000420251110164334_000_d340f83f-83bc-4735-8af8-61e40fedd731/clone2.wav,50000420251110164334_000_d340f83f-83bc-4735-8af8-61e40fedd731,clone2.wav,a-lô dạ em chào chị ái em hoa lên hệ lại cho mình về tài khoản của bên em ạ dạ dạ vâng chị ơi liên quan đến cái vấn đề của mình ấy thì trước mình có phản ánh lên tổng đài của bên em về vấn đề là hoàn cọc cho mình ấy chị dạ dạ vâng bên bên bên em có gọi ra để phản hồi lại cho mình rằng là hiện tại thì là cái thông tin mà sau đó hoàn cọc của mình ấy ạ thì là đang trong quá trình được phê duyệt và chờ trình thanh toán rồi và thời gian thanh toán sẽ là từ mười đến mười bốn ngày làm việc,work,1,usable,user7,2026-05-25T08:47:40.282281+00:00,1,/kaggle/working/asr_quality_classifier/data/audio/data2/50000420251110164334_000_d340f83f-83bc-4735-8af8-61e40fedd731/clone2.wav,1,0,0.74,False Negative,0.26
user1,50000420251110164334_000_d340f83f-83bc-4735-8af8-61e40fedd731/clone4.wav,50000420251110164334_000_d340f83f-83bc-4735-8af8-61e40fedd731,clone4.wav,a-lô dạ em chào chị ái em hoa lên hệ lại cho mình về tài khoản của bên em ạ dạ dạ vâng chị ơi liên quan đến cái vấn đề của mình ấy thì trước mình có phản ánh lên tổng đài của bên em về vấn đề là hoàn cọc cho mình ấy chị dạ dạ vâng bên bên bên em có gọi ra để phản hồi lại cho mình rằng là hiện tại thì là cái thông tin mà sau đó hoàn cọc của mình ấy ạ thì là đang trong quá trình được phê duyệt và chờ trình thanh toán rồi và thời gian thanh toán sẽ là từ mười đến mười bốn ngày làm việc,work,1,usable,user1,2026-05-26T04:21:47.615853+00:00,1,/kaggle/working/asr_quality_classifier/data/audio/data2/50000420251110164334_000_d340f83f-83bc-4735-8af8-61e40fedd731/clone4.wav,1,0,0.74,False Negative,0.26
user6,50000420251110164334_002_c6ce07d2-dd96-4dd8-9b8f-61a5cd370c43/clone6.wav,50000420251110164334_002_c6ce07d2-dd96-4dd8-9b8f-61a5cd370c43,clone6.wav,dạ vâng ạ à giống như hồi nãy chị nói á tầm mười tới mười bốn ngày là tính từ cái ngày được phê duyệt thành công thì bây giờ thôi em tính ngày bảy luôn đi ngày bảy đi nhưng mà không tính thứ bảy chủ nhật làm việc,work,1,usable,user6,2026-05-26T03:52:03.189833+00:00,1,/kaggle/working/asr_quality_classifier/data/audio/data2/50000420251110164334_002_c6ce07d2-dd96-4dd8-9b8f-61a5cd370c43/clone6.wav,1,0,0.74,False Negative,0.26
user6,50000420251110164334_003_30ca2061-0fc7-489d-8120-4f404a18b36a/clone1.wav,50000420251110164334_003_30ca2061-0fc7-489d-8120-4f404a18b36a,clone1.wav,là bây giờ em là tức là cái tuần này em mới bắt đầu đợi nếu tuần này không có là phải tới tuần sau tức là lại kéo dài thêm một tuần nữa,work,1,usable,user6,2026-05-25T10:45:29.167512+00:00,1,/kaggle/working/asr_quality_classifier/data/audio/data2/50000420251110164334_003_30ca2061-0fc7-489d-8120-4f404a18b36a/clone1.wav,1,0,0.74,False Negative,0.26
user3,50000420251110190327_000_0abc5e03-583e-4458-983b-7e0dbcb18029/clone2.wav,50000420251110190327_000_0abc5e03-583e-4458-983b-7e0dbcb18029,clone2.wav,"a-lô a-lô à, chào mừng chị lát ạ",work,1,usable,user3,2026-05-26T03:40:39.916558+00:00,1,/kaggle/working/asr_quality_classifier/data/audio/data2/50000420251110190327_000_0abc5e03-583e-4458-983b-7e0dbcb18029/clone2.wav,1,0,0.74,False Negative,0.26
user7,50014120251107101049_000_91653068-61aa-4644-8ad8-fe0e38db9475/clone2.wav,50014120251107101049_000_91653068-61aa-4644-8ad8-fe0e38db9475,clone2.wav,alô vâng em chào anh em là anh từ tổng đài chăm sóc khách hàng liên phát ờ anh chào em vâng ạ em thấy anh có tạo yêu cầu trên áp về vấn đề anh mua xe thanh toán thành công xe,work,1,usable,user7,2026-05-26T03:39:28.880329+00:00,1,/kaggle/working/asr_quality_classifier/data/audio/data2/50014120251107101049_000_91653068-61aa-4644-8ad8-fe0e38db9475/clone2.wav,1,0,0.74,False Negative,0.26
user1,50014120251107101049_000_91653068-61aa-4644-8ad8-fe0e38db9475/clone5.wav,50014120251107101049_000_91653068-61aa-4644-8ad8-fe0e38db9475,clone5.wav,alô vâng em chào anh em là anh từ tổng đài chăm sóc khách hàng liên phát ờ anh chào em vâng ạ em thấy anh có tạo yêu cầu trên áp về vấn đề anh mua xe thanh toán thành công xe,work,1,usable,user1,2026-05-26T04:30:21.489252+00:00,1,/kaggle/working/asr_quality_classifier/data/audio/data2/50014120251107101049_000_91653068-61aa-4644-8ad8-fe0e38db9475/clone5.wav,1,0,0.74,False Negative,0.26
user5,50014120251107101049_003_0c8a6d70-9759-4d9a-8033-ea18012b667c/clone5.wav,50014120251107101049_003_0c8a6d70-9759-4d9a-8033-ea18012b667c,clone5.wav,vâng em rất là xin lỗi sự phiền hà của anh ạ thì có gì anh thông cảm chờ giúp em khi có thông tin bên em sẽ bảo lại cho anh ạ,work,1,usable,user5,2026-05-25T08:49:15.958779+00:00,1,/kaggle/working/asr_quality_classifier/data/audio/data2/50014120251107101049_003_0c8a6d70-9759-4d9a-8033-ea18012b667c/clone5.wav,1,0,0.74,False Negative,0.26
user6,50000420251109123328_010_bea2a74f-1616-45d5-901a-da571ed7ff0b/clone7.wav,50000420251109123328_010_bea2a74f-1616-45d5-901a-da571ed7ff0b,clone7.wav,à ok dạ vâng vâng ạ vâng em cảm ơn nhá,work,1,usable,user6,2026-05-26T03:12:40.294101+00:00,1,/kaggle/working/asr_quality_classifier/data/audio/data2/50000420251109123328_010_bea2a74f-1616-45d5-901a-da571ed7ff0b/clone7.wav,1,0,0.74,False Negative,0.26
user6,50000420251109123328_011_66acecea-fce9-470b-a770-437f8c49dd79/clone7.wav,50000420251109123328_011_66acecea-fce9-470b-a770-437f8c49dd79,clone7.wav,dạ vâng dạ vâng vâng em chào anh ạ,work,1,usable,user6,2026-05-25T08:22:03.928670+00:00,1,/kaggle/working/asr_quality_classifier/data/audio/data2/50000420251109123328_011_66acecea-fce9-470b-a770-437f8c49dd79/clone7.wav,1,0,0.74,False Negative,0.26
user6,50000420251109141456_001_349a71f9-57b4-4e50-b112-8a56bfd218f8/clone1.wav,50000420251109141456_001_349a71f9-57b4-4e50-b112-8a56bfd218f8,clone1.wav,ý mình là trước trước khi cập nhật ấy thì nó vẫn bình thường mà cập nhật xong tự nhiên lại bị thế dạ vâng cái màn cái màn hình nó không tắt ấy nó cứ sáng liên tục ấy để cả đêm nó vẫn sáng dạ vâng ạ vậy thông tin này thì em xin phép là để kiểm tra kỹ hơn cụ thể hơn cho mình và hỗ trợ cho anh được tốt hơn ấy thì là em đặt lịch cho mình qua xưởng dịch vụ để các bạn kiểm tra lại cho anh nhá à ok dạ vâng bây giờ mình đang ở khu vực nào đấy ạ?,work,1,usable,user6,2026-05-26T04:04:02.630896+00:00,1,/kaggle/working/asr_quality_classifier/data/audio/data2/50000420251109141456_001_349a71f9-57b4-4e50-b112-8a56bfd218f8/clone1.wav,1,0,0.74,False Negative,0.26
user6,50000420251109141456_001_349a71f9-57b4-4e50-b112-8a56bfd218f8/clone6.wav,50000420251109141456_001_349a71f9-57b4-4e50-b112-8a56bfd218f8,clone6.wav,ý mình là trước trước khi cập nhật ấy thì nó vẫn bình thường mà cập nhật xong tự nhiên lại bị thế dạ vâng cái màn cái màn hình nó không tắt ấy nó cứ sáng liên tục ấy để cả đêm nó vẫn sáng dạ vâng ạ vậy thông tin này thì em xin phép là để kiểm tra kỹ hơn cụ thể hơn cho mình và hỗ trợ cho anh được tốt hơn ấy thì là em đặt lịch cho mình qua xưởng dịch vụ để các bạn kiểm tra lại cho anh nhá à ok dạ vâng bây giờ mình đang ở khu vực nào đấy ạ?,work,1,usable,user6,2026-05-26T04:04:02.631036+00:00,1,/kaggle/working/asr_quality_classifier/data/audio/data2/50000420251109141456_001_349a71f9-57b4-4e50-b112-8a56bfd218f8/clone6.wav,1,0,0.74,False Negative,0.26
user4,50000420251109143536_002_cb4ac461-9e92-4abc-ba25-dd5c70c6f149/clone8.wav,50000420251109143536_002_cb4ac461-9e92-4abc-ba25-dd5c70c6f149,clone8.wav,"mình đăng nhập đúng bằng số điện thoại này chưa anh? đúng, đăng nhập bằng đúng số điện thoại này vâng, nếu mà bằng đúng số điện thoại này bởi vì xe vinfast hai nghìn không trăm hai mươi lăm ấy ạ, nếu mà mình cần theo dõi thông tin xe ở trên áp thì là sẽ cần lắp thêm phụ tùng ét xê u cộng với cả là đăng ký esim anh ạ thì là mới theo dõi được thông tin xe cũng như là kích hoạt thông tin của xe ấy trên áp cho mình nhìn được vâng, còn nếu mà không lắp thêm phụ tùng và đăng ký esim thì áp sẽ sử dụng trong việc hỗ trợ mình sạc pin ngoài trụ sạc thôi anh ạ",work,1,usable,user4,2026-05-25T05:05:42.267632+00:00,1,/kaggle/working/asr_quality_classifier/data/audio/data2/50000420251109143536_002_cb4ac461-9e92-4abc-ba25-dd5c70c6f149/clone8.wav,1,0,0.74,False Negative,0.26
user7,50014120251104103819_007_1652eddb-2996-4fbd-861d-f72b0c8857ed/clone6.wav,50014120251104103819_007_1652eddb-2996-4fbd-861d-f72b0c8857ed,clone6.wav,còn cái mấy cái vấn đề mà phần trăm pin với cả các thứ là cũng không xem được đúng rồi ạ anh muốn xem là anh phải mua thêm ét xê u và đăng ký esim ạ ét xê u là mấy triệu nhỉ? còn giá cụ thể thì anh liên hệ đại lý các bạn ấy sẽ tư vấn cho anh vì bên em có giắc chờ để cắm đúng không?,work,1,usable,user7,2026-05-25T07:43:01.298185+00:00,1,/kaggle/working/asr_quality_classifier/data/audio/data2/50014120251104103819_007_1652eddb-2996-4fbd-861d-f72b0c8857ed/clone6.wav,1,0,0.74,False Negative,0.26
user1,50014120251104113123_000_82d66cac-1a9f-4c2f-905a-b003b9ef0de6/clone6.wav,50014120251104113123_000_82d66cac-1a9f-4c2f-905a-b003b9ef0de6,clone6.wav,"alô vâng, chào anh ạ em là anh tự xưng là chăm sóc khách hàng vinfast em thấy anh gọi nhỡ bên em không biết anh cần hỗ trợ gì không ạ?",work,1,usable,user1,2026-05-26T03:16:05.816025+00:00,1,/kaggle/working/asr_quality_classifier/data/audio/data2/50014120251104113123_000_82d66cac-1a9f-4c2f-905a-b003b9ef0de6/clone6.wav,1,0,0.74,False Negative,0.26
user1,50014120251104113123_001_ce6cfd8f-369b-40d3-82e5-886b812d8d40/clone2.wav,50014120251104113123_001_ce6cfd8f-369b-40d3-82e5-886b812d8d40,clone2.wav,"thì hôm qua anh đã có gọi bạn bên hỗ trợ bên em ấy về hóa đơn của anh ấy nó bị sai thông tin về địa chỉ ấy nó lại ghi về địa chỉ ở trường học nên là bây một giờ không đăng ký được tức là hiện tại trường hợp của anh có phải là anh hưng đúng không ạ? xe neo, anh nhận được hóa đơn rồi nhưng mà sai địa chỉ ạ vâng, thì hiện tại trường hợp của anh thì em kiểm tra bên em đang gửi bộ phận liên quan kiểm tra hỗ trợ cho anh có thông tin bên em sẽ báo lại cho anh ghi lại là cái",work,1,usable,user1,2026-05-25T09:37:40.129731+00:00,1,/kaggle/working/asr_quality_classifier/data/audio/data2/50014120251104113123_001_ce6cfd8f-369b-40d3-82e5-886b812d8d40/clone2.wav,1,0,0.74,False Negative,0.26
user4,50014120251104113123_005_85642ace-e586-4e64-b269-c0051c69b0d6/clone4.wav,50014120251104113123_005_85642ace-e586-4e64-b269-c0051c69b0d6,clone4.wav,đội một đại la xã nam từ liêm,work,1,usable,user4,2026-05-26T03:56:54.666402+00:00,1,/kaggle/working/asr_quality_classifier/data/audio/data2/50014120251104113123_005_85642ace-e586-4e64-b269-c0051c69b0d6/clone4.wav,1,0,0.74,False Negative,0.26
user3,50014120251104113123_005_85642ace-e586-4e64-b269-c0051c69b0d6/clone5.wav,50014120251104113123_005_85642ace-e586-4e64-b269-c0051c69b0d6,clone5.wav,đội một đại la xã nam từ liêm,work,1,usable,user3,2026-05-26T03:39:03.247221+00:00,1,/kaggle/working/asr_quality_classifier/data/audio/data2/50014120251104113123_005_85642ace-e586-4e64-b269-c0051c69b0d6/clone5.wav,1,0,0.74,False Negative,0.26
user2,50014120251104113123_007_1c728453-22c6-42f5-a4dc-fbb94d83ce8a/clone6.wav,50014120251104113123_007_1c728453-22c6-42f5-a4dc-fbb94d83ce8a,clone6.wav,"bên em sửa lại rồi đúng không ạ? không phải là sửa lại rồi hay không mà là bên em đã cung cấp thông tin về vấn đề phản ánh của anh cho bên bộ phận liên quan để kiểm tra rồi khi nào có thông tin bên em báo lại cho anh ạ vâng cố gắng em bảo ấy cho sớm cho anh ấy nhá tại anh là đợi nó hơi lâu dạ vâng sửa hóa đơn lâu quá anh nhá vâng, em chào anh vâng, vâng, chào anh nhá",work,1,usable,user2,2026-05-25T08:52:02.223070+00:00,1,/kaggle/working/asr_quality_classifier/data/audio/data2/50014120251104113123_007_1c728453-22c6-42f5-a4dc-fbb94d83ce8a/clone6.wav,1,0,0.74,False Negative,0.26
user5,50014120251105180554_006_8ea530d0-9ac3-4f98-aadb-86bed7c91e81/clone5.wav,50014120251105180554_006_8ea530d0-9ac3-4f98-aadb-86bed7c91e81,clone5.wav,"dạ vâng, thế thì chưa có cái gì cả vâng, thế anh đã đã thử thoát xóa tải lại rồi vẫn bị như vậy đúng không ạ? thì để em báo lại bên bộ phận kiểm tra",work,1,usable,user5,2026-05-25T07:06:42.630859+00:00,1,/kaggle/working/asr_quality_classifier/data/audio/data2/50014120251105180554_006_8ea530d0-9ac3-4f98-aadb-86bed7c91e81/clone5.wav,1,0,0.74,False Negative,0.26
user1,50014120251107101049_000_91653068-61aa-4644-8ad8-fe0e38db9475/clone1.wav,50014120251107101049_000_91653068-61aa-4644-8ad8-fe0e38db9475,clone1.wav,alô vâng em chào anh em là anh từ tổng đài chăm sóc khách hàng liên phát ờ anh chào em vâng ạ em thấy anh có tạo yêu cầu trên áp về vấn đề anh mua xe thanh toán thành công xe,work,1,usable,user1,2026-05-25T09:30:56.669718+00:00,1,/kaggle/working/asr_quality_classifier/data/audio/data2/50014120251107101049_000_91653068-61aa-4644-8ad8-fe0e38db9475/clone1.wav,1,0,0.74,False Negative,0.26
user5,50014020251110122655_002_e82dc811-7b1f-4ed4-a58b-beb7eb8a1027/clone2.wav,50014020251110122655_002_e82dc811-7b1f-4ed4-a58b-beb7eb8a1027,clone2.wav,em thấy là anh đang có một cái thông tin phản ánh về cái việc mà chưa nhận được là giấy xê o xê đăng ký xe đúng không anh? đúng rồi vâng em thấy là bộ phận xử lý khiếu nại bên em thì đang có làm việc lại với các bộ phận liên quan bên nhà phân phối chỗ miền nam cao lãnh đồng tháp rồi đó anh ạ cái này hiện tại là các bạn cũng đang kiểm tra với các bộ phận cấp cao hơn trường hợp ngay sau khi có thông tin các bạn bên bộ phận xử lý khiếu nại sẽ phản hồi lại gấp cho anh anh ạ mong anh thông cảm cho em với ạ,work,1,usable,user5,2026-05-26T04:48:49.364350+00:00,1,/kaggle/working/asr_quality_classifier/data/audio/data2/50014020251110122655_002_e82dc811-7b1f-4ed4-a58b-beb7eb8a1027/clone2.wav,1,0,0.74,False Negative,0.26
user1,50014020251110122655_002_e82dc811-7b1f-4ed4-a58b-beb7eb8a1027/clone4.wav,50014020251110122655_002_e82dc811-7b1f-4ed4-a58b-beb7eb8a1027,clone4.wav,em thấy là anh đang có một cái thông tin phản ánh về cái việc mà chưa nhận được là giấy xê o xê đăng ký xe đúng không anh? đúng rồi vâng em thấy là bộ phận xử lý khiếu nại bên em thì đang có làm việc lại với các bộ phận liên quan bên nhà phân phối chỗ miền nam cao lãnh đồng tháp rồi đó anh ạ cái này hiện tại là các bạn cũng đang kiểm tra với các bộ phận cấp cao hơn trường hợp ngay sau khi có thông tin các bạn bên bộ phận xử lý khiếu nại sẽ phản hồi lại gấp cho anh anh ạ mong anh thông cảm cho em với ạ,work,1,usable,user1,2026-05-26T03:01:00.023778+00:00,1,/kaggle/working/asr_quality_classifier/data/audio/data2/50014020251110122655_002_e82dc811-7b1f-4ed4-a58b-beb7eb8a1027/clone4.wav,1,0,0.74,False Negative,0.26
user5,50014020251110122655_003_1565fcb3-d3c3-4d76-b162-7ec606791a52/clone3.wav,50014020251110122655_003_1565fcb3-d3c3-4d76-b162-7ec606791a52,clone3.wav,ủa hôm trước mình có kêu là xử lý hết trơn trong đầu tuần giùm mình mà thấy không phản hồi gì hết trơn hết trơn à thế bây giờ,work,1,usable,user5,2026-05-25T07:41:26.054277+00:00,1,/kaggle/working/asr_quality_classifier/data/audio/data2/50014020251110122655_003_1565fcb3-d3c3-4d76-b162-7ec606791a52/clone3.wav,1,0,0.74,False Negative,0.26
user7,50014020251113005105_002_dde7f715-1184-485b-96bc-443ff64d1afd/clone1.wav,50014020251113005105_002_dde7f715-1184-485b-96bc-443ff64d1afd,clone1.wav,hôm nay vừa mới đồng bộ sạc còn mọi lần là vẫn phải nhờ anh em chạy xăng để quét mã chắc là nó có trục trặc chiều nay vừa sửa vừa anh ấy vừa báo hệ thống là sạc được rồi thì vừa em vừa cắm vào là buổi chiều thì được nhưng mà bây giờ hiện tại ấy lúc nãy ấy là không sạc được bây giờ nó lại sạc được ves mấy đấy anh? ves năm anh ạ,work,1,usable,user7,2026-05-26T03:44:34.750391+00:00,1,/kaggle/working/asr_quality_classifier/data/audio/data2/50014020251113005105_002_dde7f715-1184-485b-96bc-443ff64d1afd/clone1.wav,1,0,0.74,False Negative,0.26
user5,50014020251113005105_002_dde7f715-1184-485b-96bc-443ff64d1afd/clone4.wav,50014020251113005105_002_dde7f715-1184-485b-96bc-443ff64d1afd,clone4.wav,hôm nay vừa mới đồng bộ sạc còn mọi lần là vẫn phải nhờ anh em chạy xăng để quét mã chắc là nó có trục trặc chiều nay vừa sửa vừa anh ấy vừa báo hệ thống là sạc được rồi thì vừa em vừa cắm vào là buổi chiều thì được nhưng mà bây giờ hiện tại ấy lúc nãy ấy là không sạc được bây giờ nó lại sạc được ves mấy đấy anh? ves năm anh ạ,work,1,usable,user5,2026-05-25T07:57:13.244317+00:00,1,/kaggle/working/asr_quality_classifier/data/audio/data2/50014020251113005105_002_dde7f715-1184-485b-96bc-443ff64d1afd/clone4.wav,1,0,0.74,False Negative,0.26
user2,50014120251104095559_003_afab1624-d339-4c87-aac4-70a772b78b22/clone6.wav,50014120251104095559_003_afab1624-d339-4c87-aac4-70a772b78b22,clone6.wav,dạ a-lô ạ? a-lô vâng em bên chăm sóc khách hàng bên xóp hàng minh phát ạ em thấy anh gọi nhỡ bên em không biết anh cần hỗ trợ gì không ạ? ôi trời anh ấy được rồi cái xe anh mua cái xe rê-nô nó bật chìa khóa lên nó cứ lên cái cà lê năm mươi lên cái cà lê với cả cái số năm mươi trên bảng táp lô ấy dạ vâng ờ thế thì anh mới gọi điện để xin cái số số số số sửa chữa nhưng mà anh gọi sửa về sau xin được nhưng mà sửa chữa số dịch vụ nó cũng cũng không nghê máy,work,1,usable,user2,2026-05-25T08:54:46.117279+00:00,1,/kaggle/working/asr_quality_classifier/data/audio/data2/50014120251104095559_003_afab1624-d339-4c87-aac4-70a772b78b22/clone6.wav,1,0,0.74,False Negative,0.26
user5,50014120251104095559_006_765c7bd4-4343-4333-b6e9-f73d68b4e4aa/clone2.wav,50014120251104095559_006_765c7bd4-4343-4333-b6e9-f73d68b4e4aa,clone2.wav,rồi rồi rồi vâng chào anh,work,1,usable,user5,2026-05-25T09:39:16.951428+00:00,1,/kaggle/working/asr_quality_classifier/data/audio/data2/50014120251104095559_006_765c7bd4-4343-4333-b6e9-f73d68b4e4aa/clone2.wav,1,0,0.74,False Negative,0.26
user2,50014120251104095559_006_765c7bd4-4343-4333-b6e9-f73d68b4e4aa/clone5.wav,50014120251104095559_006_765c7bd4-4343-4333-b6e9-f73d68b4e4aa,clone5.wav,rồi rồi rồi vâng chào anh,work,1,usable,user2,2026-05-25T04:59:04.584847+00:00,1,/kaggle/working/asr_quality_classifier/data/audio/data2/50014120251104095559_006_765c7bd4-4343-4333-b6e9-f73d68b4e4aa/clone5.wav,1,0,0.74,False Negative,0.26
user6,50008620251108064904_001_36f3f73e-e88a-4bb9-a2ab-cd8209d21480/clone5.wav,50008620251108064904_001_36f3f73e-e88a-4bb9-a2ab-cd8209d21480,clone5.wav,"chìa khóa dự phòng hả chị? à hai chìa khóa luôn ấy, em để quên trong cốp luôn rồi thế thì hiện tại không có phương án nào đâu chị ạ chỉ có qua xưởng dịch vụ để các bạn xử lý thôi",work,1,usable,user6,2026-05-25T07:38:19.775956+00:00,1,/kaggle/working/asr_quality_classifier/data/audio/data2/50008620251108064904_001_36f3f73e-e88a-4bb9-a2ab-cd8209d21480/clone5.wav,1,0,0.74,False Negative,0.26
user7,50008620251108064904_001_36f3f73e-e88a-4bb9-a2ab-cd8209d21480/clone7.wav,50008620251108064904_001_36f3f73e-e88a-4bb9-a2ab-cd8209d21480,clone7.wav,"chìa khóa dự phòng hả chị? à hai chìa khóa luôn ấy, em để quên trong cốp luôn rồi thế thì hiện tại không có phương án nào đâu chị ạ chỉ có qua xưởng dịch vụ để các bạn xử lý thôi",work,1,usable,user7,2026-05-26T03:06:12.837718+00:00,1,/kaggle/working/asr_quality_classifier/data/audio/data2/50008620251108064904_001_36f3f73e-e88a-4bb9-a2ab-cd8209d21480/clone7.wav,1,0,0.74,False Negative,0.26
user1,50008620251108064904_002_38c3eb1f-626f-4b52-a564-88f5f2ab32b1/clone6.wav,50008620251108064904_002_38c3eb1f-626f-4b52-a564-88f5f2ab32b1,clone6.wav,tức là dắt ra tiệm ngoài sửa hả? qua ngoài thì nói chung là qua ngoài qua trong thì cũng thế thôi hiện tại trong trường hợp này thì chỉ có phương án là đến để bậy cốp lên rồi lấy chìa khóa nếu mà bị cái ổ khóa có vấn đề gì thì phải thay ổ khóa thôi chị ạ,work,1,usable,user1,2026-05-25T08:58:37.310837+00:00,1,/kaggle/working/asr_quality_classifier/data/audio/data2/50008620251108064904_002_38c3eb1f-626f-4b52-a564-88f5f2ab32b1/clone6.wav,1,0,0.74,False Negative,0.26
user4,50008620251108064904_003_a28ae4ea-9c41-46e0-80b8-9111e8e434bb/clone1.wav,50008620251108064904_003_a28ae4ea-9c41-46e0-80b8-9111e8e434bb,clone1.wav,ừm mình dùng chìa khóa thì mình nên có một cái khóa sơ cua thì mình cất đi chứ mình đừng cầm để cả hai chìa khóa cùng một lúc,work,1,usable,user4,2026-05-26T03:06:01.634475+00:00,1,/kaggle/working/asr_quality_classifier/data/audio/data2/50008620251108064904_003_a28ae4ea-9c41-46e0-80b8-9111e8e434bb/clone1.wav,1,0,0.74,False Negative,0.26
user5,50008620251108064904_005_acf87d8b-cadf-4204-9704-0ffc2aeb7a68/clone4.wav,50008620251108064904_005_acf87d8b-cadf-4204-9704-0ffc2aeb7a68,clone4.wav,bây giờ giờ em đi đi ra tiệm ngoài cũng được chứ anh nhỉ? qua tiệm ngoài thì các bạn cũng bậy lên thôi,work,1,usable,user5,2026-05-25T04:57:27.155159+00:00,1,/kaggle/working/asr_quality_classifier/data/audio/data2/50008620251108064904_005_acf87d8b-cadf-4204-9704-0ffc2aeb7a68/clone4.wav,1,0,0.74,False Negative,0.26
user5,50008620251108064904_005_acf87d8b-cadf-4204-9704-0ffc2aeb7a68/clone8.wav,50008620251108064904_005_acf87d8b-cadf-4204-9704-0ffc2aeb7a68,clone8.wav,bây giờ giờ em đi đi ra tiệm ngoài cũng được chứ anh nhỉ? qua tiệm ngoài thì các bạn cũng bậy lên thôi,work,1,usable,user5,2026-05-26T04:24:58.368226+00:00,1,/kaggle/working/asr_quality_classifier/data/audio/data2/50008620251108064904_005_acf87d8b-cadf-4204-9704-0ffc2aeb7a68/clone8.wav,1,0,0.74,False Negative,0.26
user4,50008620251110150620_000_4f8577e7-7d14-425a-b2e6-9c6ea671a9af/clone5.wav,50008620251110150620_000_4f8577e7-7d14-425a-b2e6-9c6ea671a9af,clone5.wav,"ô, vâng, em chào anh em tổng đài ghi phát",work,1,usable,user4,2026-05-26T02:16:55.790493+00:00,1,/kaggle/working/asr_quality_classifier/data/audio/data2/50008620251110150620_000_4f8577e7-7d14-425a-b2e6-9c6ea671a9af/clone5.wav,1,0,0.74,False Negative,0.26
user3,50008620251110150620_000_4f8577e7-7d14-425a-b2e6-9c6ea671a9af/clone7.wav,50008620251110150620_000_4f8577e7-7d14-425a-b2e6-9c6ea671a9af,clone7.wav,"ô, vâng, em chào anh em tổng đài ghi phát",work,1,usable,user3,2026-05-25T07:35:05.772054+00:00,1,/kaggle/working/asr_quality_classifier/data/audio/data2/50008620251110150620_000_4f8577e7-7d14-425a-b2e6-9c6ea671a9af/clone7.wav,1,0,0.74,False Negative,0.26
user7,50008620251107070133_002_91c5cbaf-7078-4464-9f6e-ea970a3117e8/clone7.wav,50008620251107070133_002_91c5cbaf-7078-4464-9f6e-ea970a3117e8,clone7.wav,"tức là đặt xong lên nó không có giao diện gì ấy thế nên mình gọi tổng đài hỏi xem có cái gì đặt cho chuẩn được cái lần sau mình đặt được ở tổng đài trên áp là cái trên áp là cái dễ là một cách dễ nhất anh ạ anh thế rồi mình đặt nhưng mà ý là người ta không nhận được ấy thì anh qua xưởng dịch vụ nào? anh cung cấp cho anh số điện thoại hót-lain của trực tiếp của xưởng dịch vụ à, okay, okay anh qua xưởng nào?",work,1,usable,user7,2026-05-26T02:07:04.154679+00:00,1,/kaggle/working/asr_quality_classifier/data/audio/data2/50008620251107070133_002_91c5cbaf-7078-4464-9f6e-ea970a3117e8/clone7.wav,1,0,0.74,False Negative,0.26
user6,50008620251107070133_007_53b60269-b97c-4194-8fd7-74bfed42ad75/clone7.wav,50008620251107070133_007_53b60269-b97c-4194-8fd7-74bfed42ad75,clone7.wav,"ờ, chỗ thành phố ninh bình ấy bạn, đường vành đai ninh phong ấy",work,1,usable,user6,2026-05-25T05:21:01.058237+00:00,1,/kaggle/working/asr_quality_classifier/data/audio/data2/50008620251107070133_007_53b60269-b97c-4194-8fd7-74bfed42ad75/clone7.wav,1,0,0.74,False Negative,0.26
user6,50008620251108000432_001_8bd06b4c-edde-4288-bca4-85d575b8c1a2/clone8.wav,50008620251108000432_001_8bd06b4c-edde-4288-bca4-85d575b8c1a2,clone8.wav,anh anh cho em xin tên của anh với ạ,work,1,usable,user6,2026-05-25T07:28:06.876121+00:00,1,/kaggle/working/asr_quality_classifier/data/audio/data2/50008620251108000432_001_8bd06b4c-edde-4288-bca4-85d575b8c1a2/clone8.wav,1,0,0.74,False Negative,0.26
user3,50008620251108000432_003_4aa1911a-45c7-4d64-9f65-d6fac245d43d/clone2.wav,50008620251108000432_003_4aa1911a-45c7-4d64-9f65-d6fac245d43d,clone2.wav,"dạ? anh có bị ảnh hưởng gì thân thể sức khỏe không? dạ không, người thì không bị bị làm sao hết anh ạ vâng anh không bị xe thì không đi được xe xanh hết em, anh xe cá nhân đấy ạ",work,1,usable,user3,2026-05-26T04:03:58.411667+00:00,1,/kaggle/working/asr_quality_classifier/data/audio/data2/50008620251108000432_003_4aa1911a-45c7-4d64-9f65-d6fac245d43d/clone2.wav,1,0,0.74,False Negative,0.26
user7,50008620251108000432_003_4aa1911a-45c7-4d64-9f65-d6fac245d43d/clone3.wav,50008620251108000432_003_4aa1911a-45c7-4d64-9f65-d6fac245d43d,clone3.wav,"dạ? anh có bị ảnh hưởng gì thân thể sức khỏe không? dạ không, người thì không bị bị làm sao hết anh ạ vâng anh không bị xe thì không đi được xe xanh hết em, anh xe cá nhân đấy ạ",work,1,usable,user7,2026-05-26T02:54:56.581558+00:00,1,/kaggle/working/asr_quality_classifier/data/audio/data2/50008620251108000432_003_4aa1911a-45c7-4d64-9f65-d6fac245d43d/clone3.wav,1,0,0.74,False Negative,0.26
user1,50008620251108000432_009_f25bfbca-e7e6-483b-a27d-a1e99fb4b871/clone2.wav,50008620251108000432_009_f25bfbca-e7e6-483b-a27d-a1e99fb4b871,clone2.wav,không có phương án nào khác gì ạ? vâng vâng tại vì bây giờ các xưởng dịch vụ thì đều nghỉ hết rồi,work,1,usable,user1,2026-05-26T04:24:07.127543+00:00,1,/kaggle/working/asr_quality_classifier/data/audio/data2/50008620251108000432_009_f25bfbca-e7e6-483b-a27d-a1e99fb4b871/clone2.wav,1,0,0.74,False Negative,0.26
user4,50008620251108064904_000_c697499c-5b7f-4e05-a48f-3d75b3edfd69/clone4.wav,50008620251108064904_000_c697499c-5b7f-4e05-a48f-3d75b3edfd69,clone4.wav,"alô vâng anh chào chị, em tổng đài phát em thấy mình gọi nhỡ tổng đài mình cần trợ giúp không ạ? à anh ơi em hỏi như thế này kiểu cái xe của em em để quên chìa khóa trong cốp rồi giờ làm sao mà lấy?",work,1,usable,user4,2026-05-26T02:18:26.682760+00:00,1,/kaggle/working/asr_quality_classifier/data/audio/data2/50008620251108064904_000_c697499c-5b7f-4e05-a48f-3d75b3edfd69/clone4.wav,1,0,0.74,False Negative,0.26
user1,50008620251108064904_001_36f3f73e-e88a-4bb9-a2ab-cd8209d21480/clone1.wav,50008620251108064904_001_36f3f73e-e88a-4bb9-a2ab-cd8209d21480,clone1.wav,"chìa khóa dự phòng hả chị? à hai chìa khóa luôn ấy, em để quên trong cốp luôn rồi thế thì hiện tại không có phương án nào đâu chị ạ chỉ có qua xưởng dịch vụ để các bạn xử lý thôi",work,1,usable,user1,2026-05-26T04:04:43.545581+00:00,1,/kaggle/working/asr_quality_classifier/data/audio/data2/50008620251108064904_001_36f3f73e-e88a-4bb9-a2ab-cd8209d21480/clone1.wav,1,0,0.74,False Negative,0.26
user1,50008420251110191400_002_1f9db7a8-8ed6-4bcb-9c4f-85d379f8fa62/clone2.wav,50008420251110191400_002_1f9db7a8-8ed6-4bcb-9c4f-85d379f8fa62,clone2.wav,"ờ, cái việc sang chín mươi chín phạm văn đồng nó không được đúng không? không phải là không được mà em hỏi là anh nhận xe tại đại lý nào ạ?",work,1,usable,user1,2026-05-26T03:24:16.888807+00:00,1,/kaggle/working/asr_quality_classifier/data/audio/data2/50008420251110191400_002_1f9db7a8-8ed6-4bcb-9c4f-85d379f8fa62/clone2.wav,1,0,0.74,False Negative,0.26
user1,50008420251110191400_002_1f9db7a8-8ed6-4bcb-9c4f-85d379f8fa62/clone7.wav,50008420251110191400_002_1f9db7a8-8ed6-4bcb-9c4f-85d379f8fa62,clone7.wav,"ờ, cái việc sang chín mươi chín phạm văn đồng nó không được đúng không? không phải là không được mà em hỏi là anh nhận xe tại đại lý nào ạ?",work,1,usable,user1,2026-05-26T04:27:53.584224+00:00,1,/kaggle/working/asr_quality_classifier/data/audio/data2/50008420251110191400_002_1f9db7a8-8ed6-4bcb-9c4f-85d379f8fa62/clone7.wav,1,0,0.74,False Negative,0.26
user7,50008420251110191400_003_0b6b5b7b-ac40-4a09-8159-4165b6bcaf38/clone4.wav,50008420251110191400_003_0b6b5b7b-ac40-4a09-8159-4165b6bcaf38,clone4.wav,"tức là anh cần cái trường hợp mà bên chỗ đại lý mà chín mươi chín phạm văn đồng ấy là họ không có hỗ trợ đăng sang xe cho cán bộ nhân viên cho nên anh kiểm tra lại cái đại lý mà anh cần chuyển về ấy ờ, thế thì chuyển về cho mình cái đại lý ở phạm văn đồng bốn trăm bao nhiêu phạm văn đồng? cái này anh sẽ phải kiểm tra lại với bên chỗ đại lý xác nhận là đại lý có xe và hỗ trợ bàn giao xe cho mình thì lúc đó anh mới báo lại tổng đài giúp em ạ ừ, nếu mà không có xe thì mình đợi cũng được mà đúng không? nhưng mà anh phải liên hệ với bên chỗ đại lý để xác nhận thông tin giúp em ạ",work,1,usable,user7,2026-05-26T02:03:49.553967+00:00,1,/kaggle/working/asr_quality_classifier/data/audio/data2/50008420251110191400_003_0b6b5b7b-ac40-4a09-8159-4165b6bcaf38/clone4.wav,1,0,0.74,False Negative,0.26
user4,50008420251110191400_003_0b6b5b7b-ac40-4a09-8159-4165b6bcaf38/clone7.wav,50008420251110191400_003_0b6b5b7b-ac40-4a09-8159-4165b6bcaf38,clone7.wav,"tức là anh cần cái trường hợp mà bên chỗ đại lý mà chín mươi chín phạm văn đồng ấy là họ không có hỗ trợ đăng sang xe cho cán bộ nhân viên cho nên anh kiểm tra lại cái đại lý mà anh cần chuyển về ấy ờ, thế thì chuyển về cho mình cái đại lý ở phạm văn đồng bốn trăm bao nhiêu phạm văn đồng? cái này anh sẽ phải kiểm tra lại với bên chỗ đại lý xác nhận là đại lý có xe và hỗ trợ bàn giao xe cho mình thì lúc đó anh mới báo lại tổng đài giúp em ạ ừ, nếu mà không có xe thì mình đợi cũng được mà đúng không? nhưng mà anh phải liên hệ với bên chỗ đại lý để xác nhận thông tin giúp em ạ",work,1,usable,user4,2026-05-25T08:40:27.260650+00:00,1,/kaggle/working/asr_quality_classifier/data/audio/data2/50008420251110191400_003_0b6b5b7b-ac40-4a09-8159-4165b6bcaf38/clone7.wav,1,0,0.74,False Negative,0.26
user6,50008620251104120921_003_a8c080b5-f15e-4244-9f2e-16dcb44ec979/clone4.wav,50008620251104120921_003_a8c080b5-f15e-4244-9f2e-16dcb44ec979,clone4.wav,dương quang vâng ở tỉnh thành nào đấy ạ? ở cái cái này thuộc tỉnh thái nguyên có nghĩa là mới nhá,work,1,usable,user6,2026-05-26T04:23:07.681348+00:00,1,/kaggle/working/asr_quality_classifier/data/audio/data2/50008620251104120921_003_a8c080b5-f15e-4244-9f2e-16dcb44ec979/clone4.wav,1,0,0.74,False Negative,0.26
user5,50008620251104191005_001_6a6b977a-faf6-42ee-9c42-d1c50a841e77/clone2.wav,50008620251104191005_001_6a6b977a-faf6-42ee-9c42-d1c50a841e77,clone2.wav,"a-lô, bạn à? dạ vâng, em nghê đây ạ ừ, tức là tức là mình có đặt cọc để mua xe ở bên bên vin ấy nhưng mà chờ lâu quá rồi mà bây giờ các bạn ấy cứ bảo là không biết bao giờ mới có xe, không biết bao giờ nhà máy mới trả xe thì thì bây giờ cọc thì hủy thì cũng chẳng hủy được mà xe thì cũng chẳng lấy được thì",work,1,usable,user5,2026-05-26T04:19:54.138561+00:00,1,/kaggle/working/asr_quality_classifier/data/audio/data2/50008620251104191005_001_6a6b977a-faf6-42ee-9c42-d1c50a841e77/clone2.wav,1,0,0.74,False Negative,0.26
user3,50008620251104191005_001_6a6b977a-faf6-42ee-9c42-d1c50a841e77/clone7.wav,50008620251104191005_001_6a6b977a-faf6-42ee-9c42-d1c50a841e77,clone7.wav,"a-lô, bạn à? dạ vâng, em nghê đây ạ ừ, tức là tức là mình có đặt cọc để mua xe ở bên bên vin ấy nhưng mà chờ lâu quá rồi mà bây giờ các bạn ấy cứ bảo là không biết bao giờ mới có xe, không biết bao giờ nhà máy mới trả xe thì thì bây giờ cọc thì hủy thì cũng chẳng hủy được mà xe thì cũng chẳng lấy được thì",work,1,usable,user3,2026-05-25T05:00:21.965078+00:00,1,/kaggle/working/asr_quality_classifier/data/audio/data2/50008620251104191005_001_6a6b977a-faf6-42ee-9c42-d1c50a841e77/clone7.wav,1,0,0.74,False Negative,0.26
user6,50008620251107070133_001_160df44f-9ad2-4bbc-bd6c-dde8e27b9d10/clone7.wav,50008620251107070133_001_160df44f-9ad2-4bbc-bd6c-dde8e27b9d10,clone7.wav,"à, mình ờ muốn đặt cái dịch vụ bảo dưỡng xe lần hai ấy mà ừm, anh có thể đặt ở trên áp vinfast ấy, áp quản lý xe của mình ấy mình đặt trên một lần trước lần đầu tiên mình đặt trên đấy thì nó người ta bỏ áp ấy",work,1,usable,user6,2026-05-25T05:16:54.578798+00:00,1,/kaggle/working/asr_quality_classifier/data/audio/data2/50008620251107070133_001_160df44f-9ad2-4bbc-bd6c-dde8e27b9d10/clone7.wav,1,0,0.74,False Negative,0.26
user7,50008420251110180547_000_e593d906-6a5d-451e-af9b-ef1780c99844/clone2.wav,50008420251110180547_000_e593d906-6a5d-451e-af9b-ef1780c99844,clone2.wav,alô vâng chào anh ạ em gọi cho anh từ bên chăm sóc khách hàng của vinfast dạ em có gọi lên tổng đài không biết là anh cần hỗ trợ gì vấn đề gì ạ?,work,1,usable,user7,2026-05-25T07:36:51.659947+00:00,1,/kaggle/working/asr_quality_classifier/data/audio/data2/50008420251110180547_000_e593d906-6a5d-451e-af9b-ef1780c99844/clone2.wav,1,0,0.74,False Negative,0.26
user6,50008420251110180547_000_e593d906-6a5d-451e-af9b-ef1780c99844/clone6.wav,50008420251110180547_000_e593d906-6a5d-451e-af9b-ef1780c99844,clone6.wav,alô vâng chào anh ạ em gọi cho anh từ bên chăm sóc khách hàng của vinfast dạ em có gọi lên tổng đài không biết là anh cần hỗ trợ gì vấn đề gì ạ?,work,1,usable,user6,2026-05-25T09:29:26.283424+00:00,1,/kaggle/working/asr_quality_classifier/data/audio/data2/50008420251110180547_000_e593d906-6a5d-451e-af9b-ef1780c99844/clone6.wav,1,0,0.74,False Negative,0.26
user3,50008420251110180547_000_e593d906-6a5d-451e-af9b-ef1780c99844/clone8.wav,50008420251110180547_000_e593d906-6a5d-451e-af9b-ef1780c99844,clone8.wav,alô vâng chào anh ạ em gọi cho anh từ bên chăm sóc khách hàng của vinfast dạ em có gọi lên tổng đài không biết là anh cần hỗ trợ gì vấn đề gì ạ?,work,1,usable,user3,2026-05-26T03:38:12.731260+00:00,1,/kaggle/working/asr_quality_classifier/data/audio/data2/50008420251110180547_000_e593d906-6a5d-451e-af9b-ef1780c99844/clone8.wav,1,0,0.74,False Negative,0.26
user4,50008420251110180547_002_a68e698d-4062-484a-827d-f400c17cc55f/clone3.wav,50008420251110180547_002_a68e698d-4062-484a-827d-f400c17cc55f,clone3.wav,"bê ê vê chứ bê i vê, bê i vê bê ê vê đúng rồi bê i vê, bê i vê đó là đang đi thì báo hay là như nào anh? lúc nào nó cũng báo khi khởi động, đang đi nó cũng báo mà nó khởi động lên nó cũng báo nhưng mà đang hỏi là hiện tại đây là đang đi là dừng đỗ ạ",work,1,usable,user4,2026-05-25T07:00:28.807612+00:00,1,/kaggle/working/asr_quality_classifier/data/audio/data2/50008420251110180547_002_a68e698d-4062-484a-827d-f400c17cc55f/clone3.wav,1,0,0.74,False Negative,0.26
user3,50008420251110180547_002_a68e698d-4062-484a-827d-f400c17cc55f/clone5.wav,50008420251110180547_002_a68e698d-4062-484a-827d-f400c17cc55f,clone5.wav,"bê ê vê chứ bê i vê, bê i vê bê ê vê đúng rồi bê i vê, bê i vê đó là đang đi thì báo hay là như nào anh? lúc nào nó cũng báo khi khởi động, đang đi nó cũng báo mà nó khởi động lên nó cũng báo nhưng mà đang hỏi là hiện tại đây là đang đi là dừng đỗ ạ",work,1,usable,user3,2026-05-26T04:19:06.816227+00:00,1,/kaggle/working/asr_quality_classifier/data/audio/data2/50008420251110180547_002_a68e698d-4062-484a-827d-f400c17cc55f/clone5.wav,1,0,0.74,False Negative,0.26
user2,50008420251110180547_005_f91d4f0e-60a6-4798-8ee8-cf223c2dc64d/clone3.wav,50008420251110180547_005_f91d4f0e-60a6-4798-8ee8-cf223c2dc64d,clone3.wav,"hiện tại là không vào số, không di chuyển được à anh?",work,1,usable,user2,2026-05-25T05:00:31.526480+00:00,1,/kaggle/working/asr_quality_classifier/data/audio/data2/50008420251110180547_005_f91d4f0e-60a6-4798-8ee8-cf223c2dc64d/clone3.wav,1,0,0.74,False Negative,0.26
user2,50008420251110191400_001_f2bb074c-fba7-4553-8b62-8e23f9ed0909/clone1.wav,50008420251110191400_001_f2bb074c-fba7-4553-8b62-8e23f9ed0909,clone1.wav,"ờ, tại vì là lúc nãy mình thấy buổi chiều nay ở bốn giờ bốn mươi phút à đúng bốn giờ bốn mươi phút đấy bên tổng đài gọi nhỡ tổng đài đấy ừm cái trường hợp này ờ có vẻ anh phạm đình đức đúng không anh? đúng rồi vâng anh nhận xe hay tại đại lý nào ạ? tại vì cái thông tin mà đại lý mà anh cung cấp lên ấy không phải là đại lý mà giao xe cho khách hàng ấy anh đang ở lúc mà anh nhận xe là anh nhận xe tại đại lý nào?",work,1,usable,user2,2026-05-25T08:51:34.135417+00:00,1,/kaggle/working/asr_quality_classifier/data/audio/data2/50008420251110191400_001_f2bb074c-fba7-4553-8b62-8e23f9ed0909/clone1.wav,1,0,0.74,False Negative,0.26
user6,50008420251110191400_001_f2bb074c-fba7-4553-8b62-8e23f9ed0909/clone5.wav,50008420251110191400_001_f2bb074c-fba7-4553-8b62-8e23f9ed0909,clone5.wav,"ờ, tại vì là lúc nãy mình thấy buổi chiều nay ở bốn giờ bốn mươi phút à đúng bốn giờ bốn mươi phút đấy bên tổng đài gọi nhỡ tổng đài đấy ừm cái trường hợp này ờ có vẻ anh phạm đình đức đúng không anh? đúng rồi vâng anh nhận xe hay tại đại lý nào ạ? tại vì cái thông tin mà đại lý mà anh cung cấp lên ấy không phải là đại lý mà giao xe cho khách hàng ấy anh đang ở lúc mà anh nhận xe là anh nhận xe tại đại lý nào?",work,1,usable,user6,2026-05-25T10:00:56.280176+00:00,1,/kaggle/working/asr_quality_classifier/data/audio/data2/50008420251110191400_001_f2bb074c-fba7-4553-8b62-8e23f9ed0909/clone5.wav,1,0,0.74,False Negative,0.26
user6,50007920251108150124_003_cdee74ee-6305-491e-8607-4bd740aad7a8/clone7.wav,50007920251108150124_003_cdee74ee-6305-491e-8607-4bd740aad7a8,clone7.wav,và nếu như thật sự là không làm được thì bọn em có thể báo với chị để chị chuyển sang cơ sở khác chị làm dạ vâng ạ em nhận thông tin rồi ạ bên em xin phép được làm việc với bên phía xưởng dịch vụ để kiểm tra làm rõ thông tin mà chị có phản ánh đồng thời thì yêu cầu bên phía xưởng dịch vụ hỗ trợ xử lý bộ sạc cho mình và cập nhật lại tiến độ cụ thể với chị chị ạ ừm cảm ơn em dạ vâng em cảm ơn chị ạ ừm chào em dạ em chào chị thủy,work,1,usable,user6,2026-05-25T07:26:50.591354+00:00,1,/kaggle/working/asr_quality_classifier/data/audio/data2/50007920251108150124_003_cdee74ee-6305-491e-8607-4bd740aad7a8/clone7.wav,1,0,0.74,False Negative,0.26
user7,50008120251103121656_001_7d95b934-a18e-43fc-8a3e-3c3b19b94978/clone1.wav,50008120251103121656_001_7d95b934-a18e-43fc-8a3e-3c3b19b94978,clone1.wav,ờ anh vừa gọi thì anh được phản hồi rồi anh vừa gọi lên tổng đài thì,work,1,usable,user7,2026-05-25T05:05:51.259031+00:00,1,/kaggle/working/asr_quality_classifier/data/audio/data2/50008120251103121656_001_7d95b934-a18e-43fc-8a3e-3c3b19b94978/clone1.wav,1,0,0.74,False Negative,0.26
user3,50008120251103121656_002_fc95f1cc-2f78-435e-becb-1fd645478282/clone2.wav,50008120251103121656_002_fc95f1cc-2f78-435e-becb-1fd645478282,clone2.wav,"anh gọi lên tổng đài bên em rồi ạ? ừ, sáng anh không không thấy gì hôm qua anh gửi tiền hôm qua vẫn chưa thấy phản hồi anh gọi kiểm tra rồi à vâng ạ thế thì không biết là bạn ý đang có cung cấp cho anh cái số hót-lain bên phía cơ sở đại lý để mình trao đổi với bên phía cơ sở chứ hả anh? anh anh gọi điện rồi, gọi trao đổi rồi thì họ họ bảo là có xe mới về nhưng mà chưa gọi chả biết là về từ bao giờ nhưng mà bảo là không không thấy gọi khách hàng để lấy anh mới gọi hỏi thăm xem là thế nào bạn ý bảo trả lời là bảo có xe rồi thì mai anh xuống lấy vâng vâng vâng thì cũng rất là xin lỗi anh vinh về vấn đề mà vinfast bàn giao xe chậm trễ cho mình như thế này nếu được thì ngày mai thì anh sắp xếp thời gian anh qua đại lý mình lấy xe giúp em thế sau một lần nhưng mà cần hỗ trợ thêm thì anh cứ báo lại giúp em nhé ừ rồi anh gọi theo cái số này này hả đúng không? anh gọi theo cái số điện thoại lúc đầu mà mình gọi điện lên tổng đài bên em ý ạ à à đây là số bên em gọi ra ạ ừ vâng vâng vâng thì em cảm ơn anh vinh nhé vâng cần hỗ trợ thì mình báo lại giúp em ạ ừ được rồi ok vâng vâng em cảm ơn anh ạ dạ",work,1,usable,user3,2026-05-26T03:11:03.310744+00:00,1,/kaggle/working/asr_quality_classifier/data/audio/data2/50008120251103121656_002_fc95f1cc-2f78-435e-becb-1fd645478282/clone2.wav,1,0,0.74,False Negative,0.26
user5,50008120251103121656_002_fc95f1cc-2f78-435e-becb-1fd645478282/clone7.wav,50008120251103121656_002_fc95f1cc-2f78-435e-becb-1fd645478282,clone7.wav,"anh gọi lên tổng đài bên em rồi ạ? ừ, sáng anh không không thấy gì hôm qua anh gửi tiền hôm qua vẫn chưa thấy phản hồi anh gọi kiểm tra rồi à vâng ạ thế thì không biết là bạn ý đang có cung cấp cho anh cái số hót-lain bên phía cơ sở đại lý để mình trao đổi với bên phía cơ sở chứ hả anh? anh anh gọi điện rồi, gọi trao đổi rồi thì họ họ bảo là có xe mới về nhưng mà chưa gọi chả biết là về từ bao giờ nhưng mà bảo là không không thấy gọi khách hàng để lấy anh mới gọi hỏi thăm xem là thế nào bạn ý bảo trả lời là bảo có xe rồi thì mai anh xuống lấy vâng vâng vâng thì cũng rất là xin lỗi anh vinh về vấn đề mà vinfast bàn giao xe chậm trễ cho mình như thế này nếu được thì ngày mai thì anh sắp xếp thời gian anh qua đại lý mình lấy xe giúp em thế sau một lần nhưng mà cần hỗ trợ thêm thì anh cứ báo lại giúp em nhé ừ rồi anh gọi theo cái số này này hả đúng không? anh gọi theo cái số điện thoại lúc đầu mà mình gọi điện lên tổng đài bên em ý ạ à à đây là số bên em gọi ra ạ ừ vâng vâng vâng thì em cảm ơn anh vinh nhé vâng cần hỗ trợ thì mình báo lại giúp em ạ ừ được rồi ok vâng vâng em cảm ơn anh ạ dạ",work,1,usable,user5,2026-05-26T03:09:07.053823+00:00,1,/kaggle/working/asr_quality_classifier/data/audio/data2/50008120251103121656_002_fc95f1cc-2f78-435e-becb-1fd645478282/clone7.wav,1,0,0.74,False Negative,0.26
user6,50008120251105141615_000_6b29dc84-778a-42cc-af0d-2c373d5fc332/clone3.wav,50008120251105141615_000_6b29dc84-778a-42cc-af0d-2c373d5fc332,clone3.wav,"a-lô vâng, em chào anh minh em là trang liên hệ từ phòng chăm sóc khách hàng vinfast ạ em có nhận được i-meo của anh hỏi là thủ tục qua nhận xe ấy, thì cho em hỏi bên phía đại lý các bạn liên hệ đến cho anh đã báo mình qua nhận xe chưa?",work,1,usable,user6,2026-05-25T09:10:07.742224+00:00,1,/kaggle/working/asr_quality_classifier/data/audio/data2/50008120251105141615_000_6b29dc84-778a-42cc-af0d-2c373d5fc332/clone3.wav,1,0,0.74,False Negative,0.26
user7,50008120251105141615_000_6b29dc84-778a-42cc-af0d-2c373d5fc332/clone8.wav,50008120251105141615_000_6b29dc84-778a-42cc-af0d-2c373d5fc332,clone8.wav,"a-lô vâng, em chào anh minh em là trang liên hệ từ phòng chăm sóc khách hàng vinfast ạ em có nhận được i-meo của anh hỏi là thủ tục qua nhận xe ấy, thì cho em hỏi bên phía đại lý các bạn liên hệ đến cho anh đã báo mình qua nhận xe chưa?",work,1,usable,user7,2026-05-25T07:56:01.522429+00:00,1,/kaggle/working/asr_quality_classifier/data/audio/data2/50008120251105141615_000_6b29dc84-778a-42cc-af0d-2c373d5fc332/clone8.wav,1,0,0.74,False Negative,0.26
user5,50008120251105141615_001_8c863b74-70e5-4272-92a7-b9203a759158/clone2.wav,50008120251105141615_001_8c863b74-70e5-4272-92a7-b9203a759158,clone2.wav,"a-lô ạ a-lô ạ anh cho em hỏi là bên phía cơ sở đại lý các bạn đã có liên hệ và báo mình qua nhận xe chưa ạ? dạ chưa em ơi chưa đúng không ạ? ừm vâng, thế mình đã có liên hệ được bên phía cơ sở chưa anh nhỉ?",work,1,usable,user5,2026-05-26T03:37:21.641456+00:00,1,/kaggle/working/asr_quality_classifier/data/audio/data2/50008120251105141615_001_8c863b74-70e5-4272-92a7-b9203a759158/clone2.wav,1,0,0.74,False Negative,0.26
user4,50008120251105141615_002_8ca58b5d-0681-4b18-8f60-6a44f5682ff7/clone2.wav,50008120251105141615_002_8ca58b5d-0681-4b18-8f60-6a44f5682ff7,clone2.wav,chưa luôn em anh mới hỏi là chỗ bên mình là thủ tục nhận xe thế nào đó,work,1,usable,user4,2026-05-25T08:40:34.555868+00:00,1,/kaggle/working/asr_quality_classifier/data/audio/data2/50008120251105141615_002_8ca58b5d-0681-4b18-8f60-6a44f5682ff7/clone2.wav,1,0,0.74,False Negative,0.26
user7,50008820251101080318_008_f7df5355-f1b6-4279-9b1e-5542de54869f/clone5.wav,50008820251101080318_008_f7df5355-f1b6-4279-9b1e-5542de54869f,clone5.wav,"tám mươi chín à, không, ba số tám nhá chị",work,1,usable,user7,2026-05-26T03:37:43.077672+00:00,1,/kaggle/working/asr_quality_classifier/data/audio/data2/50008820251101080318_008_f7df5355-f1b6-4279-9b1e-5542de54869f/clone5.wav,1,0,0.74,False Negative,0.26
user1,50007720251104102314_001_4020a5bd-57cf-49a1-a4ad-2630d9d331b1/clone6.wav,50007720251104102314_001_4020a5bd-57cf-49a1-a4ad-2630d9d331b1,clone6.wav,"anh mua ở đại lý vinfast đồng tháp á, cao lãnh á",work,1,usable,user1,2026-05-20T09:49:20.939195+00:00,1,/kaggle/working/asr_quality_classifier/data/audio/data2/50007720251104102314_001_4020a5bd-57cf-49a1-a4ad-2630d9d331b1/clone6.wav,1,0,0.74,False Negative,0.26
user6,50007720251104102314_011_80db82b6-b8b8-47ff-b553-d620f378e22f/clone1.wav,50007720251104102314_011_80db82b6-b8b8-47ff-b553-d620f378e22f,clone1.wav,cơ sở đường ngày ba mươi tháng bốn như em có vừa trao đổi với mình thì mình có phải là đang làm việc với phía đại lý này không anh?,work,1,usable,user6,2026-05-25T07:52:47.728135+00:00,1,/kaggle/working/asr_quality_classifier/data/audio/data2/50007720251104102314_011_80db82b6-b8b8-47ff-b553-d620f378e22f/clone1.wav,1,0,0.74,False Negative,0.26
user6,50007720251104102314_011_80db82b6-b8b8-47ff-b553-d620f378e22f/clone2.wav,50007720251104102314_011_80db82b6-b8b8-47ff-b553-d620f378e22f,clone2.wav,cơ sở đường ngày ba mươi tháng bốn như em có vừa trao đổi với mình thì mình có phải là đang làm việc với phía đại lý này không anh?,work,1,usable,user6,2026-05-25T07:52:47.728288+00:00,1,/kaggle/working/asr_quality_classifier/data/audio/data2/50007720251104102314_011_80db82b6-b8b8-47ff-b553-d620f378e22f/clone2.wav,1,0,0.74,False Negative,0.26
user4,50007720251112175915_002_38049d9b-f4e7-448d-aaee-f1fcaa7c2341/clone7.wav,50007720251112175915_002_38049d9b-f4e7-448d-aaee-f1fcaa7c2341,clone7.wav,ý là các bạn ấy trao đổi với mình là chưa có thông tin gì à? là như thế nào hả anh?,work,1,usable,user4,2026-05-26T02:40:33.255611+00:00,1,/kaggle/working/asr_quality_classifier/data/audio/data2/50007720251112175915_002_38049d9b-f4e7-448d-aaee-f1fcaa7c2341/clone7.wav,1,0,0.74,False Negative,0.26
user2,50007720251114173428_000_2935f56b-6cd2-4050-aa16-0cb203af3c62/clone1.wav,50007720251114173428_000_2935f56b-6cd2-4050-aa16-0cb203af3c62,clone1.wav,"vâng, em chào anh ạ em xin phép liên hệ lại từ phía tổng đài vinfast tên là phong ạ",work,1,usable,user2,2026-05-25T08:19:04.092943+00:00,1,/kaggle/working/asr_quality_classifier/data/audio/data2/50007720251114173428_000_2935f56b-6cd2-4050-aa16-0cb203af3c62/clone1.wav,1,0,0.74,False Negative,0.26
user7,50007920251108150124_002_1d14453f-4ee5-429e-8c54-6d9e2f50fcd2/clone2.wav,50007920251108150124_002_1d14453f-4ee5-429e-8c54-6d9e2f50fcd2,clone2.wav,à dạ vâng em nhận thông tin rồi ạ về vấn đề này thì bên em xin phép được ghi nhận thông tin mà chị thủy có phản ánh để yêu cầu bên phía xưởng dịch vụ kiểm tra làm rõ đồng thời xử lý về vấn đề bộ sạc của mình ngay khi có thông tin phản hồi thì bên em xin phép được cập nhật lại với mình chị nhá ừ nói chung là chị cần làm ăn cẩn thận chứ chị không muốn là tại vì cách đây khoảng một năm chị cũng đã phàn nàn sáu tháng trước đây chị đã phàn nàn về dịch vụ ở bên đấy rồi và bây giờ chị vẫn tiếp tục thấy dịch vụ không ổn,work,1,usable,user7,2026-05-26T02:05:35.021626+00:00,1,/kaggle/working/asr_quality_classifier/data/audio/data2/50007920251108150124_002_1d14453f-4ee5-429e-8c54-6d9e2f50fcd2/clone2.wav,1,0,0.74,False Negative,0.26
user2,50007920251108150124_002_1d14453f-4ee5-429e-8c54-6d9e2f50fcd2/clone8.wav,50007920251108150124_002_1d14453f-4ee5-429e-8c54-6d9e2f50fcd2,clone8.wav,à dạ vâng em nhận thông tin rồi ạ về vấn đề này thì bên em xin phép được ghi nhận thông tin mà chị thủy có phản ánh để yêu cầu bên phía xưởng dịch vụ kiểm tra làm rõ đồng thời xử lý về vấn đề bộ sạc của mình ngay khi có thông tin phản hồi thì bên em xin phép được cập nhật lại với mình chị nhá ừ nói chung là chị cần làm ăn cẩn thận chứ chị không muốn là tại vì cách đây khoảng một năm chị cũng đã phàn nàn sáu tháng trước đây chị đã phàn nàn về dịch vụ ở bên đấy rồi và bây giờ chị vẫn tiếp tục thấy dịch vụ không ổn,work,1,usable,user2,2026-05-25T09:01:27.425975+00:00,1,/kaggle/working/asr_quality_classifier/data/audio/data2/50007920251108150124_002_1d14453f-4ee5-429e-8c54-6d9e2f50fcd2/clone8.wav,1,0,0.74,False Negative,0.26
user2,50008620251111175651_007_cde93df8-4bf6-4a0d-a744-d4aebe8789e6/clone2.wav,50008620251111175651_007_cde93df8-4bf6-4a0d-a744-d4aebe8789e6,clone2.wav,"bên em cần phải xác nhận thông tin từ phía số điện thoại chính chủ anh anh đọc này không, mình phải gọi bằng số đấy lên cơ ạ gọi bằng số đó mới được hả? đúng rồi",work,1,usable,user2,2026-05-25T05:27:09.362965+00:00,1,/kaggle/working/asr_quality_classifier/data/audio/data2/50008620251111175651_007_cde93df8-4bf6-4a0d-a744-d4aebe8789e6/clone2.wav,1,0,0.74,False Negative,0.26
user7,50008620251114134631_002_1f6ebfff-bb05-455a-bea4-881da36fb1ba/clone2.wav,50008620251114134631_002_1f6ebfff-bb05-455a-bea4-881da36fb1ba,clone2.wav,nếu mà sạc lên được ấy thì mình sẽ phải trả cái chi phí cứu hộ thì anh bảo với đội c như thế,work,1,usable,user7,2026-05-25T07:15:00.935291+00:00,1,/kaggle/working/asr_quality_classifier/data/audio/data2/50008620251114134631_002_1f6ebfff-bb05-455a-bea4-881da36fb1ba/clone2.wav,1,0,0.74,False Negative,0.26
user5,50008620251114134631_002_1f6ebfff-bb05-455a-bea4-881da36fb1ba/clone4.wav,50008620251114134631_002_1f6ebfff-bb05-455a-bea4-881da36fb1ba,clone4.wav,nếu mà sạc lên được ấy thì mình sẽ phải trả cái chi phí cứu hộ thì anh bảo với đội c như thế,work,1,usable,user5,2026-05-25T08:55:12.116163+00:00,1,/kaggle/working/asr_quality_classifier/data/audio/data2/50008620251114134631_002_1f6ebfff-bb05-455a-bea4-881da36fb1ba/clone4.wav,1,0,0.74,False Negative,0.26
user4,50008620251114134631_004_8512fda4-7192-4b3f-b4d8-4c2d96b42d62/clone1.wav,50008620251114134631_004_8512fda4-7192-4b3f-b4d8-4c2d96b42d62,clone1.wav,để mình có thể nói với cả bên phía đội c nhá là cái xe này bên phía đội c xanh ét em để quá kiệt pin vì lưu kho lâu ấy bây giờ giao cho tài xế rồi mới thì nó đang không sạc được thì sạc nếu mà sạc ở những cái trụ công suất lớn ấy thì nó sẽ không lên ngay được mà mình phải sạc ở những cái trụ công suất nhỏ mười một kw thì nó mới lên dần thì giờ phương án là sẽ kéo cứu hộ đến cái trạm sạc công suất nhỏ mười một kw để sạc nếu mà nó lên được bình thường ấy thì nó không cần cứu hộ về xưởng và sẽ phải trả cái chi phí cứu hộ kéo về xưởng dịch vụ còn nếu như mà đưa đến trạm sạc ấy mà sạc vẫn không được thì vẫn sẽ được miễn phí cứu hộ về xưởng dịch vụ vì nó là lỗi của xe,work,1,usable,user4,2026-05-26T03:36:58.435314+00:00,1,/kaggle/working/asr_quality_classifier/data/audio/data2/50008620251114134631_004_8512fda4-7192-4b3f-b4d8-4c2d96b42d62/clone1.wav,1,0,0.74,False Negative,0.26
user3,50008720251106155143_000_ef05da8d-8d54-42ef-9e52-0c759bdbc9cc/clone2.wav,50008720251106155143_000_ef05da8d-8d54-42ef-9e52-0c759bdbc9cc,clone2.wav,alô em chào anh nam ở xưởng dịch vụ của vinfast ạ,work,1,usable,user3,2026-05-25T08:23:48.552092+00:00,1,/kaggle/working/asr_quality_classifier/data/audio/data2/50008720251106155143_000_ef05da8d-8d54-42ef-9e52-0c759bdbc9cc/clone2.wav,1,0,0.74,False Negative,0.26
user3,50008720251106155143_000_ef05da8d-8d54-42ef-9e52-0c759bdbc9cc/clone5.wav,50008720251106155143_000_ef05da8d-8d54-42ef-9e52-0c759bdbc9cc,clone5.wav,alô em chào anh nam ở xưởng dịch vụ của vinfast ạ,work,1,usable,user3,2026-05-25T08:23:54.559736+00:00,1,/kaggle/working/asr_quality_classifier/data/audio/data2/50008720251106155143_000_ef05da8d-8d54-42ef-9e52-0c759bdbc9cc/clone5.wav,1,0,0.74,False Negative,0.26
user6,50008720251106155143_005_3c9c76ab-6504-456d-8fba-3f8ed21c7387/clone3.wav,50008720251106155143_005_3c9c76ab-6504-456d-8fba-3f8ed21c7387,clone3.wav,và cái cái cái cái cái lỗi là lỗi đã gãy rồi người ta lại lấy thít nhựa thít nhựa buộc vào,work,1,usable,user6,2026-05-25T10:21:40.225212+00:00,1,/kaggle/working/asr_quality_classifier/data/audio/data2/50008720251106155143_005_3c9c76ab-6504-456d-8fba-3f8ed21c7387/clone3.wav,1,0,0.74,False Negative,0.26
user3,50008720251106155143_005_3c9c76ab-6504-456d-8fba-3f8ed21c7387/clone6.wav,50008720251106155143_005_3c9c76ab-6504-456d-8fba-3f8ed21c7387,clone6.wav,và cái cái cái cái cái lỗi là lỗi đã gãy rồi người ta lại lấy thít nhựa thít nhựa buộc vào,work,1,usable,user3,2026-05-26T03:07:35.271526+00:00,1,/kaggle/working/asr_quality_classifier/data/audio/data2/50008720251106155143_005_3c9c76ab-6504-456d-8fba-3f8ed21c7387/clone6.wav,1,0,0.74,False Negative,0.26
user7,50008620251111163949_001_88157f9e-0232-4639-ab5a-86d5d6d93828/clone5.wav,50008620251111163949_001_88157f9e-0232-4639-ab5a-86d5d6d93828,clone5.wav,"dạ tại hồi bữa cũng hơi mệt thế là nằm chợp mắt ngủ dậy cái nó sạc quá hai phút á, tức là mười phút quá hai phút thì sạc hai nghìn mà trong hai nghìn thì thanh toán không có thanh toán được anh mà cái mười nghìn trở lên nó mới thanh toán được á thì không biết có vi phạm gì nữa không anh phí phạt phí phạt ừm nếu mà hóa đơn dưới mười nghìn thì anh chưa cần phải thanh toán nhá đây là trường hợp đặc biệt cho nên vinfast cũng sẽ không có phạt hay là chặn xe, chặn sạc của mình đâu ạ ok, dạ dạ chứ trả trả lại có hai nghìn mà mới có khóa xe mà không có chạy được cái mệt luôn á vâng không chặn đâu anh nhá, vinfast sẽ không chặn đâu dạ dạ dạ dạ dạ vâng, anh cho em xin dạ dạ dạ dạ dạ dạ làm sao thanh toán hai nghìn có nó kèm nó theo cái phí pin tháng sau không hay là là phải phải chờ gộp vi phạm thêm tám nghìn cho đủ mười nghìn rồi mới thanh toán luôn hả? khi nào mà chẳng may mình bị sạc quá giờ mà từ mười nghìn trở lên thì anh thanh toán sau còn không thì anh cứ để đó không ảnh hưởng gì đâu ạ còn cái hóa đơn thuê pin thì chỉ thanh toán riêng ra thôi, còn các thanh các hóa đơn sạc thì mới được gộp chung với nhau được",work,1,usable,user7,2026-05-25T05:14:21.724465+00:00,1,/kaggle/working/asr_quality_classifier/data/audio/data2/50008620251111163949_001_88157f9e-0232-4639-ab5a-86d5d6d93828/clone5.wav,1,0,0.74,False Negative,0.26
user5,50008620251111163949_001_88157f9e-0232-4639-ab5a-86d5d6d93828/clone7.wav,50008620251111163949_001_88157f9e-0232-4639-ab5a-86d5d6d93828,clone7.wav,"dạ tại hồi bữa cũng hơi mệt thế là nằm chợp mắt ngủ dậy cái nó sạc quá hai phút á, tức là mười phút quá hai phút thì sạc hai nghìn mà trong hai nghìn thì thanh toán không có thanh toán được anh mà cái mười nghìn trở lên nó mới thanh toán được á thì không biết có vi phạm gì nữa không anh phí phạt phí phạt ừm nếu mà hóa đơn dưới mười nghìn thì anh chưa cần phải thanh toán nhá đây là trường hợp đặc biệt cho nên vinfast cũng sẽ không có phạt hay là chặn xe, chặn sạc của mình đâu ạ ok, dạ dạ chứ trả trả lại có hai nghìn mà mới có khóa xe mà không có chạy được cái mệt luôn á vâng không chặn đâu anh nhá, vinfast sẽ không chặn đâu dạ dạ dạ dạ dạ vâng, anh cho em xin dạ dạ dạ dạ dạ dạ làm sao thanh toán hai nghìn có nó kèm nó theo cái phí pin tháng sau không hay là là phải phải chờ gộp vi phạm thêm tám nghìn cho đủ mười nghìn rồi mới thanh toán luôn hả? khi nào mà chẳng may mình bị sạc quá giờ mà từ mười nghìn trở lên thì anh thanh toán sau còn không thì anh cứ để đó không ảnh hưởng gì đâu ạ còn cái hóa đơn thuê pin thì chỉ thanh toán riêng ra thôi, còn các thanh các hóa đơn sạc thì mới được gộp chung với nhau được",work,1,usable,user5,2026-05-26T05:02:36.493430+00:00,1,/kaggle/working/asr_quality_classifier/data/audio/data2/50008620251111163949_001_88157f9e-0232-4639-ab5a-86d5d6d93828/clone7.wav,1,0,0.74,False Negative,0.26
user7,50008620251111164310_008_48670d2d-7bc4-4b91-bf55-6d3731a0af80/clone2.wav,50008620251111164310_008_48670d2d-7bc4-4b91-bf55-6d3731a0af80,clone2.wav,bảo hành bảo dưỡng gì ạ?,work,1,usable,user7,2026-05-25T08:35:29.669693+00:00,1,/kaggle/working/asr_quality_classifier/data/audio/data2/50008620251111164310_008_48670d2d-7bc4-4b91-bf55-6d3731a0af80/clone2.wav,1,0,0.74,False Negative,0.26
user1,50008620251111164310_012_b568d9d5-b045-49e1-a84e-2363e2f2897e/clone2.wav,50008620251111164310_012_b568d9d5-b045-49e1-a84e-2363e2f2897e,clone2.wav,"cái đấy thì em không rõ còn hiện tại quản lý xe trực tiếp thì anh phải có cái ứng dụng vinfast escooter ấy ừ, tức là phải mua esim thì mới thấy có thông tin ở trên đấy đúng không? nâng cấp cái màn hình ét xê u lên sau đó thì đăng ký thêm gói esim ồ rồi à, okay okay",work,1,usable,user1,2026-05-25T09:30:34.653516+00:00,1,/kaggle/working/asr_quality_classifier/data/audio/data2/50008620251111164310_012_b568d9d5-b045-49e1-a84e-2363e2f2897e/clone2.wav,1,0,0.74,False Negative,0.26
user4,50008620251111164310_012_b568d9d5-b045-49e1-a84e-2363e2f2897e/clone6.wav,50008620251111164310_012_b568d9d5-b045-49e1-a84e-2363e2f2897e,clone6.wav,"cái đấy thì em không rõ còn hiện tại quản lý xe trực tiếp thì anh phải có cái ứng dụng vinfast escooter ấy ừ, tức là phải mua esim thì mới thấy có thông tin ở trên đấy đúng không? nâng cấp cái màn hình ét xê u lên sau đó thì đăng ký thêm gói esim ồ rồi à, okay okay",work,1,usable,user4,2026-05-26T03:28:10.736866+00:00,1,/kaggle/working/asr_quality_classifier/data/audio/data2/50008620251111164310_012_b568d9d5-b045-49e1-a84e-2363e2f2897e/clone6.wav,1,0,0.74,False Negative,0.26
user5,50008620251111164310_012_b568d9d5-b045-49e1-a84e-2363e2f2897e/clone7.wav,50008620251111164310_012_b568d9d5-b045-49e1-a84e-2363e2f2897e,clone7.wav,"cái đấy thì em không rõ còn hiện tại quản lý xe trực tiếp thì anh phải có cái ứng dụng vinfast escooter ấy ừ, tức là phải mua esim thì mới thấy có thông tin ở trên đấy đúng không? nâng cấp cái màn hình ét xê u lên sau đó thì đăng ký thêm gói esim ồ rồi à, okay okay",work,1,usable,user5,2026-05-25T09:53:13.749829+00:00,1,/kaggle/working/asr_quality_classifier/data/audio/data2/50008620251111164310_012_b568d9d5-b045-49e1-a84e-2363e2f2897e/clone7.wav,1,0,0.74,False Negative,0.26
user2,50008620251111175651_001_abdacc20-744a-4d08-bca4-6be9656571bf/clone6.wav,50008620251111175651_001_abdacc20-744a-4d08-bca4-6be9656571bf,clone6.wav,à cho cho mình hỏi cái tổng đài mình là là giải quyết cái vấn đề gì ta? giải quyết được vấn đề gì ta? anh đang gặp vấn đề gì ạ?,work,1,usable,user2,2026-05-26T03:09:15.185586+00:00,1,/kaggle/working/asr_quality_classifier/data/audio/data2/50008620251111175651_001_abdacc20-744a-4d08-bca4-6be9656571bf/clone6.wav,1,0,0.74,False Negative,0.26
user5,50008620251111175651_003_96b2c059-24d8-41a4-9c0a-35e977bcb8b1/clone6.wav,50008620251111175651_003_96b2c059-24d8-41a4-9c0a-35e977bcb8b1,clone6.wav,công ty cổ phần đầu tư hát bê hát bê xê chứ bình minh,work,1,usable,user5,2026-05-26T03:25:18.800774+00:00,1,/kaggle/working/asr_quality_classifier/data/audio/data2/50008620251111175651_003_96b2c059-24d8-41a4-9c0a-35e977bcb8b1/clone6.wav,1,0,0.74,False Negative,0.26
user1,50009020251102121144_007_14e6dc51-7cbc-4c96-8ed7-1a5a3eb096bc/clone3.wav,50009020251102121144_007_14e6dc51-7cbc-4c96-8ed7-1a5a3eb096bc,clone3.wav,không đi đến thì anh sạc thì là cái cục sạc ấy nó cứ nhấp nháy đỏ,work,1,usable,user1,2026-05-26T02:12:22.806749+00:00,1,/kaggle/working/asr_quality_classifier/data/audio/data2/50009020251102121144_007_14e6dc51-7cbc-4c96-8ed7-1a5a3eb096bc/clone3.wav,1,0,0.74,False Negative,0.26
user7,50007420251112155836_002_0785b695-74cc-46d5-a31c-b1c261187484/clone3.wav,50007420251112155836_002_0785b695-74cc-46d5-a31c-b1c261187484,clone3.wav,em lại không biết gửi chị ạ,work,1,usable,user7,2026-05-26T03:44:44.906995+00:00,1,/kaggle/working/asr_quality_classifier/data/audio/data2/50007420251112155836_002_0785b695-74cc-46d5-a31c-b1c261187484/clone3.wav,1,0,0.74,False Negative,0.26
user2,50007420251112175610_000_0d8809f3-b719-4c39-a055-ed46afed3b38/clone8.wav,50007420251112175610_000_0d8809f3-b719-4c39-a055-ed46afed3b38,clone8.wav,em chào anh chị em gọi bên tổng đài chăm sóc khách hàng vinfast ạ bên em mình có gọi gọi nhỡ lên tổng đài anh ạ em có thể giúp gì được cho anh?,work,1,usable,user2,2026-05-25T05:07:59.827664+00:00,1,/kaggle/working/asr_quality_classifier/data/audio/data2/50007420251112175610_000_0d8809f3-b719-4c39-a055-ed46afed3b38/clone8.wav,1,0,0.74,False Negative,0.26
user6,50007420251112175610_004_80daa37e-ce22-4416-ac3b-7c9ca712fe20/clone1.wav,50007420251112175610_004_80daa37e-ce22-4416-ac3b-7c9ca712fe20,clone1.wav,không vui là như nào? mình đã đem qua chưa? các bạn có thái độ với anh ạ hay như nào? tất cả các đại lý các bạn ấy đều có trách nhiệm mà hỗ trợ xe hỗ trợ kiểm tra xe và xử lý xe cho khách hàng anh ạ dù khách hàng không ở ở đại lý đấy cái đấy là quy định chung rồi đó là đó là quy định chung đó là quy định chung nhưng thực tế nó không phải vậy nha dạ em xin ghi nhận phản ánh đi ạ thôi tôi không phản ánh cụ thể được tại vì nó cũng ảnh hưởng tới cái cuộc sống của cái đại lý của người ta nhưng mà thực tế nó không phải như vậy anh tùng nói là mua ở đâu thì đến sửa đó thì thôi nhận xe đâu sửa xe đó mình nhận xe mình nhận xe tôi nhận xe ở quận chín luôn tôi hỏi cái anh mà bán xe kính luôn anh không có sửa,work,1,usable,user6,2026-05-25T08:04:58.221659+00:00,1,/kaggle/working/asr_quality_classifier/data/audio/data2/50007420251112175610_004_80daa37e-ce22-4416-ac3b-7c9ca712fe20/clone1.wav,1,0,0.74,False Negative,0.26
user3,50007420251112175610_004_80daa37e-ce22-4416-ac3b-7c9ca712fe20/clone6.wav,50007420251112175610_004_80daa37e-ce22-4416-ac3b-7c9ca712fe20,clone6.wav,không vui là như nào? mình đã đem qua chưa? các bạn có thái độ với anh ạ hay như nào? tất cả các đại lý các bạn ấy đều có trách nhiệm mà hỗ trợ xe hỗ trợ kiểm tra xe và xử lý xe cho khách hàng anh ạ dù khách hàng không ở ở đại lý đấy cái đấy là quy định chung rồi đó là đó là quy định chung đó là quy định chung nhưng thực tế nó không phải vậy nha dạ em xin ghi nhận phản ánh đi ạ thôi tôi không phản ánh cụ thể được tại vì nó cũng ảnh hưởng tới cái cuộc sống của cái đại lý của người ta nhưng mà thực tế nó không phải như vậy anh tùng nói là mua ở đâu thì đến sửa đó thì thôi nhận xe đâu sửa xe đó mình nhận xe mình nhận xe tôi nhận xe ở quận chín luôn tôi hỏi cái anh mà bán xe kính luôn anh không có sửa,work,1,usable,user3,2026-05-26T03:14:27.330079+00:00,1,/kaggle/working/asr_quality_classifier/data/audio/data2/50007420251112175610_004_80daa37e-ce22-4416-ac3b-7c9ca712fe20/clone6.wav,1,0,0.74,False Negative,0.26
user7,50007420251113174501_000_a818941f-96af-41db-94f3-72bbf694b2b1/clone6.wav,50007420251113174501_000_a818941f-96af-41db-94f3-72bbf694b2b1,clone6.wav,em chào chị em chào anh em chào chị em có biết cô này chăm sóc khách hàng vinfast chị ạ chị ơi em thấy mình có cuộc gọi nhỡ chị em có chuyện gì được cho chị? ừ xe của chị đang bị đang đi giữa đường thì nó lại bị bị lỗi động cơ chị đang gọi thì phải kéo xe ơ chị đã gọi tổng đài chưa hay em là người đầu tiên tiếp nhận ạ? để em tiếp nhận em là người đầu tiên vì chị chưa gọi được tổng đài đâu dạ vâng ạ thế thì để em bảo phía bên bộ phận các bạn hỗ trợ nhé,work,1,usable,user7,2026-05-25T07:12:24.033722+00:00,1,/kaggle/working/asr_quality_classifier/data/audio/data2/50007420251113174501_000_a818941f-96af-41db-94f3-72bbf694b2b1/clone6.wav,1,0,0.74,False Negative,0.26
user1,50007420251113174501_000_a818941f-96af-41db-94f3-72bbf694b2b1/clone8.wav,50007420251113174501_000_a818941f-96af-41db-94f3-72bbf694b2b1,clone8.wav,em chào chị em chào anh em chào chị em có biết cô này chăm sóc khách hàng vinfast chị ạ chị ơi em thấy mình có cuộc gọi nhỡ chị em có chuyện gì được cho chị? ừ xe của chị đang bị đang đi giữa đường thì nó lại bị bị lỗi động cơ chị đang gọi thì phải kéo xe ơ chị đã gọi tổng đài chưa hay em là người đầu tiên tiếp nhận ạ? để em tiếp nhận em là người đầu tiên vì chị chưa gọi được tổng đài đâu dạ vâng ạ thế thì để em bảo phía bên bộ phận các bạn hỗ trợ nhé,work,1,usable,user1,2026-05-26T01:53:53.726727+00:00,1,/kaggle/working/asr_quality_classifier/data/audio/data2/50007420251113174501_000_a818941f-96af-41db-94f3-72bbf694b2b1/clone8.wav,1,0,0.74,False Negative,0.26
user1,50007420251113174501_006_ea738311-275c-4f6d-96ac-6eebd53061b6/clone6.wav,50007420251113174501_006_ea738311-275c-4f6d-96ac-6eebd53061b6,clone6.wav,ừ em ơi chờ chị chút nhá để chị chị chị kiểm tra đã xong rồi chị chị gọi lại nhá vâng thế nếu có gì cô gọi lại bên em với nhá vâng vâng vâng dạ em cảm ơn chị em chào chị ạ vâng vâng dạ,work,1,usable,user1,2026-05-26T04:35:15.359671+00:00,1,/kaggle/working/asr_quality_classifier/data/audio/data2/50007420251113174501_006_ea738311-275c-4f6d-96ac-6eebd53061b6/clone6.wav,1,0,0.74,False Negative,0.26
user5,50008820251114094218_000_15d8e2ca-50ea-4cbb-9a1f-336bbab8b7fa/clone2.wav,50008820251114094218_000_15d8e2ca-50ea-4cbb-9a1f-336bbab8b7fa,clone2.wav,"a-lô vâng, em chào anh em là hoa liên hệ bên từ vinfast em có thấy mình có liên hệ nhỡ qua phía tổng đài em liên lại á",work,1,usable,user5,2026-05-26T04:45:03.018022+00:00,1,/kaggle/working/asr_quality_classifier/data/audio/data2/50008820251114094218_000_15d8e2ca-50ea-4cbb-9a1f-336bbab8b7fa/clone2.wav,1,0,0.74,False Negative,0.26
user2,50008820251114094218_000_15d8e2ca-50ea-4cbb-9a1f-336bbab8b7fa/clone6.wav,50008820251114094218_000_15d8e2ca-50ea-4cbb-9a1f-336bbab8b7fa,clone6.wav,"a-lô vâng, em chào anh em là hoa liên hệ bên từ vinfast em có thấy mình có liên hệ nhỡ qua phía tổng đài em liên lại á",work,1,usable,user2,2026-05-25T08:56:10.786348+00:00,1,/kaggle/working/asr_quality_classifier/data/audio/data2/50008820251114094218_000_15d8e2ca-50ea-4cbb-9a1f-336bbab8b7fa/clone6.wav,1,0,0.74,False Negative,0.26
user4,50008820251114094218_002_2c0344c5-06be-47ce-9c00-cb734e77b3d1/clone1.wav,50008820251114094218_002_2c0344c5-06be-47ce-9c00-cb734e77b3d1,clone1.wav,anh liên hệ lại bởi vì anh,work,1,usable,user4,2026-05-25T08:18:56.062705+00:00,1,/kaggle/working/asr_quality_classifier/data/audio/data2/50008820251114094218_002_2c0344c5-06be-47ce-9c00-cb734e77b3d1/clone1.wav,1,0,0.74,False Negative,0.26
user2,50008920251101232629_003_36c7ba2b-64ff-423f-9a82-749c486f3010/clone8.wav,50008920251101232629_003_36c7ba2b-64ff-423f-9a82-749c486f3010,clone8.wav,bên chỗ quận bảy thì bên sẽ có xưởng bên chỗ khu chế xuất tân thuận hoặc là bên chỗ a vinfast grin uây quận bảy là xưởng xanh ở bên chỗ đường lê văn lương phường tân phong,work,1,usable,user2,2026-05-25T04:35:13.327898+00:00,1,/kaggle/working/asr_quality_classifier/data/audio/data2/50008920251101232629_003_36c7ba2b-64ff-423f-9a82-749c486f3010/clone8.wav,1,0,0.74,False Negative,0.26
user1,50008920251101232629_004_48a9ca40-9a93-4170-a589-6bc28f569be7/clone8.wav,50008920251101232629_004_48a9ca40-9a93-4170-a589-6bc28f569be7,clone8.wav,thì bây giờ thì mình sẽ kéo qua xưởng nào ạ? và bảo hiểm người ta có đồng ý cho mình quan trọng nhất là bảo hiểm người ta có đồng ý cho mình về đấy không ấy ạ,work,1,usable,user1,2026-05-25T09:13:12.281641+00:00,1,/kaggle/working/asr_quality_classifier/data/audio/data2/50008920251101232629_004_48a9ca40-9a93-4170-a589-6bc28f569be7/clone8.wav,1,0,0.74,False Negative,0.26
user7,50009020251102121144_005_0b44eb1a-a522-4faf-8299-0be39c8def24/clone8.wav,50009020251102121144_005_0b44eb1a-a522-4faf-8299-0be39c8def24,clone8.wav,"còn tùy thuộc vào tình trạng lỗi đúng không? cái này các bạn ấy sẽ làm việc với phía nhà máy, sau đó thì thông tin sửa chữa hay chi phí nhà các bạn sẽ phản hồi với mình sau đấy anh ạ không, bởi vì là xe này của anh là",work,1,usable,user7,2026-05-25T05:24:18.725628+00:00,1,/kaggle/working/asr_quality_classifier/data/audio/data2/50009020251102121144_005_0b44eb1a-a522-4faf-8299-0be39c8def24/clone8.wav,1,0,0.74,False Negative,0.26
user5,50009020251102121144_007_14e6dc51-7cbc-4c96-8ed7-1a5a3eb096bc/clone1.wav,50009020251102121144_007_14e6dc51-7cbc-4c96-8ed7-1a5a3eb096bc,clone1.wav,không đi đến thì anh sạc thì là cái cục sạc ấy nó cứ nhấp nháy đỏ,work,1,usable,user5,2026-05-26T04:26:34.322228+00:00,1,/kaggle/working/asr_quality_classifier/data/audio/data2/50009020251102121144_007_14e6dc51-7cbc-4c96-8ed7-1a5a3eb096bc/clone1.wav,1,0,0.74,False Negative,0.26
user5,50009020251102121144_007_14e6dc51-7cbc-4c96-8ed7-1a5a3eb096bc/clone2.wav,50009020251102121144_007_14e6dc51-7cbc-4c96-8ed7-1a5a3eb096bc,clone2.wav,không đi đến thì anh sạc thì là cái cục sạc ấy nó cứ nhấp nháy đỏ,work,1,usable,user5,2026-05-25T09:35:55.299518+00:00,1,/kaggle/working/asr_quality_classifier/data/audio/data2/50009020251102121144_007_14e6dc51-7cbc-4c96-8ed7-1a5a3eb096bc/clone2.wav,1,0,0.74,False Negative,0.26
user2,50008820251106175727_006_e7d71b2b-6dde-41e4-ad3b-497dd3d98991/clone8.wav,50008820251106175727_006_e7d71b2b-6dde-41e4-ad3b-497dd3d98991,clone8.wav,ừm đơn cọc này thì em thấy là đang đặt cọc là ở bên b mười hai mà anh ô-sần pác đúng không?,work,1,usable,user2,2026-05-25T05:06:40.543740+00:00,1,/kaggle/working/asr_quality_classifier/data/audio/data2/50008820251106175727_006_e7d71b2b-6dde-41e4-ad3b-497dd3d98991/clone8.wav,1,0,0.74,False Negative,0.26
user1,50008820251113180951_002_dc58806a-f738-4929-98c1-48fdd723e444/clone7.wav,50008820251113180951_002_dc58806a-f738-4929-98c1-48fdd723e444,clone7.wav,"ờ, vâng, được ạ ờ, cho em xin lại tên với cả thông tin xe anh a hiếu",work,1,usable,user1,2026-05-26T04:25:11.856190+00:00,1,/kaggle/working/asr_quality_classifier/data/audio/data2/50008820251113180951_002_dc58806a-f738-4929-98c1-48fdd723e444/clone7.wav,1,0,0.74,False Negative,0.26
user4,50008820251113180951_005_4a94b381-025d-4068-84dd-a49b5a29c398/clone8.wav,50008820251113180951_005_4a94b381-025d-4068-84dd-a49b5a29c398,clone8.wav,"ờ, vê ép sáu plớt",work,1,usable,user4,2026-05-26T03:14:38.658267+00:00,1,/kaggle/working/asr_quality_classifier/data/audio/data2/50008820251113180951_005_4a94b381-025d-4068-84dd-a49b5a29c398/clone8.wav,1,0,0.74,False Negative,0.26
user7,50008820251113180951_006_beb1a69b-a2cc-4730-982a-b62187a29c33/clone4.wav,50008820251113180951_006_beb1a69b-a2cc-4730-982a-b62187a29c33,clone4.wav,tám mươi tám b bao nhiêu ạ?,work,1,usable,user7,2026-05-25T08:25:43.895085+00:00,1,/kaggle/working/asr_quality_classifier/data/audio/data2/50008820251113180951_006_beb1a69b-a2cc-4730-982a-b62187a29c33/clone4.wav,1,0,0.74,False Negative,0.26
user6,50008820251113180951_008_6dc63936-a644-4884-9adc-6f187be6600a/clone2.wav,50008820251113180951_008_6dc63936-a644-4884-9adc-6f187be6600a,clone2.wav,anh muốn qua xưởng dịch vụ nào ạ?,work,1,usable,user6,2026-05-26T03:28:31.237923+00:00,1,/kaggle/working/asr_quality_classifier/data/audio/data2/50008820251113180951_008_6dc63936-a644-4884-9adc-6f187be6600a/clone2.wav,1,0,0.74,False Negative,0.26
user7,50008820251113180951_008_6dc63936-a644-4884-9adc-6f187be6600a/clone4.wav,50008820251113180951_008_6dc63936-a644-4884-9adc-6f187be6600a,clone4.wav,anh muốn qua xưởng dịch vụ nào ạ?,work,1,usable,user7,2026-05-25T08:30:03.220748+00:00,1,/kaggle/working/asr_quality_classifier/data/audio/data2/50008820251113180951_008_6dc63936-a644-4884-9adc-6f187be6600a/clone4.wav,1,0,0.74,False Negative,0.26
user2,50008820251113180951_011_787d8af6-db3f-4369-b4e7-bab37fcd3c23/clone1.wav,50008820251113180951_011_787d8af6-db3f-4369-b4e7-bab37fcd3c23,clone1.wav,em ghi nhận là đặt lịch bảo dưỡng với cả cập nhật phần mềm ạ,work,1,usable,user2,2026-05-25T04:44:02.643184+00:00,1,/kaggle/working/asr_quality_classifier/data/audio/data2/50008820251113180951_011_787d8af6-db3f-4369-b4e7-bab37fcd3c23/clone1.wav,1,0,0.74,False Negative,0.26
user6,50008820251113180951_011_787d8af6-db3f-4369-b4e7-bab37fcd3c23/clone4.wav,50008820251113180951_011_787d8af6-db3f-4369-b4e7-bab37fcd3c23,clone4.wav,em ghi nhận là đặt lịch bảo dưỡng với cả cập nhật phần mềm ạ,work,1,usable,user6,2026-05-26T04:25:55.617789+00:00,1,/kaggle/working/asr_quality_classifier/data/audio/data2/50008820251113180951_011_787d8af6-db3f-4369-b4e7-bab37fcd3c23/clone4.wav,1,0,0.74,False Negative,0.26
user4,50008120251105212242_000_4f88372d-6553-4b53-a6a3-0c2a64a37034/clone1.wav,50008120251105212242_000_4f88372d-6553-4b53-a6a3-0c2a64a37034,clone1.wav,a-lô ạ a-lô dạ em xin check qua cái đơn hàng bên này thì không biết sao các bạn ấy đang viết tắt ạ ờ em mới nhận được yêu cầu hỗ trợ ở trên oét của chị loan về cái việc là mình đang thắc mắc về thời gian bàn giao xe vê ép năm đúng không ạ chị? à đúng rồi đúng rồi em check xem tình trạng của em xe thế nào rồi ạ? à dạ vâng thì cũng rất là xin lỗi chị loan vì bây giờ em liên hệ với chị nó cũng đang hơi muộn một chút ấy ờ chị có một chút là từ lúc mà chị đặt cọc đến giờ thì có bạn nào tư vấn bán hàng nào bên phía ô-hai-ô các bạn ấy liên hệ cho mình chưa hả chị? à có rồi chị ạ cứ ừ em cọc xong em thanh toán xong xuôi rồi à có nghĩa là mình thanh toán hết tất cả cái tiền xe rồi đúng không bạn nhưng mà đúng rồi đúng rồi nhưng mà các bạn ấy,work,1,usable,user4,2026-05-25T04:56:53.563009+00:00,1,/kaggle/working/asr_quality_classifier/data/audio/data2/50008120251105212242_000_4f88372d-6553-4b53-a6a3-0c2a64a37034/clone1.wav,1,0,0.74,False Negative,0.26
user1,50008120251105212242_001_944e238a-07ac-4f1d-a2fb-690d8e2c0f12/clone8.wav,50008120251105212242_001_944e238a-07ac-4f1d-a2fb-690d8e2c0f12,clone8.wav,chưa có báo cho mình cái thời gian dự kiến bao giờ bán giao xe hả chị?,work,1,usable,user1,2026-05-26T03:04:31.017487+00:00,1,/kaggle/working/asr_quality_classifier/data/audio/data2/50008120251105212242_001_944e238a-07ac-4f1d-a2fb-690d8e2c0f12/clone8.wav,1,0,0.74,False Negative,0.26
user7,50008420251103132720_003_86e8e526-309b-4ea0-ad44-76d278a04c7c/clone7.wav,50008420251103132720_003_86e8e526-309b-4ea0-ad44-76d278a04c7c,clone7.wav,không anh đang đang chạy xe xanh s ban bay mà đâu có cấp bậc t mấy là sao anh không hiểu thì anh bảo là ở anh cần cái thông tin xác nhận cán bộ nhân viên xuống để bàn giao xe nếu mà như thế thì anh sẽ phải có cái thông tin là pê en e-lờ và cấp bậc là mình đang làm ở cấp bậc t mấy,work,1,usable,user7,2026-05-26T04:17:41.421346+00:00,1,/kaggle/working/asr_quality_classifier/data/audio/data2/50008420251103132720_003_86e8e526-309b-4ea0-ad44-76d278a04c7c/clone7.wav,1,0,0.74,False Negative,0.26
user4,50008420251103132720_006_090f30c0-b06e-40bf-8fc6-bab35c83c346/clone3.wav,50008420251103132720_006_090f30c0-b06e-40bf-8fc6-bab35c83c346,clone3.wav,anh không hiểu bên cửa hàng nhắn gì đó cái này nếu mà như thế thì bên em sẽ kiểm tra lại về thông tin gửi bên chỗ đại lý cho anh đúng rồi hồi hồi nãy họ nhắn cho anh là kêu anh là họ xe đã có rồi bây giờ họ nói là gọi lên chăm chăm chăm sóc khách hàng bên em để gửi i-meo xuống cho họ để họ giao xe cho anh hay sao anh không biết dạ cái này để em xác nhận thông tin gửi đại lý khi mà có phản hồi thì bên em sẽ báo lại cho anh vâng chị cảm ơn chị vâng vâng cảm ơn anh vâng ạ,work,1,usable,user4,2026-05-25T07:38:07.646290+00:00,1,/kaggle/working/asr_quality_classifier/data/audio/data2/50008420251103132720_006_090f30c0-b06e-40bf-8fc6-bab35c83c346/clone3.wav,1,0,0.74,False Negative,0.26
user4,50008420251103215139_002_a6fc7835-274f-4ae1-8552-257103cb1333/clone7.wav,50008420251103215139_002_a6fc7835-274f-4ae1-8552-257103cb1333,clone7.wav,lỗi động cơ á mình đem đến đâu sửa cho ấy vậy?,work,1,usable,user4,2026-05-26T02:12:02.113483+00:00,1,/kaggle/working/asr_quality_classifier/data/audio/data2/50008420251103215139_002_a6fc7835-274f-4ae1-8552-257103cb1333/clone7.wav,1,0,0.74,False Negative,0.26
user2,50008820251101080318_011_40b500cf-f859-476d-bd18-335ba8856516/clone7.wav,50008820251101080318_011_40b500cf-f859-476d-bd18-335ba8856516,clone7.wav,xong rồi chín trăm bảy mươi,work,1,usable,user2,2026-05-25T07:10:37.174501+00:00,1,/kaggle/working/asr_quality_classifier/data/audio/data2/50008820251101080318_011_40b500cf-f859-476d-bd18-335ba8856516/clone7.wav,1,0,0.74,False Negative,0.26
user5,50008820251106174333_007_51c0718c-e8c5-46d9-9984-230a9dee1a18/clone3.wav,50008820251106174333_007_51c0718c-e8c5-46d9-9984-230a9dee1a18,clone3.wav,ừ nếu mà em đang thấy có hai xe vô hai trăm theo số điện thoại đấy ạ đúng rồi không có xe nào đang bị khóa xe do chưa thanh toán tiền cước cả,work,1,usable,user5,2026-05-25T09:35:04.604634+00:00,1,/kaggle/working/asr_quality_classifier/data/audio/data2/50008820251106174333_007_51c0718c-e8c5-46d9-9984-230a9dee1a18/clone3.wav,1,0,0.74,False Negative,0.26
user4,50008820251106175727_006_e7d71b2b-6dde-41e4-ad3b-497dd3d98991/clone5.wav,50008820251106175727_006_e7d71b2b-6dde-41e4-ad3b-497dd3d98991,clone5.wav,ừm đơn cọc này thì em thấy là đang đặt cọc là ở bên b mười hai mà anh ô-sần pác đúng không?,work,1,usable,user4,2026-05-26T02:41:49.724277+00:00,1,/kaggle/working/asr_quality_classifier/data/audio/data2/50008820251106175727_006_e7d71b2b-6dde-41e4-ad3b-497dd3d98991/clone5.wav,1,0,0.74,False Negative,0.26
user7,50009020251112161307_002_53ffd92d-b2f0-46d2-92b2-30085601d40e/clone2.wav,50009020251112161307_002_53ffd92d-b2f0-46d2-92b2-30085601d40e,clone2.wav,em không biết hôm nọ bên mình báo là gửi vào đâu em không phải là người nhận xe đầu tiên,work,1,usable,user7,2026-05-25T04:54:52.461714+00:00,1,/kaggle/working/asr_quality_classifier/data/audio/data2/50009020251112161307_002_53ffd92d-b2f0-46d2-92b2-30085601d40e/clone2.wav,1,0,0.74,False Negative,0.26
user2,50009020251112161307_002_53ffd92d-b2f0-46d2-92b2-30085601d40e/clone5.wav,50009020251112161307_002_53ffd92d-b2f0-46d2-92b2-30085601d40e,clone5.wav,em không biết hôm nọ bên mình báo là gửi vào đâu em không phải là người nhận xe đầu tiên,work,1,usable,user2,2026-05-25T04:46:31.344051+00:00,1,/kaggle/working/asr_quality_classifier/data/audio/data2/50009020251112161307_002_53ffd92d-b2f0-46d2-92b2-30085601d40e/clone5.wav,1,0,0.74,False Negative,0.26
user1,50009020251112161307_003_32d1ec70-34de-4511-99a7-15fef9ac95aa/clone5.wav,50009020251112161307_003_32d1ec70-34de-4511-99a7-15fef9ac95aa,clone5.wav,"a có một người báo cho em là xe cứu hộ ở thanh oai ấy, có một anh với một chị vừa mới gọi điện cho em vâng, anh ấy ở thanh oai ạ",work,1,usable,user1,2026-05-26T03:16:15.956759+00:00,1,/kaggle/working/asr_quality_classifier/data/audio/data2/50009020251112161307_003_32d1ec70-34de-4511-99a7-15fef9ac95aa/clone5.wav,1,0,0.74,False Negative,0.26
user2,50009120251103160151_007_17a323de-2349-4558-8870-e59c87b507bb/clone1.wav,50009120251103160151_007_17a323de-2349-4558-8870-e59c87b507bb,clone1.wav,"cái em đang chưa check được là dòng cla-ra là dòng nào chị ạ thế nên là làm phiền chị là vui lòng liên hệ bên phía cơ sở đại lý gần nhất giúp em nhá mang giúp em là căn cước công dân, đăng ký xe và hợp đồng thuê pin điện tử còn mình mang các giấy tờ và xe qua các bạn sẽ hỗ trợ check cái xê-ri pin cũng như là sẽ báo giá cho mình chị ạ",work,1,usable,user2,2026-05-26T02:50:28.936333+00:00,1,/kaggle/working/asr_quality_classifier/data/audio/data2/50009120251103160151_007_17a323de-2349-4558-8870-e59c87b507bb/clone1.wav,1,0,0.74,False Negative,0.26
user1,50009120251103160151_008_17d2e2dd-21c6-4045-9336-f6ad73a09d32/clone2.wav,50009120251103160151_008_17d2e2dd-21c6-4045-9336-f6ad73a09d32,clone2.wav,để có một trải nghiệm tốt nhất thì vui lòng liên hệ được giảm bao nhiêu em?,work,1,usable,user1,2026-05-25T05:11:43.223891+00:00,1,/kaggle/working/asr_quality_classifier/data/audio/data2/50009120251103160151_008_17d2e2dd-21c6-4045-9336-f6ad73a09d32/clone2.wav,1,0,0.74,False Negative,0.26
user4,50009120251103160151_008_17d2e2dd-21c6-4045-9336-f6ad73a09d32/clone3.wav,50009120251103160151_008_17d2e2dd-21c6-4045-9336-f6ad73a09d32,clone3.wav,để có một trải nghiệm tốt nhất thì vui lòng liên hệ được giảm bao nhiêu em?,work,1,usable,user4,2026-05-25T09:00:34.966757+00:00,1,/kaggle/working/asr_quality_classifier/data/audio/data2/50009120251103160151_008_17d2e2dd-21c6-4045-9336-f6ad73a09d32/clone3.wav,1,0,0.74,False Negative,0.26
user2,50009120251103160151_009_c661c0ed-cbc7-42a9-8a0c-4b64e92c7a86/clone4.wav,50009120251103160151_009_c661c0ed-cbc7-42a9-8a0c-4b64e92c7a86,clone4.wav,à nếu như mà là dòng s thường,work,1,usable,user2,2026-05-26T01:50:55.858519+00:00,1,/kaggle/working/asr_quality_classifier/data/audio/data2/50009120251103160151_009_c661c0ed-cbc7-42a9-8a0c-4b64e92c7a86/clone4.wav,1,0,0.74,False Negative,0.26
user3,50009120251104163511_000_7347b77a-fde5-4a62-9d18-210d9e864b76/clone5.wav,50009120251104163511_000_7347b77a-fde5-4a62-9d18-210d9e864b76,clone5.wav,"vâng em chào anh ạ anh ơi, em có cho anh thì tổng đài chính xác anh ạ em thấy anh có gửi một cái yêu cầu trên áp ấy ờ liên quan đến việc là thanh toán cái tiền thuê pin đó, anh có kiểm tra thì trường hợp của mình là ừm hiện tại xe thì đã có lệnh mở chặn rồi tức là xe đang hoạt động bình thường ấy thì à",work,1,usable,user3,2026-05-26T04:18:34.561815+00:00,1,/kaggle/working/asr_quality_classifier/data/audio/data2/50009120251104163511_000_7347b77a-fde5-4a62-9d18-210d9e864b76/clone5.wav,1,0,0.74,False Negative,0.26
user7,50009020251112105311_010_dc60f1c3-e257-4ed4-b2f7-690d3142e855/clone5.wav,50009020251112105311_010_dc60f1c3-e257-4ed4-b2f7-690d3142e855,clone5.wav,em thấy xe của mình vẫn đang có kết nối bình thường đây,work,1,usable,user7,2026-05-26T02:58:00.457734+00:00,1,/kaggle/working/asr_quality_classifier/data/audio/data2/50009020251112105311_010_dc60f1c3-e257-4ed4-b2f7-690d3142e855/clone5.wav,1,0,0.74,False Negative,0.26
user2,50009020251112105311_011_ce873ca0-c9ce-496a-9751-68c0d3c8e865/clone2.wav,50009020251112105311_011_ce873ca0-c9ce-496a-9751-68c0d3c8e865,clone2.wav,"chị lại không xem được mà nhưng mà em thấy xe này thì đang đứng cắm với số điện thoại của khánh huy đuôi bảy trăm bảy mươi bảy rồi đúng rồi vâng, mình vào số đấy là được mình vào số đấy là được có rồi mà, có kết nối rồi đấy chị có rồi hả? vâng, đúng rồi ôi, để chị kiểm tra lại nhá vâng, vào kiểm tra lại giúp em ừ ừ ừ ừ ừ ừ chị cảm ơn",work,1,usable,user2,2026-05-25T08:49:45.238212+00:00,1,/kaggle/working/asr_quality_classifier/data/audio/data2/50009020251112105311_011_ce873ca0-c9ce-496a-9751-68c0d3c8e865/clone2.wav,1,0,0.74,False Negative,0.26
user2,50009020251112105311_011_ce873ca0-c9ce-496a-9751-68c0d3c8e865/clone5.wav,50009020251112105311_011_ce873ca0-c9ce-496a-9751-68c0d3c8e865,clone5.wav,"chị lại không xem được mà nhưng mà em thấy xe này thì đang đứng cắm với số điện thoại của khánh huy đuôi bảy trăm bảy mươi bảy rồi đúng rồi vâng, mình vào số đấy là được mình vào số đấy là được có rồi mà, có kết nối rồi đấy chị có rồi hả? vâng, đúng rồi ôi, để chị kiểm tra lại nhá vâng, vào kiểm tra lại giúp em ừ ừ ừ ừ ừ ừ chị cảm ơn",work,1,usable,user2,2026-05-25T04:57:44.025616+00:00,1,/kaggle/working/asr_quality_classifier/data/audio/data2/50009020251112105311_011_ce873ca0-c9ce-496a-9751-68c0d3c8e865/clone5.wav,1,0,0.74,False Negative,0.26
user5,50009020251112122258_006_323f3651-3285-4951-ba48-970dee216897/clone1.wav,50009020251112122258_006_323f3651-3285-4951-ba48-970dee216897,clone1.wav,chị đặt cho em cái nào kiểu em muốn kiểm tra cả cái pin nữa ấy pin thì cho cho em đặt ở bên thanh xuân mai linh hay là bên linh đàm cho xem được không vì hàng đấy nó gần cho nó tiện cho nó gần chỗ của em,work,1,usable,user5,2026-05-25T07:14:05.780184+00:00,1,/kaggle/working/asr_quality_classifier/data/audio/data2/50009020251112122258_006_323f3651-3285-4951-ba48-970dee216897/clone1.wav,1,0,0.74,False Negative,0.26
user7,50009020251112122258_006_323f3651-3285-4951-ba48-970dee216897/clone7.wav,50009020251112122258_006_323f3651-3285-4951-ba48-970dee216897,clone7.wav,chị đặt cho em cái nào kiểu em muốn kiểm tra cả cái pin nữa ấy pin thì cho cho em đặt ở bên thanh xuân mai linh hay là bên linh đàm cho xem được không vì hàng đấy nó gần cho nó tiện cho nó gần chỗ của em,work,1,usable,user7,2026-05-25T07:13:05.824531+00:00,1,/kaggle/working/asr_quality_classifier/data/audio/data2/50009020251112122258_006_323f3651-3285-4951-ba48-970dee216897/clone7.wav,1,0,0.74,False Negative,0.26
user3,50009020251112161307_000_6482007b-5e35-4e65-81ae-c1d7d1270caa/clone2.wav,50009020251112161307_000_6482007b-5e35-4e65-81ae-c1d7d1270caa,clone2.wav,"đúng rồi ạ chị ơi, cái xe mà ở anh tú ấy dạ vâng em đang gọi cho tổng đài mấy cuộc mà không được chị ơi, chị chuyển giúp em thông tin vào số của",work,1,usable,user3,2026-05-26T03:12:23.998556+00:00,1,/kaggle/working/asr_quality_classifier/data/audio/data2/50009020251112161307_000_6482007b-5e35-4e65-81ae-c1d7d1270caa/clone2.wav,1,0,0.74,False Negative,0.26
user3,50009020251112161307_000_6482007b-5e35-4e65-81ae-c1d7d1270caa/clone4.wav,50009020251112161307_000_6482007b-5e35-4e65-81ae-c1d7d1270caa,clone4.wav,"đúng rồi ạ chị ơi, cái xe mà ở anh tú ấy dạ vâng em đang gọi cho tổng đài mấy cuộc mà không được chị ơi, chị chuyển giúp em thông tin vào số của",work,1,usable,user3,2026-05-26T03:03:24.451547+00:00,1,/kaggle/working/asr_quality_classifier/data/audio/data2/50009020251112161307_000_6482007b-5e35-4e65-81ae-c1d7d1270caa/clone4.wav,1,0,0.74,False Negative,0.26
user7,50009020251112161307_000_6482007b-5e35-4e65-81ae-c1d7d1270caa/clone5.wav,50009020251112161307_000_6482007b-5e35-4e65-81ae-c1d7d1270caa,clone5.wav,"đúng rồi ạ chị ơi, cái xe mà ở anh tú ấy dạ vâng em đang gọi cho tổng đài mấy cuộc mà không được chị ơi, chị chuyển giúp em thông tin vào số của",work,1,usable,user7,2026-05-25T07:09:11.530867+00:00,1,/kaggle/working/asr_quality_classifier/data/audio/data2/50009020251112161307_000_6482007b-5e35-4e65-81ae-c1d7d1270caa/clone5.wav,1,0,0.74,False Negative,0.26
user1,50007620251108164448_005_b26ee5dd-8917-4216-aff8-55eb2e65647b/clone8.wav,50007620251108164448_005_b26ee5dd-8917-4216-aff8-55eb2e65647b,clone8.wav,dạ vâng thì em báo lại các bạn ạ,work,1,usable,user1,2026-05-26T03:14:47.541917+00:00,1,/kaggle/working/asr_quality_classifier/data/audio/data2/50007620251108164448_005_b26ee5dd-8917-4216-aff8-55eb2e65647b/clone8.wav,1,0,0.74,False Negative,0.26
user1,50007620251114152846_005_3f8b763b-0499-40e9-b045-9df4f1f18845/clone1.wav,50007620251114152846_005_3f8b763b-0499-40e9-b045-9df4f1f18845,clone1.wav,nhờ chị tạo yêu cầu mới sau đấy đính kèm ảnh ở trong mục thêm mô tả giúp em với ạ ờ ok rồi đợi chị một xíu nha dạ dạ dạ,work,1,usable,user1,2026-05-25T09:10:50.929963+00:00,1,/kaggle/working/asr_quality_classifier/data/audio/data2/50007620251114152846_005_3f8b763b-0499-40e9-b045-9df4f1f18845/clone1.wav,1,0,0.74,False Negative,0.26
user7,50009020251102121144_008_23e2a985-0357-4db8-bb2b-e0c8bbc012a4/clone4.wav,50009020251102121144_008_23e2a985-0357-4db8-bb2b-e0c8bbc012a4,clone4.wav,tức là nó đỏ đỏ xong lại,work,1,usable,user7,2026-05-25T08:33:10.975799+00:00,1,/kaggle/working/asr_quality_classifier/data/audio/data2/50009020251102121144_008_23e2a985-0357-4db8-bb2b-e0c8bbc012a4/clone4.wav,1,0,0.74,False Negative,0.26
user1,50009020251103125150_002_9d0961c7-e387-4f6b-9f48-c84d07e8d74d/clone8.wav,50009020251103125150_002_9d0961c7-e387-4f6b-9f48-c84d07e8d74d,clone8.wav,"anh nhưng mà hai tiếng trước bên em có gửi xuống đi rồi, xưởng rồi xưởng có gọi cho anh chưa và đã có kéo cứu hộ cho anh?",work,1,usable,user1,2026-05-26T02:00:40.069172+00:00,1,/kaggle/working/asr_quality_classifier/data/audio/data2/50009020251103125150_002_9d0961c7-e387-4f6b-9f48-c84d07e8d74d/clone8.wav,1,0,0.74,False Negative,0.26
user4,50009020251103181738_005_beeae3f6-dd64-490f-9bb8-6974f404b818/clone7.wav,50009020251103181738_005_beeae3f6-dd64-490f-9bb8-6974f404b818,clone7.wav,pin mua pin mua sau khi mua pin mình được có đăng ký gói esim rồi đúng không ạ?,work,1,usable,user4,2026-05-25T08:28:13.307207+00:00,1,/kaggle/working/asr_quality_classifier/data/audio/data2/50009020251103181738_005_beeae3f6-dd64-490f-9bb8-6974f404b818/clone7.wav,1,0,0.74,False Negative,0.26
user7,50009020251103181738_009_952a2442-58c4-4cc5-a5ae-63d35bc0681a/clone8.wav,50009020251103181738_009_952a2442-58c4-4cc5-a5ae-63d35bc0681a,clone8.wav,ờ ờ ờ về chứ chị đâu có biết nó đâu có nói chị đâu trời,work,1,usable,user7,2026-05-25T08:48:36.070928+00:00,1,/kaggle/working/asr_quality_classifier/data/audio/data2/50009020251103181738_009_952a2442-58c4-4cc5-a5ae-63d35bc0681a/clone8.wav,1,0,0.74,False Negative,0.26
user4,50009020251103181738_011_f1241389-1616-4872-af85-cf942810b2b5/clone5.wav,50009020251103181738_011_f1241389-1616-4872-af85-cf942810b2b5,clone5.wav,"ờ ờ ờ rồi rồi rồi chị biết chị cảm ơn em nha vâng ạ, em cảm ơn chị ạ",work,1,usable,user4,2026-05-25T08:34:14.281645+00:00,1,/kaggle/working/asr_quality_classifier/data/audio/data2/50009020251103181738_011_f1241389-1616-4872-af85-cf942810b2b5/clone5.wav,1,0,0.74,False Negative,0.26
user7,50009020251112105311_000_0b6c94bc-ee2b-4a7d-ac29-eaf7e387a6a5/clone4.wav,50009020251112105311_000_0b6c94bc-ee2b-4a7d-ac29-eaf7e387a6a5,clone4.wav,"a-lô ạ? a-lô, vâng em là chị em thì mình có cuộc gọi nhỡ tổng đài vinfast đấy ạ, không biết là em có thể hỗ trợ gì cho chị được?",work,1,usable,user7,2026-05-26T03:08:25.381128+00:00,1,/kaggle/working/asr_quality_classifier/data/audio/data2/50009020251112105311_000_0b6c94bc-ee2b-4a7d-ac29-eaf7e387a6a5/clone4.wav,1,0,0.74,False Negative,0.26
user1,50007420251114103743_000_22f45448-17a4-4ff5-98b9-60faa138bd45/clone5.wav,50007420251114103743_000_22f45448-17a4-4ff5-98b9-60faa138bd45,clone5.wav,a-lô ạ? em chào chị em gọi bên tổng đài vinfast chị ạ em thấy mình có gọi nhỡ lên tổng đài em hỗ trợ gì được cho mình ạ? ờ chị ơi em muốn mua xe điện ấy ạ thì em muốn hỏi là em đang ở hà đông hà nội ấy thì em muốn tìm là xô-rum của xe điện mình bán ở đâu ấy ạ? à xe máy điện đúng không ạ? dạ vâng xe máy điện ạ dạ vâng ạ nếu như mà chị ở bên mạng hà đông thì bên em sẽ có điểm ở chỗ a để em xem,work,1,usable,user1,2026-05-25T09:41:17.166900+00:00,1,/kaggle/working/asr_quality_classifier/data/audio/data2/50007420251114103743_000_22f45448-17a4-4ff5-98b9-60faa138bd45/clone5.wav,1,0,0.74,False Negative,0.26
user2,50007520251104152939_003_2bb0bec2-5c1f-41e2-8dcb-c9df00966071/clone7.wav,50007520251104152939_003_2bb0bec2-5c1f-41e2-8dcb-c9df00966071,clone7.wav,"rồi rồi vâng, thì có gì bên anh xử lý nhanh giúp mình để mình có xe đi lại vâng, thì có gì em sẽ báo lại bên phía xưởng dịch vụ cập nhật lại thông tin vào ngày mai trước cho anh sau anh ạ rồi ok bạn cảm ơn anh ạ em chào anh rồi chào anh",work,1,usable,user2,2026-05-25T05:12:26.583807+00:00,1,/kaggle/working/asr_quality_classifier/data/audio/data2/50007520251104152939_003_2bb0bec2-5c1f-41e2-8dcb-c9df00966071/clone7.wav,1,0,0.74,False Negative,0.26
user1,50007520251111185934_005_2f38ff0d-ee8c-4b75-837a-42035350079a/clone2.wav,50007520251111185934_005_2f38ff0d-ee8c-4b75-837a-42035350079a,clone2.wav,"sao kê từ từ hôm trừ tiền từ hôm mùng năm tại vì có những cái ngân hàng có những ngày sẽ sao kê khác nhau, ví dụ như là các ngân hàng việt-com-banh hay là lấy ví dụ là ngày mười lăm, mười sáu hoặc là ngày mười bảy",work,1,usable,user1,2026-05-26T01:57:01.560239+00:00,1,/kaggle/working/asr_quality_classifier/data/audio/data2/50007520251111185934_005_2f38ff0d-ee8c-4b75-837a-42035350079a/clone2.wav,1,0,0.74,False Negative,0.26
user3,50007520251111185934_005_2f38ff0d-ee8c-4b75-837a-42035350079a/clone8.wav,50007520251111185934_005_2f38ff0d-ee8c-4b75-837a-42035350079a,clone8.wav,"sao kê từ từ hôm trừ tiền từ hôm mùng năm tại vì có những cái ngân hàng có những ngày sẽ sao kê khác nhau, ví dụ như là các ngân hàng việt-com-banh hay là lấy ví dụ là ngày mười lăm, mười sáu hoặc là ngày mười bảy",work,1,usable,user3,2026-05-25T07:58:28.953861+00:00,1,/kaggle/working/asr_quality_classifier/data/audio/data2/50007520251111185934_005_2f38ff0d-ee8c-4b75-837a-42035350079a/clone8.wav,1,0,0.74,False Negative,0.26
user3,50007620251101173012_002_cb0df921-9c95-4854-b219-e00544206399/clone4.wav,50007620251101173012_002_cb0df921-9c95-4854-b219-e00544206399,clone4.wav,thì các bạn vẫn bảo là thứ hai thôi nhưng mà mình có việc mình thì lại phải về trước rồi nên là thôi cũng chấp nhận cho các bạn để ở đấy,work,1,usable,user3,2026-05-26T03:00:26.135941+00:00,1,/kaggle/working/asr_quality_classifier/data/audio/data2/50007620251101173012_002_cb0df921-9c95-4854-b219-e00544206399/clone4.wav,1,0,0.74,False Negative,0.26
user7,50007620251106142342_005_f305ee91-1299-4e48-8cdc-381c44cc8066/clone4.wav,50007620251106142342_005_f305ee91-1299-4e48-8cdc-381c44cc8066,clone4.wav,à rồi ok dạ vâng anh làm việc tiếp với bên phía nhà chờ thêm cái thông tin từ nhà phân phối giúp em ạ các bạn ấy bảo là trong ngày hôm nay hoặc ở trong ngày mai hoặc ngày ki-a thì các bạn ấy sẽ hoàn tiền lại đến mình đấy ạ dạ vâng,work,1,usable,user7,2026-05-25T07:08:56.835398+00:00,1,/kaggle/working/asr_quality_classifier/data/audio/data2/50007620251106142342_005_f305ee91-1299-4e48-8cdc-381c44cc8066/clone4.wav,1,0,0.74,False Negative,0.26
user7,50007620251108164448_002_29093b2c-10f8-43d9-a37c-36545deb1e43/clone2.wav,50007620251108164448_002_29093b2c-10f8-43d9-a37c-36545deb1e43,clone2.wav,ừm nhưng mà các bạn ấy bảo là xe để đây cũng cũng được một tuần hai rồi mà anh lại xe nằm xe xe dịch vụ anh em không muốn nó nằm ở xe đâu,work,1,usable,user7,2026-05-26T03:45:24.731357+00:00,1,/kaggle/working/asr_quality_classifier/data/audio/data2/50007620251108164448_002_29093b2c-10f8-43d9-a37c-36545deb1e43/clone2.wav,1,0,0.74,False Negative,0.26
user2,50007620251108164448_002_29093b2c-10f8-43d9-a37c-36545deb1e43/clone6.wav,50007620251108164448_002_29093b2c-10f8-43d9-a37c-36545deb1e43,clone6.wav,ừm nhưng mà các bạn ấy bảo là xe để đây cũng cũng được một tuần hai rồi mà anh lại xe nằm xe xe dịch vụ anh em không muốn nó nằm ở xe đâu,work,1,usable,user2,2026-05-26T01:48:44.155628+00:00,1,/kaggle/working/asr_quality_classifier/data/audio/data2/50007620251108164448_002_29093b2c-10f8-43d9-a37c-36545deb1e43/clone6.wav,1,0,0.74,False Negative,0.26
user1,50007420251104091739_003_16bbf45f-50e5-4ed4-b668-d6654c685da6/clone7.wav,50007420251104091739_003_16bbf45f-50e5-4ed4-b668-d6654c685da6,clone7.wav,anh lướt màn hình với em đây để em xem kiến an có một điểm đấy ạ,work,1,usable,user1,2026-05-26T03:05:19.908605+00:00,1,/kaggle/working/asr_quality_classifier/data/audio/data2/50007420251104091739_003_16bbf45f-50e5-4ed4-b668-d6654c685da6/clone7.wav,1,0,0.74,False Negative,0.26
user1,50007420251104091739_008_e12f45d6-e2a0-4f84-81df-0f131e6ff835/clone2.wav,50007420251104091739_008_e12f45d6-e2a0-4f84-81df-0f131e6ff835,clone2.wav,quan trọng vâng ý là chỗ anh chỗ vạn phong anh vừa đi chỗ vạn phong là không có hàng vâng chỗ nào có hàng chắc chắn không để anh sang lấy luôn vâng thế bên em lại chưa thể kiểm tra luôn cho anh được rồi anh ạ,work,1,usable,user1,2026-05-25T07:16:41.708111+00:00,1,/kaggle/working/asr_quality_classifier/data/audio/data2/50007420251104091739_008_e12f45d6-e2a0-4f84-81df-0f131e6ff835/clone2.wav,1,0,0.74,False Negative,0.26
user5,50007420251104091739_008_e12f45d6-e2a0-4f84-81df-0f131e6ff835/clone4.wav,50007420251104091739_008_e12f45d6-e2a0-4f84-81df-0f131e6ff835,clone4.wav,quan trọng vâng ý là chỗ anh chỗ vạn phong anh vừa đi chỗ vạn phong là không có hàng vâng chỗ nào có hàng chắc chắn không để anh sang lấy luôn vâng thế bên em lại chưa thể kiểm tra luôn cho anh được rồi anh ạ,work,1,usable,user5,2026-05-25T07:10:54.851906+00:00,1,/kaggle/working/asr_quality_classifier/data/audio/data2/50007420251104091739_008_e12f45d6-e2a0-4f84-81df-0f131e6ff835/clone4.wav,1,0,0.74,False Negative,0.26
user5,50007420251105123726_009_10e1260b-efb2-48d9-a642-a617340ed6d2/clone8.wav,50007420251105123726_009_10e1260b-efb2-48d9-a642-a617340ed6d2,clone8.wav,bên nếu nếu nếu như mà được ấy thì chị có thể hỗ trợ tạt qua xưởng dịch vụ để các bạn kiểm tra sơ qua được không hả chị? vậy là bây giờ phải ra để coi lại hả em? vâng,work,1,usable,user5,2026-05-26T04:23:06.507038+00:00,1,/kaggle/working/asr_quality_classifier/data/audio/data2/50007420251105123726_009_10e1260b-efb2-48d9-a642-a617340ed6d2/clone8.wav,1,0,0.74,False Negative,0.26
user1,50007420251110154830_002_37ee8734-259f-460f-89ae-6f286ecfd850/clone7.wav,50007420251110154830_002_37ee8734-259f-460f-89ae-6f286ecfd850,clone7.wav,cái đấy là sao ạ? anh là đại lý bắt anh thanh toán hết xong rồi là cho hai triệu cho anh sau á?,work,1,usable,user1,2026-05-26T04:00:23.040109+00:00,1,/kaggle/working/asr_quality_classifier/data/audio/data2/50007420251110154830_002_37ee8734-259f-460f-89ae-6f286ecfd850/clone7.wav,1,0,0.74,False Negative,0.26
user3,50007420251110154830_002_37ee8734-259f-460f-89ae-6f286ecfd850/clone8.wav,50007420251110154830_002_37ee8734-259f-460f-89ae-6f286ecfd850,clone8.wav,cái đấy là sao ạ? anh là đại lý bắt anh thanh toán hết xong rồi là cho hai triệu cho anh sau á?,work,1,usable,user3,2026-05-25T08:03:59.434554+00:00,1,/kaggle/working/asr_quality_classifier/data/audio/data2/50007420251110154830_002_37ee8734-259f-460f-89ae-6f286ecfd850/clone8.wav,1,0,0.74,False Negative,0.26
user4,50007420251110154830_003_62570915-1eba-4069-9489-6ea0436302d2/clone4.wav,50007420251110154830_003_62570915-1eba-4069-9489-6ea0436302d2,clone4.wav,vâng cái đấy anh trao đổi với đại lý các bạn ấy bảo như nào với anh?,work,1,usable,user4,2026-05-25T08:55:18.822046+00:00,1,/kaggle/working/asr_quality_classifier/data/audio/data2/50007420251110154830_003_62570915-1eba-4069-9489-6ea0436302d2/clone4.wav,1,0,0.74,False Negative,0.26
user4,50007420251110154830_003_62570915-1eba-4069-9489-6ea0436302d2/clone7.wav,50007420251110154830_003_62570915-1eba-4069-9489-6ea0436302d2,clone7.wav,vâng cái đấy anh trao đổi với đại lý các bạn ấy bảo như nào với anh?,work,1,usable,user4,2026-05-25T08:55:18.822185+00:00,1,/kaggle/working/asr_quality_classifier/data/audio/data2/50007420251110154830_003_62570915-1eba-4069-9489-6ea0436302d2/clone7.wav,1,0,0.74,False Negative,0.26
user5,50007320251110193054_012_2e35a22f-fb3c-4a67-8938-30c12603325a/clone4.wav,50007320251110193054_012_2e35a22f-fb3c-4a67-8938-30c12603325a,clone4.wav,tức là anh bảo là xe vẫn lên nguồn điện đấy ạ dạ xe vẫn lên nguồn điện nhưng mà màn hình nó không lên,work,1,usable,user5,2026-05-26T03:08:11.796519+00:00,1,/kaggle/working/asr_quality_classifier/data/audio/data2/50007320251110193054_012_2e35a22f-fb3c-4a67-8938-30c12603325a/clone4.wav,1,0,0.74,False Negative,0.26
user7,50007320251110193054_012_2e35a22f-fb3c-4a67-8938-30c12603325a/clone6.wav,50007320251110193054_012_2e35a22f-fb3c-4a67-8938-30c12603325a,clone6.wav,tức là anh bảo là xe vẫn lên nguồn điện đấy ạ dạ xe vẫn lên nguồn điện nhưng mà màn hình nó không lên,work,1,usable,user7,2026-05-26T03:38:55.530969+00:00,1,/kaggle/working/asr_quality_classifier/data/audio/data2/50007320251110193054_012_2e35a22f-fb3c-4a67-8938-30c12603325a/clone6.wav,1,0,0.74,False Negative,0.26
user1,50007320251113073823_001_f441d03a-0bf4-40e6-98d7-9b36ab59147a/clone2.wav,50007320251113073823_001_f441d03a-0bf4-40e6-98d7-9b36ab59147a,clone2.wav,"bạn ấy xe của mình đang đi ấy, bị lỗi phanh, lỗi nó báo là",work,1,usable,user1,2026-05-25T08:53:17.398097+00:00,1,/kaggle/working/asr_quality_classifier/data/audio/data2/50007320251113073823_001_f441d03a-0bf4-40e6-98d7-9b36ab59147a/clone2.wav,1,0,0.74,False Negative,0.26
user6,50007320251113073823_001_f441d03a-0bf4-40e6-98d7-9b36ab59147a/clone4.wav,50007320251113073823_001_f441d03a-0bf4-40e6-98d7-9b36ab59147a,clone4.wav,"bạn ấy xe của mình đang đi ấy, bị lỗi phanh, lỗi nó báo là",work,1,usable,user6,2026-05-26T03:05:28.041350+00:00,1,/kaggle/working/asr_quality_classifier/data/audio/data2/50007320251113073823_001_f441d03a-0bf4-40e6-98d7-9b36ab59147a/clone4.wav,1,0,0.74,False Negative,0.26
user3,50007320251113073823_002_21840d4e-71b1-4c15-a441-eb4eed420256/clone4.wav,50007320251113073823_002_21840d4e-71b1-4c15-a441-eb4eed420256,clone4.wav,"lỗi hệ thống bó cứng phanh này, lỗi hệ thống điều khiển xe này không biết làm gì để xử lý nào được ạ vâng đang di chuyển thì xe báo lỗi hệ thống bó cứng phanh là lỗi hệ thống điện tử ạ? đúng rồi, bây giờ nó báo là chế độ giảm công suất, hãy tìm nơi nơi sửa chữa này, lỗi cân bằng hệ hệ thống điện tử này sao cái xe của em tự nhiên báo lỗi nhiều vậy?",work,1,usable,user3,2026-05-26T03:41:11.499158+00:00,1,/kaggle/working/asr_quality_classifier/data/audio/data2/50007320251113073823_002_21840d4e-71b1-4c15-a441-eb4eed420256/clone4.wav,1,0,0.74,False Negative,0.26
user3,50007320251113073823_002_21840d4e-71b1-4c15-a441-eb4eed420256/clone5.wav,50007320251113073823_002_21840d4e-71b1-4c15-a441-eb4eed420256,clone5.wav,"lỗi hệ thống bó cứng phanh này, lỗi hệ thống điều khiển xe này không biết làm gì để xử lý nào được ạ vâng đang di chuyển thì xe báo lỗi hệ thống bó cứng phanh là lỗi hệ thống điện tử ạ? đúng rồi, bây giờ nó báo là chế độ giảm công suất, hãy tìm nơi nơi sửa chữa này, lỗi cân bằng hệ hệ thống điện tử này sao cái xe của em tự nhiên báo lỗi nhiều vậy?",work,1,usable,user3,2026-05-25T07:50:12.826996+00:00,1,/kaggle/working/asr_quality_classifier/data/audio/data2/50007320251113073823_002_21840d4e-71b1-4c15-a441-eb4eed420256/clone5.wav,1,0,0.74,False Negative,0.26
user4,50007320251113073823_002_21840d4e-71b1-4c15-a441-eb4eed420256/clone7.wav,50007320251113073823_002_21840d4e-71b1-4c15-a441-eb4eed420256,clone7.wav,"lỗi hệ thống bó cứng phanh này, lỗi hệ thống điều khiển xe này không biết làm gì để xử lý nào được ạ vâng đang di chuyển thì xe báo lỗi hệ thống bó cứng phanh là lỗi hệ thống điện tử ạ? đúng rồi, bây giờ nó báo là chế độ giảm công suất, hãy tìm nơi nơi sửa chữa này, lỗi cân bằng hệ hệ thống điện tử này sao cái xe của em tự nhiên báo lỗi nhiều vậy?",work,1,usable,user4,2026-05-25T06:56:58.343524+00:00,1,/kaggle/working/asr_quality_classifier/data/audio/data2/50007320251113073823_002_21840d4e-71b1-4c15-a441-eb4eed420256/clone7.wav,1,0,0.74,False Negative,0.26
user4,50007420251104091739_001_10859e05-5083-4ca5-9174-1d11045df083/clone7.wav,50007420251104091739_001_10859e05-5083-4ca5-9174-1d11045df083,clone7.wav,anh muốn lấy một cái xe điện vinfast ê-vô rang vâng trong nội thành hải phòng thì có chỗ nào không em? bên em không kiểm tra được hàng sẵn ở dưới đại lý đâu anh ạ bên em chỉ cung cấp được các đại lý ở xung quanh khu vực của anh thôi,work,1,usable,user4,2026-05-25T08:04:39.459825+00:00,1,/kaggle/working/asr_quality_classifier/data/audio/data2/50007420251104091739_001_10859e05-5083-4ca5-9174-1d11045df083/clone7.wav,1,0,0.74,False Negative,0.26
user5,50009120251107180039_006_527941fa-f27d-45c0-8067-8029e4c5542a/clone5.wav,50009120251107180039_006_527941fa-f27d-45c0-8067-8029e4c5542a,clone5.wav,ừm anh ơi anh ơi cho em hỏi em hỏi thăm một tí thôi có có lốp sẵn ở đây à hay là người ta đưa đến?,work,1,usable,user5,2026-05-26T04:20:16.847703+00:00,1,/kaggle/working/asr_quality_classifier/data/audio/data2/50009120251107180039_006_527941fa-f27d-45c0-8067-8029e4c5542a/clone5.wav,1,0,0.74,False Negative,0.26
user3,50009120251107180039_006_527941fa-f27d-45c0-8067-8029e4c5542a/clone6.wav,50009120251107180039_006_527941fa-f27d-45c0-8067-8029e4c5542a,clone6.wav,ừm anh ơi anh ơi cho em hỏi em hỏi thăm một tí thôi có có lốp sẵn ở đây à hay là người ta đưa đến?,work,1,usable,user3,2026-05-26T03:38:20.797393+00:00,1,/kaggle/working/asr_quality_classifier/data/audio/data2/50009120251107180039_006_527941fa-f27d-45c0-8067-8029e4c5542a/clone6.wav,1,0,0.74,False Negative,0.26
user3,50009120251107201824_003_cbcc6e83-bc4b-4aa0-b118-5286f4004069/clone2.wav,50009120251107201824_003_cbcc6e83-bc4b-4aa0-b118-5286f4004069,clone2.wav,anh nhận xe rồi chiều nay ừ,work,1,usable,user3,2026-05-25T05:29:28.659180+00:00,1,/kaggle/working/asr_quality_classifier/data/audio/data2/50009120251107201824_003_cbcc6e83-bc4b-4aa0-b118-5286f4004069/clone2.wav,1,0,0.74,False Negative,0.26
user4,50009120251107201824_004_ad9cdacb-5376-42c0-bd8c-7cb5da9579d7/clone1.wav,50009120251107201824_004_ad9cdacb-5376-42c0-bd8c-7cb5da9579d7,clone1.wav,vâng thế hoạt động bình thường hết rồi đúng không ạ? thì trong hiện tại trong chiều nay thì hoạt động bình thường theo,work,1,usable,user4,2026-05-25T08:55:04.878185+00:00,1,/kaggle/working/asr_quality_classifier/data/audio/data2/50009120251107201824_004_ad9cdacb-5376-42c0-bd8c-7cb5da9579d7/clone1.wav,1,0,0.74,False Negative,0.26
user6,50009120251107201824_010_41c26f7b-6f6f-49d5-a381-a0263ffe76fa/clone6.wav,50009120251107201824_010_41c26f7b-6f6f-49d5-a381-a0263ffe76fa,clone6.wav,thì chiều nay mới chạy,work,1,usable,user6,2026-05-25T09:35:03.418899+00:00,1,/kaggle/working/asr_quality_classifier/data/audio/data2/50009120251107201824_010_41c26f7b-6f6f-49d5-a381-a0263ffe76fa/clone6.wav,1,0,0.74,False Negative,0.26
user4,50009120251107201824_012_3bbc89ea-5fb1-446b-9f01-48ba44303710/clone8.wav,50009120251107201824_012_3bbc89ea-5fb1-446b-9f01-48ba44303710,clone8.wav,hai ba chục cây ạ,work,1,usable,user4,2026-05-25T06:41:38.302432+00:00,1,/kaggle/working/asr_quality_classifier/data/audio/data2/50009120251107201824_012_3bbc89ea-5fb1-446b-9f01-48ba44303710/clone8.wav,1,0,0.74,False Negative,0.26
user6,50009120251110113027_004_0429d7cd-82be-40ff-a313-0c7f91c6abf5/clone4.wav,50009120251110113027_004_0429d7cd-82be-40ff-a313-0c7f91c6abf5,clone4.wav,em đang thấy là đơn hàng của mình đang ở tại bên phía bộ phận cơ sở đại lý thì không biết là,work,1,usable,user6,2026-05-25T07:54:53.116148+00:00,1,/kaggle/working/asr_quality_classifier/data/audio/data2/50009120251110113027_004_0429d7cd-82be-40ff-a313-0c7f91c6abf5/clone4.wav,1,0,0.74,False Negative,0.26
user4,50009120251110113027_005_9bee7339-ca75-45fc-b38c-d01ecc38aa5d/clone5.wav,50009120251110113027_005_9bee7339-ca75-45fc-b38c-d01ecc38aa5d,clone5.wav,mình đã liên hệ bên phía cơ sở đại lý chưa ạ? dạ,work,1,usable,user4,2026-05-25T04:57:45.097523+00:00,1,/kaggle/working/asr_quality_classifier/data/audio/data2/50009120251110113027_005_9bee7339-ca75-45fc-b38c-d01ecc38aa5d/clone5.wav,1,0,0.74,False Negative,0.26
user4,50009120251104163511_000_7347b77a-fde5-4a62-9d18-210d9e864b76/clone7.wav,50009120251104163511_000_7347b77a-fde5-4a62-9d18-210d9e864b76,clone7.wav,"vâng em chào anh ạ anh ơi, em có cho anh thì tổng đài chính xác anh ạ em thấy anh có gửi một cái yêu cầu trên áp ấy ờ liên quan đến việc là thanh toán cái tiền thuê pin đó, anh có kiểm tra thì trường hợp của mình là ừm hiện tại xe thì đã có lệnh mở chặn rồi tức là xe đang hoạt động bình thường ấy thì à",work,1,usable,user4,2026-05-25T07:40:47.838715+00:00,1,/kaggle/working/asr_quality_classifier/data/audio/data2/50009120251104163511_000_7347b77a-fde5-4a62-9d18-210d9e864b76/clone7.wav,1,0,0.74,False Negative,0.26
user1,50009120251104163511_007_030b6a98-0f75-4319-af1c-263afa633323/clone1.wav,50009120251104163511_007_030b6a98-0f75-4319-af1c-263afa633323,clone1.wav,"à dạ vâng, thế để em gửi cho bộ phận liên quan nhá, tại vì nó chưa đến ngày chặn cước đấy anh",work,1,usable,user1,2026-05-26T02:11:03.652028+00:00,1,/kaggle/working/asr_quality_classifier/data/audio/data2/50009120251104163511_007_030b6a98-0f75-4319-af1c-263afa633323/clone1.wav,1,0,0.74,False Negative,0.26
user1,50009120251104180708_000_49caf528-d8ab-42b9-a45b-1c551d47e5ae/clone8.wav,50009120251104180708_000_49caf528-d8ab-42b9-a45b-1c551d47e5ae,clone8.wav,"alô dạ em cho anh hỏi anh ơi ờ em thấy mình có cuộc gọi nhỡ với anh em hình như em thấy là mình có cái cứu hộ từ ngày mùng ờ đúng rồi thì là thì em hỏi thăm anh là xe được kéo chưa? xe chưa được kéo xe vẫn chưa được kéo à anh? bên xưởng cũng đang có hẹn hò thời gian kéo xe nước bây giờ ở đấy thế nào rồi à? anh không anh không thấy bất cứ một cuộc gọi nào của bên bên của bên xưởng hay bên hãng nào hết anh chỉ anh anh chỉ thấy có bên em gọi anh thôi mà anh cứ anh cứ sợ là là vì như thế này, anh không biết giờ tụi em gọi giờ nào nên là các anh cứ thấy cuộc gọi nhỡ của tụi em là anh cứ cứ cứ cứ nghĩ là xe đến rồi đấy, cái nên là là anh không biết được là bên bên hãng báo như thế nào hết đúng rồi em hỏi thăm là chỗ chỗ của anh bây giờ là nước còn còn ngập không anh? nước cơ hả? à vâng nước rút chưa? nước rút chưa? nước rút chưa anh? nước bây giờ anh anh nghĩ là ngày mai là rút hết rồi đấy ngày mai mới rút được đấy vâng, thế thì em anh gọi lại xưởng xem nhá em gọi lại xưởng xem trường hợp của mình nhá ờ ờ ờ anh thì không anh thì không có gì vội vàng nhá nhưng mà anh không biết là vì cái cái giờ nào người ta đến nên mình không không mình không chủ động được thời gian ấy à dạ vâng, thế thì để em em sẽ báo lại xưởng để xem là xem tình hình như thế nào để báo lại hẹn anh một cái giờ để anh đúng rồi, đúng rồi trông ngóng chờ đợi ý anh đúng rồi thế lại với lại thứ hai là anh cũng ở đấy luôn luôn có người mà công ty em mà thế nên là là là chỉ cần báo báo anh anh báo cho họ bảo vệ biết để sau này bảo bảo họ lấy dễ thôi dạ vâng, dạ vâng thế em báo lại xưởng luôn ạ ok",work,1,usable,user1,2026-05-26T03:13:52.211374+00:00,1,/kaggle/working/asr_quality_classifier/data/audio/data2/50009120251104180708_000_49caf528-d8ab-42b9-a45b-1c551d47e5ae/clone8.wav,1,0,0.74,False Negative,0.26
user3,50009120251105191813_002_eb787571-0b76-432f-99e2-8dff30b70331/clone1.wav,50009120251105191813_002_eb787571-0b76-432f-99e2-8dff30b70331,clone1.wav,ừ phải thay lốp anh em mấy đồng chí bảo đấy hai phẩy ba triệu anh à vâng,work,1,usable,user3,2026-05-26T02:59:57.208541+00:00,1,/kaggle/working/asr_quality_classifier/data/audio/data2/50009120251105191813_002_eb787571-0b76-432f-99e2-8dff30b70331/clone1.wav,1,0,0.74,False Negative,0.26
user7,50009120251105191813_002_eb787571-0b76-432f-99e2-8dff30b70331/clone4.wav,50009120251105191813_002_eb787571-0b76-432f-99e2-8dff30b70331,clone4.wav,ừ phải thay lốp anh em mấy đồng chí bảo đấy hai phẩy ba triệu anh à vâng,work,1,usable,user7,2026-05-25T07:58:13.993755+00:00,1,/kaggle/working/asr_quality_classifier/data/audio/data2/50009120251105191813_002_eb787571-0b76-432f-99e2-8dff30b70331/clone4.wav,1,0,0.74,False Negative,0.26
user1,50009120251105191813_002_eb787571-0b76-432f-99e2-8dff30b70331/clone8.wav,50009120251105191813_002_eb787571-0b76-432f-99e2-8dff30b70331,clone8.wav,ừ phải thay lốp anh em mấy đồng chí bảo đấy hai phẩy ba triệu anh à vâng,work,1,usable,user1,2026-05-25T08:04:16.038286+00:00,1,/kaggle/working/asr_quality_classifier/data/audio/data2/50009120251105191813_002_eb787571-0b76-432f-99e2-8dff30b70331/clone8.wav,1,0,0.74,False Negative,0.26
user3,50009120251107180039_000_cb8e7f5d-3b14-4b7f-914d-5a13396bb897/clone4.wav,50009120251107180039_000_cb8e7f5d-3b14-4b7f-914d-5a13396bb897,clone4.wav,bên vinfast sẽ liên hệ cho anh,work,1,usable,user3,2026-05-25T07:50:47.254177+00:00,1,/kaggle/working/asr_quality_classifier/data/audio/data2/50009120251107180039_000_cb8e7f5d-3b14-4b7f-914d-5a13396bb897/clone4.wav,1,0,0.74,False Negative,0.26
user6,50009120251107180039_001_cd569789-4d3f-4a23-8ee8-0f288ad6759b/clone2.wav,50009120251107180039_001_cd569789-4d3f-4a23-8ee8-0f288ad6759b,clone2.wav,a-lô dạ em chào anh ạ em a gọi anh từ tổng đài vinfast em thấy anh có gọi quá nhỡ anh cần hỗ trợ gì thế ạ?,work,1,usable,user6,2026-05-25T07:59:42.708055+00:00,1,/kaggle/working/asr_quality_classifier/data/audio/data2/50009120251107180039_001_cd569789-4d3f-4a23-8ee8-0f288ad6759b/clone2.wav,1,0,0.74,False Negative,0.26
user4,50009320251107103456_011_830ad98c-10c4-4de2-a154-0a5665beedf2/clone3.wav,50009320251107103456_011_830ad98c-10c4-4de2-a154-0a5665beedf2,clone3.wav,một trăm năm mươi tư,work,1,usable,user4,2026-05-25T08:41:38.516322+00:00,1,/kaggle/working/asr_quality_classifier/data/audio/data2/50009320251107103456_011_830ad98c-10c4-4de2-a154-0a5665beedf2/clone3.wav,1,0,0.74,False Negative,0.26
user7,50009320251107103456_011_830ad98c-10c4-4de2-a154-0a5665beedf2/clone7.wav,50009320251107103456_011_830ad98c-10c4-4de2-a154-0a5665beedf2,clone7.wav,một trăm năm mươi tư,work,1,usable,user7,2026-05-26T03:23:20.023033+00:00,1,/kaggle/working/asr_quality_classifier/data/audio/data2/50009320251107103456_011_830ad98c-10c4-4de2-a154-0a5665beedf2/clone7.wav,1,0,0.74,False Negative,0.26
user5,50007220251107123223_003_89af562c-b7d5-42c6-adc0-6c259198e5d3/clone7.wav,50007220251107123223_003_89af562c-b7d5-42c6-adc0-6c259198e5d3,clone7.wav,"giờ có khi là nó còn không vào được á, có nghĩa là không ấy không vào được",work,1,usable,user5,2026-05-26T04:25:28.752949+00:00,1,/kaggle/working/asr_quality_classifier/data/audio/data2/50007220251107123223_003_89af562c-b7d5-42c6-adc0-6c259198e5d3/clone7.wav,1,0,0.74,False Negative,0.26
user4,50007220251107123223_005_d7e8859c-82b0-47b4-ba92-a25a105edb4c/clone1.wav,50007220251107123223_005_d7e8859c-82b0-47b4-ba92-a25a105edb4c,clone1.wav,à anh để qua đêm xong sáng ra là không mở được cửa bằng bằng bằng chìa điện tử đúng không anh? tóm lại là ắc quy không còn điện nữa bác ạ,work,1,usable,user4,2026-05-25T09:03:08.364103+00:00,1,/kaggle/working/asr_quality_classifier/data/audio/data2/50007220251107123223_005_d7e8859c-82b0-47b4-ba92-a25a105edb4c/clone1.wav,1,0,0.74,False Negative,0.26
user3,50007220251107123223_005_d7e8859c-82b0-47b4-ba92-a25a105edb4c/clone8.wav,50007220251107123223_005_d7e8859c-82b0-47b4-ba92-a25a105edb4c,clone8.wav,à anh để qua đêm xong sáng ra là không mở được cửa bằng bằng bằng chìa điện tử đúng không anh? tóm lại là ắc quy không còn điện nữa bác ạ,work,1,usable,user3,2026-05-25T08:39:31.146736+00:00,1,/kaggle/working/asr_quality_classifier/data/audio/data2/50007220251107123223_005_d7e8859c-82b0-47b4-ba92-a25a105edb4c/clone8.wav,1,0,0.74,False Negative,0.26
user6,50007220251107123223_007_030fea77-08b7-4dfe-8d06-a097b8da2c8e/clone3.wav,50007220251107123223_007_030fea77-08b7-4dfe-8d06-a097b8da2c8e,clone3.wav,đây là lần đầu đúng không anh? à cho em hỏi thêm chút là không biết xe anh có lắp thêm thiết bị nào ngoại vi không anh? như là ca-mê-ra hành trình hoặc là đèn e-lờ ê đê các thứ mà không thuộc về xe đấy anh?,work,1,usable,user6,2026-05-25T07:46:42.384075+00:00,1,/kaggle/working/asr_quality_classifier/data/audio/data2/50007220251107123223_007_030fea77-08b7-4dfe-8d06-a097b8da2c8e/clone3.wav,1,0,0.74,False Negative,0.26
user2,50007220251110141140_000_11070020-59df-4904-8395-9c0c3e3397e2/clone2.wav,50007220251110141140_000_11070020-59df-4904-8395-9c0c3e3397e2,clone2.wav,"a-lô, ạ em chào anh là phương gọi cho anh tư vấn kỹ thuật của vinfast anh ạ à à dạ anh ơi em có nhận được thông tin là xe của anh khi à xe vê ép sáu của anh khi sạc ở trụ sạc một trăm hai mươi trở lên là xe bị báo lỗi đúng không anh? đúng rồi à dạ không biết là tình trạng hiện tại là bây giờ anh có đang bị lỗi nữa không anh nhỉ? đúng rồi, đúng rồi",work,1,usable,user2,2026-05-25T04:43:53.263276+00:00,1,/kaggle/working/asr_quality_classifier/data/audio/data2/50007220251110141140_000_11070020-59df-4904-8395-9c0c3e3397e2/clone2.wav,1,0,0.74,False Negative,0.26
user1,50007220251110141140_000_11070020-59df-4904-8395-9c0c3e3397e2/clone7.wav,50007220251110141140_000_11070020-59df-4904-8395-9c0c3e3397e2,clone7.wav,"a-lô, ạ em chào anh là phương gọi cho anh tư vấn kỹ thuật của vinfast anh ạ à à dạ anh ơi em có nhận được thông tin là xe của anh khi à xe vê ép sáu của anh khi sạc ở trụ sạc một trăm hai mươi trở lên là xe bị báo lỗi đúng không anh? đúng rồi à dạ không biết là tình trạng hiện tại là bây giờ anh có đang bị lỗi nữa không anh nhỉ? đúng rồi, đúng rồi",work,1,usable,user1,2026-05-26T03:04:07.581862+00:00,1,/kaggle/working/asr_quality_classifier/data/audio/data2/50007220251110141140_000_11070020-59df-4904-8395-9c0c3e3397e2/clone7.wav,1,0,0.74,False Negative,0.26
user1,50009320251107103456_001_0b53c4ce-c6b4-4f5f-a84b-a6379c7a73cb/clone3.wav,50009320251107103456_001_0b53c4ce-c6b4-4f5f-a84b-a6379c7a73cb,clone3.wav,"mình chuyển đại lý để em nhận xe á dạ, anh muốn chuyển về đâu ạ anh? à mà mình mình đặt cọc là ở tiền giang nhưng bây giờ mình mình muốn chuyển về sài gòn để mình nhận luôn rồi, mình muốn chuyển về đại lý nào thế mình liên hệ được với đại lý nào ở sài gòn chứ ạ? mình có đại lý là đại lý là công nghệ xanh ở",work,1,usable,user1,2026-05-25T08:53:05.532370+00:00,1,/kaggle/working/asr_quality_classifier/data/audio/data2/50009320251107103456_001_0b53c4ce-c6b4-4f5f-a84b-a6379c7a73cb/clone3.wav,1,0,0.74,False Negative,0.26
user7,50009320251107103456_003_ae79bf19-4596-45aa-bc45-fcdc521b0119/clone1.wav,50009320251107103456_003_ae79bf19-4596-45aa-bc45-fcdc521b0119,clone1.wav,"rồi, mình muốn chuyển về đại lý công nghệ xanh đợi em một chút đúng rồi, vinfast công nghệ xanh",work,1,usable,user7,2026-05-26T03:37:16.148707+00:00,1,/kaggle/working/asr_quality_classifier/data/audio/data2/50009320251107103456_003_ae79bf19-4596-45aa-bc45-fcdc521b0119/clone1.wav,1,0,0.74,False Negative,0.26
user5,50009320251107103456_003_ae79bf19-4596-45aa-bc45-fcdc521b0119/clone8.wav,50009320251107103456_003_ae79bf19-4596-45aa-bc45-fcdc521b0119,clone8.wav,"rồi, mình muốn chuyển về đại lý công nghệ xanh đợi em một chút đúng rồi, vinfast công nghệ xanh",work,1,usable,user5,2026-05-26T04:45:48.690290+00:00,1,/kaggle/working/asr_quality_classifier/data/audio/data2/50009320251107103456_003_ae79bf19-4596-45aa-bc45-fcdc521b0119/clone8.wav,1,0,0.74,False Negative,0.26
user7,50009320251107103456_005_8784fd4f-afca-4aa8-9c1f-f34c7090ab7f/clone8.wav,50009320251107103456_005_8784fd4f-afca-4aa8-9c1f-f34c7090ab7f,clone8.wav,"một trăm năm mươi hai, một trăm năm mươi tư nguyễn chí phương",work,1,usable,user7,2026-05-25T08:45:50.861550+00:00,1,/kaggle/working/asr_quality_classifier/data/audio/data2/50009320251107103456_005_8784fd4f-afca-4aa8-9c1f-f34c7090ab7f/clone8.wav,1,0,0.74,False Negative,0.26
user7,50009320251107103456_007_58c8828b-a75e-4432-8aab-9c74d714fc31/clone5.wav,50009320251107103456_007_58c8828b-a75e-4432-8aab-9c74d714fc31,clone5.wav,"rồi, em thấy thông tin đây rồi nhá, để em sẽ báo bên phía cái bên a tiền giang ấy họ chuyển bin cho anh về về phía công nghệ xanh này nhá, khi nào chuyển được ấy thì em sẽ liên hệ em báo với anh thanh nhá dạ vâng, khi nào báo được nhá anh dạ dạ vâng, rồi em cảm ơn anh chào anh ạ",work,1,usable,user7,2026-05-26T03:24:37.439827+00:00,1,/kaggle/working/asr_quality_classifier/data/audio/data2/50009320251107103456_007_58c8828b-a75e-4432-8aab-9c74d714fc31/clone5.wav,1,0,0.74,False Negative,0.26
user2,50009320251107103456_007_58c8828b-a75e-4432-8aab-9c74d714fc31/clone6.wav,50009320251107103456_007_58c8828b-a75e-4432-8aab-9c74d714fc31,clone6.wav,"rồi, em thấy thông tin đây rồi nhá, để em sẽ báo bên phía cái bên a tiền giang ấy họ chuyển bin cho anh về về phía công nghệ xanh này nhá, khi nào chuyển được ấy thì em sẽ liên hệ em báo với anh thanh nhá dạ vâng, khi nào báo được nhá anh dạ dạ vâng, rồi em cảm ơn anh chào anh ạ",work,1,usable,user2,2026-05-26T02:02:59.945812+00:00,1,/kaggle/working/asr_quality_classifier/data/audio/data2/50009320251107103456_007_58c8828b-a75e-4432-8aab-9c74d714fc31/clone6.wav,1,0,0.74,False Negative,0.26
user7,50009320251107103456_009_1fc20403-226f-445c-874f-6059814d1764/clone1.wav,50009320251107103456_009_1fc20403-226f-445c-874f-6059814d1764,clone1.wav,một trăm năm mươi tư,work,1,usable,user7,2026-05-26T03:24:02.340331+00:00,1,/kaggle/working/asr_quality_classifier/data/audio/data2/50009320251107103456_009_1fc20403-226f-445c-874f-6059814d1764/clone1.wav,1,0,0.74,False Negative,0.26
user3,50009320251107103456_009_1fc20403-226f-445c-874f-6059814d1764/clone3.wav,50009320251107103456_009_1fc20403-226f-445c-874f-6059814d1764,clone3.wav,một trăm năm mươi tư,work,1,usable,user3,2026-05-25T08:04:02.208692+00:00,1,/kaggle/working/asr_quality_classifier/data/audio/data2/50009320251107103456_009_1fc20403-226f-445c-874f-6059814d1764/clone3.wav,1,0,0.74,False Negative,0.26
user4,50009120251112203550_004_453ba522-4323-40ee-b28e-8ad649ed35e6/clone1.wav,50009120251112203550_004_453ba522-4323-40ee-b28e-8ad649ed35e6,clone1.wav,để chị chị xem lại nhá vâng,work,1,usable,user4,2026-05-26T02:12:07.913346+00:00,1,/kaggle/working/asr_quality_classifier/data/audio/data2/50009120251112203550_004_453ba522-4323-40ee-b28e-8ad649ed35e6/clone1.wav,1,0,0.74,False Negative,0.26
user3,50009120251112203550_004_453ba522-4323-40ee-b28e-8ad649ed35e6/clone2.wav,50009120251112203550_004_453ba522-4323-40ee-b28e-8ad649ed35e6,clone2.wav,để chị chị xem lại nhá vâng,work,1,usable,user3,2026-05-25T07:35:22.657163+00:00,1,/kaggle/working/asr_quality_classifier/data/audio/data2/50009120251112203550_004_453ba522-4323-40ee-b28e-8ad649ed35e6/clone2.wav,1,0,0.74,False Negative,0.26
user7,50009120251112203550_004_453ba522-4323-40ee-b28e-8ad649ed35e6/clone6.wav,50009120251112203550_004_453ba522-4323-40ee-b28e-8ad649ed35e6,clone6.wav,để chị chị xem lại nhá vâng,work,1,usable,user7,2026-05-25T07:20:27.073352+00:00,1,/kaggle/working/asr_quality_classifier/data/audio/data2/50009120251112203550_004_453ba522-4323-40ee-b28e-8ad649ed35e6/clone6.wav,1,0,0.74,False Negative,0.26
user4,50009320251104122717_002_1bebd8d3-2f8f-454c-8c79-03890fbad7ae/clone3.wav,50009320251104122717_002_1bebd8d3-2f8f-454c-8c79-03890fbad7ae,clone3.wav,"vâng, đợi em một chút, để em kiểm tra",work,1,usable,user4,2026-05-26T02:28:31.310110+00:00,1,/kaggle/working/asr_quality_classifier/data/audio/data2/50009320251104122717_002_1bebd8d3-2f8f-454c-8c79-03890fbad7ae/clone3.wav,1,0,0.74,False Negative,0.26
user5,50009320251104122717_013_0bafa201-d9be-40bb-98ec-47a780249308/clone2.wav,50009320251104122717_013_0bafa201-d9be-40bb-98ec-47a780249308,clone2.wav,"dạ vâng, em cảm ơn chị, em chào chị",work,1,usable,user5,2026-05-25T08:51:04.536815+00:00,1,/kaggle/working/asr_quality_classifier/data/audio/data2/50009320251104122717_013_0bafa201-d9be-40bb-98ec-47a780249308/clone2.wav,1,0,0.74,False Negative,0.26
user5,50009320251104122717_013_0bafa201-d9be-40bb-98ec-47a780249308/clone3.wav,50009320251104122717_013_0bafa201-d9be-40bb-98ec-47a780249308,clone3.wav,"dạ vâng, em cảm ơn chị, em chào chị",work,1,usable,user5,2026-05-25T08:05:01.327184+00:00,1,/kaggle/working/asr_quality_classifier/data/audio/data2/50009320251104122717_013_0bafa201-d9be-40bb-98ec-47a780249308/clone3.wav,1,0,0.74,False Negative,0.26
user3,50009320251104122717_013_0bafa201-d9be-40bb-98ec-47a780249308/clone5.wav,50009320251104122717_013_0bafa201-d9be-40bb-98ec-47a780249308,clone5.wav,"dạ vâng, em cảm ơn chị, em chào chị",work,1,usable,user3,2026-05-25T08:05:31.164263+00:00,1,/kaggle/working/asr_quality_classifier/data/audio/data2/50009320251104122717_013_0bafa201-d9be-40bb-98ec-47a780249308/clone5.wav,1,0,0.74,False Negative,0.26
user2,50009320251107103456_001_0b53c4ce-c6b4-4f5f-a84b-a6379c7a73cb/clone2.wav,50009320251107103456_001_0b53c4ce-c6b4-4f5f-a84b-a6379c7a73cb,clone2.wav,"mình chuyển đại lý để em nhận xe á dạ, anh muốn chuyển về đâu ạ anh? à mà mình mình đặt cọc là ở tiền giang nhưng bây giờ mình mình muốn chuyển về sài gòn để mình nhận luôn rồi, mình muốn chuyển về đại lý nào thế mình liên hệ được với đại lý nào ở sài gòn chứ ạ? mình có đại lý là đại lý là công nghệ xanh ở",work,1,usable,user2,2026-05-26T01:43:56.799075+00:00,1,/kaggle/working/asr_quality_classifier/data/audio/data2/50009320251107103456_001_0b53c4ce-c6b4-4f5f-a84b-a6379c7a73cb/clone2.wav,1,0,0.74,False Negative,0.26
user3,50007420251110154830_004_12ee0c11-7f56-467f-b158-e03f1d79a7be/clone2.wav,50007420251110154830_004_12ee0c11-7f56-467f-b158-e03f1d79a7be,clone2.wav,cái đấy thì thông thường là sẽ trừ thẳng cho anh mà,work,1,usable,user3,2026-05-25T08:19:11.911028+00:00,1,/kaggle/working/asr_quality_classifier/data/audio/data2/50007420251110154830_004_12ee0c11-7f56-467f-b158-e03f1d79a7be/clone2.wav,1,0,0.74,False Negative,0.26
user6,50007420251110154830_006_edfafff9-a16f-48d6-bd15-ed3c9eeac3c3/clone2.wav,50007420251110154830_006_edfafff9-a16f-48d6-bd15-ed3c9eeac3c3,clone2.wav,bây giờ người ta bảo là phải đẩy cái gì mà cái mã nhân viên hay là cái mã của nhân viên gì ấy về cho đại lý thì bên đại lý mới chuyển tiền cho em ấy,work,1,usable,user6,2026-05-25T09:40:43.598151+00:00,1,/kaggle/working/asr_quality_classifier/data/audio/data2/50007420251110154830_006_edfafff9-a16f-48d6-bd15-ed3c9eeac3c3/clone2.wav,1,0,0.74,False Negative,0.26
user7,50007420251110154830_006_edfafff9-a16f-48d6-bd15-ed3c9eeac3c3/clone4.wav,50007420251110154830_006_edfafff9-a16f-48d6-bd15-ed3c9eeac3c3,clone4.wav,bây giờ người ta bảo là phải đẩy cái gì mà cái mã nhân viên hay là cái mã của nhân viên gì ấy về cho đại lý thì bên đại lý mới chuyển tiền cho em ấy,work,1,usable,user7,2026-05-26T02:58:07.643122+00:00,1,/kaggle/working/asr_quality_classifier/data/audio/data2/50007420251110154830_006_edfafff9-a16f-48d6-bd15-ed3c9eeac3c3/clone4.wav,1,0,0.74,False Negative,0.26
user2,50007420251110154830_006_edfafff9-a16f-48d6-bd15-ed3c9eeac3c3/clone8.wav,50007420251110154830_006_edfafff9-a16f-48d6-bd15-ed3c9eeac3c3,clone8.wav,bây giờ người ta bảo là phải đẩy cái gì mà cái mã nhân viên hay là cái mã của nhân viên gì ấy về cho đại lý thì bên đại lý mới chuyển tiền cho em ấy,work,1,usable,user2,2026-05-25T08:28:21.782844+00:00,1,/kaggle/working/asr_quality_classifier/data/audio/data2/50007420251110154830_006_edfafff9-a16f-48d6-bd15-ed3c9eeac3c3/clone8.wav,1,0,0.74,False Negative,0.26
user7,50007420251112155836_001_55052fc7-2a19-4baa-b084-0f76a8e4a452/clone2.wav,50007420251112155836_001_55052fc7-2a19-4baa-b084-0f76a8e4a452,clone2.wav,hóa đơn giá trị gia tăng của chị là ngày hai mươi mốt tháng năm á? vâng đúng rồi chị ơi hóa đơn giá trị gia tăng của em là ngày hai mươi mốt tháng năm chị ạ chị gửi cho em cái đấy lên đây ờ ừm chị gửi qua số điện thoại này hả chị? ờ dạ không ạ nếu như mà được chị gửi cho em qua mêu hoặc là qua áp được không? qua áp lai chị có số điện thoại za-lô không ạ? bên em dùng điện thoại bàn bên em không hỗ trợ được qua za-lô chị ạ thì nếu như mà được thì chị gửi qua mêu cho em hoặc là gửi qua áp giúp em,work,1,usable,user7,2026-05-26T03:12:06.313148+00:00,1,/kaggle/working/asr_quality_classifier/data/audio/data2/50007420251112155836_001_55052fc7-2a19-4baa-b084-0f76a8e4a452/clone2.wav,1,0,0.74,False Negative,0.26
user6,50009120251110113027_011_2e1a4aac-27c0-45c5-a706-0264a69b5a82/clone1.wav,50009120251110113027_011_2e1a4aac-27c0-45c5-a706-0264a69b5a82,clone1.wav,cho anh gọi luôn số cửa hàng trưởng đi,work,1,usable,user6,2026-05-25T05:17:16.341645+00:00,1,/kaggle/working/asr_quality_classifier/data/audio/data2/50009120251110113027_011_2e1a4aac-27c0-45c5-a706-0264a69b5a82/clone1.wav,1,0,0.74,False Negative,0.26
user3,50009120251110113027_011_2e1a4aac-27c0-45c5-a706-0264a69b5a82/clone2.wav,50009120251110113027_011_2e1a4aac-27c0-45c5-a706-0264a69b5a82,clone2.wav,cho anh gọi luôn số cửa hàng trưởng đi,work,1,usable,user3,2026-05-26T03:03:52.185327+00:00,1,/kaggle/working/asr_quality_classifier/data/audio/data2/50009120251110113027_011_2e1a4aac-27c0-45c5-a706-0264a69b5a82/clone2.wav,1,0,0.74,False Negative,0.26
user3,50009120251110113027_018_a5fbb921-f9ad-427f-aa94-be2cab730df7/clone6.wav,50009120251110113027_018_a5fbb921-f9ad-427f-aa94-be2cab730df7,clone6.wav,vâng vâng dạ vâng em chào anh,work,1,usable,user3,2026-05-25T05:19:37.186920+00:00,1,/kaggle/working/asr_quality_classifier/data/audio/data2/50009120251110113027_018_a5fbb921-f9ad-427f-aa94-be2cab730df7/clone6.wav,1,0,0.74,False Negative,0.26
user4,50009420251104115029_001_765bad3c-5729-4a21-8447-6ab312153e0d/clone1.wav,50009420251104115029_001_765bad3c-5729-4a21-8447-6ab312153e0d,clone1.wav,"nhưng mà xe bên ngoài thôi bây giờ á là nó bể két nước đồ các thứ rồi vâng ừm, mà bây giờ đang gọi công an tới thì bạn hỗ trợ mình bây giờ cái quy trình để mình xử lý cái ca này như thế nào ta? vâng, tức là nếu như thế thì cho em hỏi là xe mình có bảo hiểm không? có, có bảo hiểm vâng, thì mình nên báo bảo hiểm trước anh ạ có thể trường hợp của mình thì công an sẽ yêu cầu kéo về công an nhưng nếu mà không phải về công an thì bên em sẽ gọi xưởng dịch vụ bên em nát bái đầu rồi, nát bái đầu rồi cái này chỉ có kéo về công an thôi à, thế nếu mà phải kéo về công an trước thì mình làm việc với công an còn khi mà làm việc xong bên đó thì bên em sẽ hỗ trợ kéo xe anh về xưởng dịch vụ để xử lý sửa chữa à, là mọi chi phí phí là bên bảo hiểm và bên sai sẽ phải chịu đúng không? ờ, em thì không rõ cái đó nhưng mà với vinfast thì bên em sẽ hỗ trợ kéo xe anh miễn phí ờ chiều về xưởng dịch vụ để sửa chữa trong thời gian bảo hành của xe là mười năm hoặc là xe chưa đi quá hai trăm nghìn ki-lô-mét rồi vâng",work,1,usable,user4,2026-05-25T04:58:17.538967+00:00,1,/kaggle/working/asr_quality_classifier/data/audio/data2/50009420251104115029_001_765bad3c-5729-4a21-8447-6ab312153e0d/clone1.wav,1,0,0.74,False Negative,0.26
user1,50009420251105200908_000_6f36da90-6511-44f9-ae93-a196d6f55a20/clone3.wav,50009420251105200908_000_6f36da90-6511-44f9-ae93-a196d6f55a20,clone3.wav,"a-lô vâng, em ở tổng đài vinfast ạ ừ anh thấy mình gọi đến bên em ạ anh cần hỗ trợ gì không anh?",work,1,usable,user1,2026-05-26T02:02:49.146641+00:00,1,/kaggle/working/asr_quality_classifier/data/audio/data2/50009420251105200908_000_6f36da90-6511-44f9-ae93-a196d6f55a20/clone3.wav,1,0,0.74,False Negative,0.26
user5,50009420251105200908_004_edbd54fe-893b-426a-bd86-f0124a3d1501/clone2.wav,50009420251105200908_004_edbd54fe-893b-426a-bd86-f0124a3d1501,clone2.wav,"tức là nếu mà mua xe thì hỗ trợ vay trả góp thôi anh ạ chứ vay tiền thì không hỗ trợ anh ạ à, thế à? vâng ừ, ừ, ừ, ừ thế à? tại vì cơ bản là anh xin lỗi là tại vì là anh thấy đầu số này người ta người ta đang bảo là sợ lừa đảo người ta đang kiến nghị ở công an phường nhà anh nên đang kiến nghị là cái đầu số hai mươi tư người ta không không không liên hệ đâm anh thấy nó lạ lắm anh không biết là anh em là vâng, em thấy mình có cần mình gọi bên em lúc bảy giờ chín phút anh có cần hỗ trợ gì không anh? em ghi nhận còn nếu không thì thôi em xin phép cúp máy ạ anh anh là anh đang muốn là bên vinfast là cho chuyển đến cục sạc về tận nhà anh đăng ký gói cước đấy là gói gói cục sạc đấy thì không còn hỗ trợ không em?",work,1,usable,user5,2026-05-25T07:20:14.998579+00:00,1,/kaggle/working/asr_quality_classifier/data/audio/data2/50009420251105200908_004_edbd54fe-893b-426a-bd86-f0124a3d1501/clone2.wav,1,0,0.74,False Negative,0.26
user2,50009420251106122418_000_df3272f8-9f57-44b9-93be-1a3568f90d78/clone4.wav,50009420251106122418_000_df3272f8-9f57-44b9-93be-1a3568f90d78,clone4.wav,"dạ a-lô, vâng em ở tổng đài vinfast ạ",work,1,usable,user2,2026-05-26T01:57:57.387746+00:00,1,/kaggle/working/asr_quality_classifier/data/audio/data2/50009420251106122418_000_df3272f8-9f57-44b9-93be-1a3568f90d78/clone4.wav,1,0,0.74,False Negative,0.26
user5,50009420251106122418_001_1f6af70d-7c2c-42f7-b2c3-90b4d6e0884e/clone2.wav,50009420251106122418_001_1f6af70d-7c2c-42f7-b2c3-90b4d6e0884e,clone2.wav,"dạ vâng, em thấy mình gọi đến bên em, anh cần hỗ trợ gì không ạ?",work,1,usable,user5,2026-05-25T05:22:06.846893+00:00,1,/kaggle/working/asr_quality_classifier/data/audio/data2/50009420251106122418_001_1f6af70d-7c2c-42f7-b2c3-90b4d6e0884e/clone2.wav,1,0,0.74,False Negative,0.26
user1,50009420251106122418_001_1f6af70d-7c2c-42f7-b2c3-90b4d6e0884e/clone5.wav,50009420251106122418_001_1f6af70d-7c2c-42f7-b2c3-90b4d6e0884e,clone5.wav,"dạ vâng, em thấy mình gọi đến bên em, anh cần hỗ trợ gì không ạ?",work,1,usable,user1,2026-05-26T04:08:43.284113+00:00,1,/kaggle/working/asr_quality_classifier/data/audio/data2/50009420251106122418_001_1f6af70d-7c2c-42f7-b2c3-90b4d6e0884e/clone5.wav,1,0,0.74,False Negative,0.26
user4,50009420251106122418_003_2bc5eda7-044b-4132-93c1-1cdcfa9607fc/clone2.wav,50009420251106122418_003_2bc5eda7-044b-4132-93c1-1cdcfa9607fc,clone2.wav,"à vâng, anh khối anh",work,1,usable,user4,2026-05-25T08:45:40.950878+00:00,1,/kaggle/working/asr_quality_classifier/data/audio/data2/50009420251106122418_003_2bc5eda7-044b-4132-93c1-1cdcfa9607fc/clone2.wav,1,0,0.74,False Negative,0.26
user2,50009420251107171031_002_42bff5a2-79ea-4c7f-9c11-a59fd92c5956/clone8.wav,50009420251107171031_002_42bff5a2-79ea-4c7f-9c11-a59fd92c5956,clone8.wav,vâng chuyển của chị hà đúng không ạ? dạ đúng rồi ạ,work,1,usable,user2,2026-05-25T08:29:18.623964+00:00,1,/kaggle/working/asr_quality_classifier/data/audio/data2/50009420251107171031_002_42bff5a2-79ea-4c7f-9c11-a59fd92c5956/clone8.wav,1,0,0.74,False Negative,0.26
user7,50009420251101095231_002_8d708631-f757-4854-aa38-90fbc6817657/clone7.wav,50009420251101095231_002_8d708631-f757-4854-aa38-90fbc6817657,clone7.wav,vâng vâng em hỏi thăm cứu hộ đã gọi cho mình chưa?,work,1,usable,user7,2026-05-26T02:23:16.457417+00:00,1,/kaggle/working/asr_quality_classifier/data/audio/data2/50009420251101095231_002_8d708631-f757-4854-aa38-90fbc6817657/clone7.wav,1,0,0.74,False Negative,0.26
user2,50009420251101095231_011_19f568cf-250a-4b1b-ace1-8e7043345000/clone6.wav,50009420251101095231_011_19f568cf-250a-4b1b-ace1-8e7043345000,clone6.wav,"tức là trịnh văn bô nhưng mà cơ sở hai của thăng lon đúng không ạ? đúng rồi, thăng thăng lon hai vâng, thế nên bảo bên phía xưởng ki-a hủy cứu hộ nhá, xong rồi bảo xưởng văn bô nhá",work,1,usable,user2,2026-05-26T03:10:59.056152+00:00,1,/kaggle/working/asr_quality_classifier/data/audio/data2/50009420251101095231_011_19f568cf-250a-4b1b-ace1-8e7043345000/clone6.wav,1,0,0.74,False Negative,0.26
user4,50009420251103170343_002_b929f427-cb4d-4d96-96b5-61731360430e/clone2.wav,50009420251103170343_002_b929f427-cb4d-4d96-96b5-61731360430e,clone2.wav,"vâng, em ở tổng đài vinfast ạ",work,1,usable,user4,2026-05-25T07:14:52.252555+00:00,1,/kaggle/working/asr_quality_classifier/data/audio/data2/50009420251103170343_002_b929f427-cb4d-4d96-96b5-61731360430e/clone2.wav,1,0,0.74,False Negative,0.26
user2,50009420251103170343_002_b929f427-cb4d-4d96-96b5-61731360430e/clone8.wav,50009420251103170343_002_b929f427-cb4d-4d96-96b5-61731360430e,clone8.wav,"vâng, em ở tổng đài vinfast ạ",work,1,usable,user2,2026-05-25T08:52:12.456144+00:00,1,/kaggle/working/asr_quality_classifier/data/audio/data2/50009420251103170343_002_b929f427-cb4d-4d96-96b5-61731360430e/clone8.wav,1,0,0.74,False Negative,0.26
user1,50009420251103170343_006_bc386ccb-e199-4ce7-a158-2d889bd0061a/clone7.wav,50009420251103170343_006_bc386ccb-e199-4ce7-a158-2d889bd0061a,clone7.wav,bây giờ là anh có mua xe vê ép hai nghìn tám trăm hai mươi lăm rồi nhưng mà tính mua theo cục pin mà nghê nói mai mốt là mình có trạm đổi pin của bên em,work,1,usable,user1,2026-05-26T03:01:29.815371+00:00,1,/kaggle/working/asr_quality_classifier/data/audio/data2/50009420251103170343_006_bc386ccb-e199-4ce7-a158-2d889bd0061a/clone7.wav,1,0,0.74,False Negative,0.26
user2,50009420251103170343_018_d9f1312b-886e-44e6-8acd-7fb6c7bdb68a/clone4.wav,50009420251103170343_018_d9f1312b-886e-44e6-8acd-7fb6c7bdb68a,clone4.wav,ờ lát nữa em gọi anh ạ em cảm ơn nha vâng anh chào anh cảm ơn anh,work,1,usable,user2,2026-05-26T01:57:08.533584+00:00,1,/kaggle/working/asr_quality_classifier/data/audio/data2/50009420251103170343_018_d9f1312b-886e-44e6-8acd-7fb6c7bdb68a/clone4.wav,1,0,0.74,False Negative,0.26
user4,50009420251104105154_001_88de94fe-614a-43a9-b8c1-2a413e7e4d4f/clone4.wav,50009420251104105154_001_88de94fe-614a-43a9-b8c1-2a413e7e4d4f,clone4.wav,"mình đang dùng xe máy điện thuê hả chị? dạ, thuê pin vâng, thuê xe gì ạ? à, phê-lích phê-lích s ạ? phê-lích s dạ vâng đối với xe của chị thì trường mình muốn làm thủ tục chuyển từ pin thuê sang pin mua, chủ xe vui lòng mang giúp em giấy tờ xe là đăng ký cùng căn cước công dân qua bên phía đại lý xe máy điện vinfast thì dạ vâng",work,1,usable,user4,2026-05-26T03:15:09.071826+00:00,1,/kaggle/working/asr_quality_classifier/data/audio/data2/50009420251104105154_001_88de94fe-614a-43a9-b8c1-2a413e7e4d4f/clone4.wav,1,0,0.74,False Negative,0.26
user4,50009420251104105154_001_88de94fe-614a-43a9-b8c1-2a413e7e4d4f/clone8.wav,50009420251104105154_001_88de94fe-614a-43a9-b8c1-2a413e7e4d4f,clone8.wav,"mình đang dùng xe máy điện thuê hả chị? dạ, thuê pin vâng, thuê xe gì ạ? à, phê-lích phê-lích s ạ? phê-lích s dạ vâng đối với xe của chị thì trường mình muốn làm thủ tục chuyển từ pin thuê sang pin mua, chủ xe vui lòng mang giúp em giấy tờ xe là đăng ký cùng căn cước công dân qua bên phía đại lý xe máy điện vinfast thì dạ vâng",work,1,usable,user4,2026-05-26T03:15:09.071968+00:00,1,/kaggle/working/asr_quality_classifier/data/audio/data2/50009420251104105154_001_88de94fe-614a-43a9-b8c1-2a413e7e4d4f/clone8.wav,1,0,0.74,False Negative,0.26
user4,50007320251108214936_013_83ae3be6-f949-4914-bf03-13fb072d161f/clone7.wav,50007320251108214936_013_83ae3be6-f949-4914-bf03-13fb072d161f,clone7.wav,mình chưa hiểu cái cái hỗ trợ đấy như thế nào ấy,work,1,usable,user4,2026-05-25T08:54:27.787351+00:00,1,/kaggle/working/asr_quality_classifier/data/audio/data2/50007320251108214936_013_83ae3be6-f949-4914-bf03-13fb072d161f/clone7.wav,1,0,0.74,False Negative,0.26
user1,50007320251110193054_009_1855be31-12ee-4e79-9b7f-462ef7818114/clone6.wav,50007320251110193054_009_1855be31-12ee-4e79-9b7f-462ef7818114,clone6.wav,em mở phú quốc kiên giang phú quốc an dương,work,1,usable,user1,2026-05-25T09:12:19.292764+00:00,1,/kaggle/working/asr_quality_classifier/data/audio/data2/50007320251110193054_009_1855be31-12ee-4e79-9b7f-462ef7818114/clone6.wav,1,0,0.74,False Negative,0.26
user1,50009320251108135002_006_93170bb0-135b-4a29-9ce8-07affe1be493/clone2.wav,50009320251108135002_006_93170bb0-135b-4a29-9ce8-07affe1be493,clone2.wav,mua ô tô em ạ mua ô tô đúng ạ thuận an,work,1,usable,user1,2026-05-26T04:02:42.596910+00:00,1,/kaggle/working/asr_quality_classifier/data/audio/data2/50009320251108135002_006_93170bb0-135b-4a29-9ce8-07affe1be493/clone2.wav,1,0,0.74,False Negative,0.26
user7,50009320251108135002_006_93170bb0-135b-4a29-9ce8-07affe1be493/clone3.wav,50009320251108135002_006_93170bb0-135b-4a29-9ce8-07affe1be493,clone3.wav,mua ô tô em ạ mua ô tô đúng ạ thuận an,work,1,usable,user7,2026-05-25T08:28:27.003063+00:00,1,/kaggle/working/asr_quality_classifier/data/audio/data2/50009320251108135002_006_93170bb0-135b-4a29-9ce8-07affe1be493/clone3.wav,1,0,0.74,False Negative,0.26
user6,50009320251108135002_006_93170bb0-135b-4a29-9ce8-07affe1be493/clone4.wav,50009320251108135002_006_93170bb0-135b-4a29-9ce8-07affe1be493,clone4.wav,mua ô tô em ạ mua ô tô đúng ạ thuận an,work,1,usable,user6,2026-05-25T07:40:45.167551+00:00,1,/kaggle/working/asr_quality_classifier/data/audio/data2/50009320251108135002_006_93170bb0-135b-4a29-9ce8-07affe1be493/clone4.wav,1,0,0.74,False Negative,0.26
user7,50009320251110120936_000_b25f1005-6acf-463a-ae0d-b54099a4bbe7/clone4.wav,50009320251110120936_000_b25f1005-6acf-463a-ae0d-b54099a4bbe7,clone4.wav,alô em chào anh ạ em ở vinfast chăm sóc khách hàng vinfast em thấy mình có cuộc gọi nhỡ tổng đài thì không biết là mình đang cần hỗ trợ vấn đề gì ạ? à ừ anh mới mua cái xe vinfast mà bây giờ anh có mỗi đăng kiểm anh không biết lịch sử bảo dưỡng như nào ấy thì có tra được không hả em? cái này thì em lại không không tra được anh ạ mình mua lại hả anh? ừ mua lại mua lại xe cũ hả anh? trên cái này thì bảo dưỡng các mốc bảo dưỡng thì cứ nó cứ là mười hai nghìn ki-lô-mét anh ạ mười hai à mười hai nghìn ki-lô-mét trên một mốc bảo dưỡng anh ạ mười hai nghìn ki-lô-mét một vạn hai đúng không? dạ chạy mười vạn rồi chả biết người ta bảo dưỡng đến đâu rồi mới bảo dưỡng nhất lúc nào khi đọc số khung số máy thì có tra được không em nhỉ? cái này em không kiểm tra được anh ạ à thế ạ? mình chỉ có ra xưởng dịch vụ thì các bạn ấy mới kiểm tra được lệnh thôi ạ,work,1,usable,user7,2026-05-25T08:50:59.053542+00:00,1,/kaggle/working/asr_quality_classifier/data/audio/data2/50009320251110120936_000_b25f1005-6acf-463a-ae0d-b54099a4bbe7/clone4.wav,1,0,0.74,False Negative,0.26
user7,50009320251110120936_001_a635e25b-c4c2-4bbb-9cdc-c650f8bac1c0/clone8.wav,50009320251110120936_001_a635e25b-c4c2-4bbb-9cdc-c650f8bac1c0,clone8.wav,à nhưng mà thế thì các xưởng của bọn em có có có kiểu có linh hết với nhau không? có anh ạ các xưởng các bạn ấy kiểm tra được sửa chữa tại các xưởng khác ấy à à à thế thì có khi cứ đem ra người ta kiểm tra em ơi ở gần chỗ xi-pu-tra thì có xưởng nào nhỉ? xi-pu-tra nam thăng lon xi-pu-tra nam thăng lon,work,1,usable,user7,2026-05-26T02:07:27.540958+00:00,1,/kaggle/working/asr_quality_classifier/data/audio/data2/50009320251110120936_001_a635e25b-c4c2-4bbb-9cdc-c650f8bac1c0/clone8.wav,1,0,0.74,False Negative,0.26
user2,50009420251101095231_001_a3cd195f-1662-4dc7-b4b7-66d853fdbe24/clone2.wav,50009420251101095231_001_a3cd195f-1662-4dc7-b4b7-66d853fdbe24,clone2.wav,"a-lô vâng, em ở thăng lon vi sắt",work,1,usable,user2,2026-05-25T08:19:26.494819+00:00,1,/kaggle/working/asr_quality_classifier/data/audio/data2/50009420251101095231_001_a3cd195f-1662-4dc7-b4b7-66d853fdbe24/clone2.wav,1,0,0.74,False Negative,0.26
user2,50007320251102125322_002_bcee9b2f-e3af-436e-a481-b678ea42c948/clone5.wav,50007320251102125322_002_bcee9b2f-e3af-436e-a481-b678ea42c948,clone5.wav,"thời gian bảo dưỡng ấy dạ vâng ừ, anh muốn hỏi lại xem là như cái địa điểm của anh đây anh muốn mang xe đến cái điểm mà anh mua xe hay là đến cái điểm nào gần nhất anh có được bảo dưỡng gì không anh nhỉ? ừ, bảo dưỡng thì mình qua phía bên xưởng dịch vụ vinfast gần nhất thôi anh nhá",work,1,usable,user2,2026-05-25T09:06:11.991257+00:00,1,/kaggle/working/asr_quality_classifier/data/audio/data2/50007320251102125322_002_bcee9b2f-e3af-436e-a481-b678ea42c948/clone5.wav,1,0,0.74,False Negative,0.26
user7,50007320251107204325_002_48438eab-345e-4d02-8eb7-45bc8845e264/clone3.wav,50007320251107204325_002_48438eab-345e-4d02-8eb7-45bc8845e264,clone3.wav,"vâng, e xim xe máy điện ạ ừ ờ cái này thì mình qua giúp em phía bên xô-rum vinfast gần nhất hoặc là gọi điện cho các bạn đấy để các bạn ấy hỗ trợ chị nhá chị đăng ký qua phía bên bộ phận bán hàng của bên xô-rum chị ạ",work,1,usable,user7,2026-05-25T08:45:30.866791+00:00,1,/kaggle/working/asr_quality_classifier/data/audio/data2/50007320251107204325_002_48438eab-345e-4d02-8eb7-45bc8845e264/clone3.wav,1,0,0.74,False Negative,0.26
user3,50007320251107204325_004_64329168-09f0-48c8-b67b-adcea3a033ea/clone8.wav,50007320251107204325_004_64329168-09f0-48c8-b67b-adcea3a033ea,clone8.wav,"à không, mình gần bên mình có thể qua trực tiếp các bạn hỗ trợ chị ạ",work,1,usable,user3,2026-05-25T07:15:39.862368+00:00,1,/kaggle/working/asr_quality_classifier/data/audio/data2/50007320251107204325_004_64329168-09f0-48c8-b67b-adcea3a033ea/clone8.wav,1,0,0.74,False Negative,0.26
user7,50007320251108214936_007_84f0abfa-19e8-41fb-8014-3c646e3cac34/clone8.wav,50007320251108214936_007_84f0abfa-19e8-41fb-8014-3c646e3cac34,clone8.wav,"giờ mình bảo với ngân hàng á? vâng, em chi chi nhánh mà anh thực hiện vay á, làm việc lại với hội sở",work,1,usable,user7,2026-05-25T05:06:38.259545+00:00,1,/kaggle/working/asr_quality_classifier/data/audio/data2/50007320251108214936_007_84f0abfa-19e8-41fb-8014-3c646e3cac34/clone8.wav,1,0,0.74,False Negative,0.26
user1,50007320251108214936_008_8af257b6-5857-4b58-939c-67a594a019e3/clone5.wav,50007320251108214936_008_8af257b6-5857-4b58-939c-67a594a019e3,clone5.wav,"ờ rồi rồi, ok dạ vâng ý ý là bây giờ mình mình nhắn với cái bạn mà làm",work,1,usable,user1,2026-05-26T04:30:53.109191+00:00,1,/kaggle/working/asr_quality_classifier/data/audio/data2/50007320251108214936_008_8af257b6-5857-4b58-939c-67a594a019e3/clone5.wav,1,0,0.74,False Negative,0.26
user4,50007320251108214936_008_8af257b6-5857-4b58-939c-67a594a019e3/clone8.wav,50007320251108214936_008_8af257b6-5857-4b58-939c-67a594a019e3,clone8.wav,"ờ rồi rồi, ok dạ vâng ý ý là bây giờ mình mình nhắn với cái bạn mà làm",work,1,usable,user4,2026-05-25T08:35:24.987071+00:00,1,/kaggle/working/asr_quality_classifier/data/audio/data2/50007320251108214936_008_8af257b6-5857-4b58-939c-67a594a019e3/clone8.wav,1,0,0.74,False Negative,0.26
user3,50007320251108214936_009_f17a0206-b4ed-42b6-a72f-7c3f1d15a4dc/clone2.wav,50007320251108214936_009_f17a0206-b4ed-42b6-a72f-7c3f1d15a4dc,clone2.wav,làm việc với mình ý là thì nói chuyện như nào? làm việc lại với cả bên hội sở ạ,work,1,usable,user3,2026-05-26T04:04:30.085994+00:00,1,/kaggle/working/asr_quality_classifier/data/audio/data2/50007320251108214936_009_f17a0206-b4ed-42b6-a72f-7c3f1d15a4dc/clone2.wav,1,0,0.74,False Negative,0.26
user3,50007320251108214936_013_83ae3be6-f949-4914-bf03-13fb072d161f/clone4.wav,50007320251108214936_013_83ae3be6-f949-4914-bf03-13fb072d161f,clone4.wav,mình chưa hiểu cái cái hỗ trợ đấy như thế nào ấy,work,1,usable,user3,2026-05-25T05:23:48.985104+00:00,1,/kaggle/working/asr_quality_classifier/data/audio/data2/50007320251108214936_013_83ae3be6-f949-4914-bf03-13fb072d161f/clone4.wav,1,0,0.74,False Negative,0.26
user4,50007220251103191732_004_1a68e7ec-894d-4e59-8b85-f5ab74b9c86e/clone8.wav,50007220251103191732_004_1a68e7ec-894d-4e59-8b85-f5ab74b9c86e,clone8.wav,xe anh đi đến đấy dừng lại và lúc sau anh ra anh đi lại thì không vào được,work,1,usable,user4,2026-05-25T06:47:19.701209+00:00,1,/kaggle/working/asr_quality_classifier/data/audio/data2/50007220251103191732_004_1a68e7ec-894d-4e59-8b85-f5ab74b9c86e/clone8.wav,1,0,0.74,False Negative,0.26
user5,50007220251104120341_005_6b1a59d3-7f58-4f05-b050-ce158343edf6/clone6.wav,50007220251104120341_005_6b1a59d3-7f58-4f05-b050-ce158343edf6,clone6.wav,dạ vâng vậy trên màn hình có hiển thị lỗi gì không anh nhỉ? nó chỉ để là không nhận chìa không có chìa khóa thôi,work,1,usable,user5,2026-05-26T03:42:37.685050+00:00,1,/kaggle/working/asr_quality_classifier/data/audio/data2/50007220251104120341_005_6b1a59d3-7f58-4f05-b050-ce158343edf6/clone6.wav,1,0,0.74,False Negative,0.26
user1,50007220251104120341_005_6b1a59d3-7f58-4f05-b050-ce158343edf6/clone7.wav,50007220251104120341_005_6b1a59d3-7f58-4f05-b050-ce158343edf6,clone7.wav,dạ vâng vậy trên màn hình có hiển thị lỗi gì không anh nhỉ? nó chỉ để là không nhận chìa không có chìa khóa thôi,work,1,usable,user1,2026-05-26T04:41:14.089211+00:00,1,/kaggle/working/asr_quality_classifier/data/audio/data2/50007220251104120341_005_6b1a59d3-7f58-4f05-b050-ce158343edf6/clone7.wav,1,0,0.74,False Negative,0.26
user5,50007220251104120341_009_4def4b62-a442-4cf7-93db-ca98857c33c2/clone4.wav,50007220251104120341_009_4def4b62-a442-4cf7-93db-ca98857c33c2,clone4.wav,giê pê ét là định vị hả? dạ đúng rồi anh ạ,work,1,usable,user5,2026-05-25T09:05:36.157518+00:00,1,/kaggle/working/asr_quality_classifier/data/audio/data2/50007220251104120341_009_4def4b62-a442-4cf7-93db-ca98857c33c2/clone4.wav,1,0,0.74,False Negative,0.26
user5,50007220251106115127_000_e64aef3f-1c63-49a6-acfa-e64b05ae5f33/clone4.wav,50007220251106115127_000_e64aef3f-1c63-49a6-acfa-e64b05ae5f33,clone4.wav,"a-lô em chào anh bảo, em là phương gọi đến anh từ chăm sóc khách hàng của vinfast anh ạ",work,1,usable,user5,2026-05-25T08:58:11.527928+00:00,1,/kaggle/working/asr_quality_classifier/data/audio/data2/50007220251106115127_000_e64aef3f-1c63-49a6-acfa-e64b05ae5f33/clone4.wav,1,0,0.74,False Negative,0.26
user3,50007220251106115127_000_e64aef3f-1c63-49a6-acfa-e64b05ae5f33/clone7.wav,50007220251106115127_000_e64aef3f-1c63-49a6-acfa-e64b05ae5f33,clone7.wav,"a-lô em chào anh bảo, em là phương gọi đến anh từ chăm sóc khách hàng của vinfast anh ạ",work,1,usable,user3,2026-05-26T03:03:46.213521+00:00,1,/kaggle/working/asr_quality_classifier/data/audio/data2/50007220251106115127_000_e64aef3f-1c63-49a6-acfa-e64b05ae5f33/clone7.wav,1,0,0.74,False Negative,0.26
user1,50007220251106115127_004_9ad4e780-4bcc-4580-b0f8-4a703db8cb48/clone1.wav,50007220251106115127_004_9ad4e780-4bcc-4580-b0f8-4a703db8cb48,clone1.wav,tối lên thành phố là còn khoảng mười bảy a,work,1,usable,user1,2026-05-25T08:21:01.218773+00:00,1,/kaggle/working/asr_quality_classifier/data/audio/data2/50007220251106115127_004_9ad4e780-4bcc-4580-b0f8-4a703db8cb48/clone1.wav,1,0,0.74,False Negative,0.26
user4,50007220251107123223_000_edd794b9-4569-41a7-be9f-a983e4df9c53/clone2.wav,50007220251107123223_000_edd794b9-4569-41a7-be9f-a983e4df9c53,clone2.wav,"a-lô dạ em chào anh toàn, em là phương gọi cho anh thì chăm sóc khách hàng của vinfast anh ạ ừm dạ anh ơi, xe vinfast của anh có gọi cứu hộ lúc sáng ấy, không biết các bạn đã cứu hộ xe của anh về xưởng chưa anh? có nghĩa là khả năng không anh lại phải gọi thợ mở khóa đấy à dạ vâng, tức là anh gọi thợ bên ngoài để mở khóa hả anh? thợ mở khóa xong bắt đầu là mở nắp capo xong bắt đầu gọi thuê thợ kích",work,1,usable,user4,2026-05-25T06:46:23.846653+00:00,1,/kaggle/working/asr_quality_classifier/data/audio/data2/50007220251107123223_000_edd794b9-4569-41a7-be9f-a983e4df9c53/clone2.wav,1,0,0.74,False Negative,0.26
user5,50007220251101154858_003_1bea8561-f3cf-441a-a8c8-c08ef852421b/clone1.wav,50007220251101154858_003_1bea8561-f3cf-441a-a8c8-c08ef852421b,clone1.wav,à dạ vâng thì nó nhiều lúc nó sẽ bị bị nhiễu sóng ấy anh xe không nhận được ấy à vâng thì xe ở trong ở trong cái xe ở trong hốc nước sẽ có một cái tín hiệu anten có một cái tín anten nhận ở trong đấy thì anh nếu như gặp trường hợp tương tự thì anh có thể tìm các góc để anh bấm đi chìa cho chìa thẳng vào trong anten ấy anh thì nó sẽ tín hiệu sóng nó sẽ tốt hơn ấy ở chỗ nào anh nhỉ? ở trong hốc nước ấy anh,work,1,usable,user5,2026-05-26T04:29:13.238681+00:00,1,/kaggle/working/asr_quality_classifier/data/audio/data2/50007220251101154858_003_1bea8561-f3cf-441a-a8c8-c08ef852421b/clone1.wav,1,0,0.74,False Negative,0.26
user7,50007220251101154858_003_1bea8561-f3cf-441a-a8c8-c08ef852421b/clone3.wav,50007220251101154858_003_1bea8561-f3cf-441a-a8c8-c08ef852421b,clone3.wav,à dạ vâng thì nó nhiều lúc nó sẽ bị bị nhiễu sóng ấy anh xe không nhận được ấy à vâng thì xe ở trong ở trong cái xe ở trong hốc nước sẽ có một cái tín hiệu anten có một cái tín anten nhận ở trong đấy thì anh nếu như gặp trường hợp tương tự thì anh có thể tìm các góc để anh bấm đi chìa cho chìa thẳng vào trong anten ấy anh thì nó sẽ tín hiệu sóng nó sẽ tốt hơn ấy ở chỗ nào anh nhỉ? ở trong hốc nước ấy anh,work,1,usable,user7,2026-05-26T02:02:26.657662+00:00,1,/kaggle/working/asr_quality_classifier/data/audio/data2/50007220251101154858_003_1bea8561-f3cf-441a-a8c8-c08ef852421b/clone3.wav,1,0,0.74,False Negative,0.26
user7,50007220251101154858_003_1bea8561-f3cf-441a-a8c8-c08ef852421b/clone5.wav,50007220251101154858_003_1bea8561-f3cf-441a-a8c8-c08ef852421b,clone5.wav,à dạ vâng thì nó nhiều lúc nó sẽ bị bị nhiễu sóng ấy anh xe không nhận được ấy à vâng thì xe ở trong ở trong cái xe ở trong hốc nước sẽ có một cái tín hiệu anten có một cái tín anten nhận ở trong đấy thì anh nếu như gặp trường hợp tương tự thì anh có thể tìm các góc để anh bấm đi chìa cho chìa thẳng vào trong anten ấy anh thì nó sẽ tín hiệu sóng nó sẽ tốt hơn ấy ở chỗ nào anh nhỉ? ở trong hốc nước ấy anh,work,1,usable,user7,2026-05-26T02:02:26.657799+00:00,1,/kaggle/working/asr_quality_classifier/data/audio/data2/50007220251101154858_003_1bea8561-f3cf-441a-a8c8-c08ef852421b/clone5.wav,1,0,0.74,False Negative,0.26
user4,50007220251103190456_002_c01abeec-7bf7-40e9-804c-9e9d1219b577/clone5.wav,50007220251103190456_002_c01abeec-7bf7-40e9-804c-9e9d1219b577,clone5.wav,"thì anh ơi, để ra bỏ nơi an toàn thôi chứ không chưa đến nơi xưởng à dạ, hiện tại là anh xe anh chỉ đang mang xe ra chỗ an toàn thôi đúng không anh? vâng dạ cho em hỏi một chút là không biết là xe của anh bị mất chìa khóa là tình trạng như nào vậy anh nhỉ? thì dạ chìa khóa nào",work,1,usable,user4,2026-05-26T04:34:31.654073+00:00,1,/kaggle/working/asr_quality_classifier/data/audio/data2/50007220251103190456_002_c01abeec-7bf7-40e9-804c-9e9d1219b577/clone5.wav,1,0,0.74,False Negative,0.26
user3,50007220251103190456_003_62e2d370-2742-4d77-a4a0-f1970f568408/clone7.wav,50007220251103190456_003_62e2d370-2742-4d77-a4a0-f1970f568408,clone7.wav,"à thế là anh bị rơi chìa khóa rồi đúng không anh? vâng à dạ vâng, vậy em xin phép ghi nhận là xe của anh vẫn chưa được cứu hộ về xưởng anh nhá",work,1,usable,user3,2026-05-26T03:23:15.520291+00:00,1,/kaggle/working/asr_quality_classifier/data/audio/data2/50007220251103190456_003_62e2d370-2742-4d77-a4a0-f1970f568408/clone7.wav,1,0,0.74,False Negative,0.26
user5,50007220251103190456_007_1da8f2e4-fedb-4936-b3f4-0fde91fd2991/clone2.wav,50007220251103190456_007_1da8f2e4-fedb-4936-b3f4-0fde91fd2991,clone2.wav,mà mà mà ấy xài được xưởng này à dạ vâng trước gặp ừ anh không biết là các bạn bên xưởng đã liên lạc cho anh chưa anh nhỉ?,work,1,usable,user5,2026-05-25T07:52:19.192151+00:00,1,/kaggle/working/asr_quality_classifier/data/audio/data2/50007220251103190456_007_1da8f2e4-fedb-4936-b3f4-0fde91fd2991/clone2.wav,1,0,0.74,False Negative,0.26
user2,50007220251103191732_000_a658da81-bffb-4281-89d5-bda37683ea9a/clone4.wav,50007220251103191732_000_a658da81-bffb-4281-89d5-bda37683ea9a,clone4.wav,à được rồi dạ em chào anh em là phương của trung tâm chăm sóc khách hàng của vinfast anh ạ à anh ơi anh ơi xe ba trăm ba mươi tư có số vẫn chưa được cứu hộ về xưởng anh ạ,work,1,usable,user2,2026-05-25T05:24:02.384997+00:00,1,/kaggle/working/asr_quality_classifier/data/audio/data2/50007220251103191732_000_a658da81-bffb-4281-89d5-bda37683ea9a/clone4.wav,1,0,0.74,False Negative,0.26
user1,50007220251103191732_001_3881e80a-99de-45b0-b64e-0230361630b6/clone4.wav,50007220251103191732_001_3881e80a-99de-45b0-b64e-0230361630b6,clone4.wav,à xong rồi em cứu hộ về xưởng sáng nay rồi rồi em ạ à dạ em xin hỏi thêm một chút thông tin thì không biết trong lúc lỗi thì xe có hiển thị lỗi gì trên màn hình không anh? không em ạ nó không hiển thị lỗi gì trên màn hình,work,1,usable,user1,2026-05-26T02:42:45.926025+00:00,1,/kaggle/working/asr_quality_classifier/data/audio/data2/50007220251103191732_001_3881e80a-99de-45b0-b64e-0230361630b6/clone4.wav,1,0,0.74,False Negative,0.26
user7,50009420251112190733_004_fb5a4743-0d3e-4eab-b446-f564eb69361a/clone5.wav,50009420251112190733_004_fb5a4743-0d3e-4eab-b446-f564eb69361a,clone5.wav,"không nếu mình có bảo hiểm thì mình báo bảo hiểm giúp em ạ còn nếu không thì em sẽ báo bên phía xưởng dịch vụ gần nhất để họ liên hệ hỗ trợ mình không không có bảo hiểm ạ không bảo hiểm à? vâng thế cho em xin thông tin xe nhé mình dùng chiếc vê ép ba đúng không? vâng biển 15k bốn trăm năm mươi lăm ba mươi hai vâng đúng rồi tọa lạc ở địa chỉ là huyện an lão, hải phòng vâng vâng đúng rồi",work,1,usable,user7,2026-05-26T03:48:28.382881+00:00,1,/kaggle/working/asr_quality_classifier/data/audio/data2/50009420251112190733_004_fb5a4743-0d3e-4eab-b446-f564eb69361a/clone5.wav,1,0,0.74,False Negative,0.26
user6,50009420251112190733_005_3b6f2c71-ca17-4723-b48c-45b23fae1236/clone2.wav,50009420251112190733_005_3b6f2c71-ca17-4723-b48c-45b23fae1236,clone2.wav,"dạ vâng thế cũng nhờ chị thông cảm chờ trên khoảng mười, mười lăm phút em ạ xưởng dịch vụ vinfast gần mình nhất là xưởng",work,1,usable,user6,2026-05-25T07:47:48.722315+00:00,1,/kaggle/working/asr_quality_classifier/data/audio/data2/50009420251112190733_005_3b6f2c71-ca17-4723-b48c-45b23fae1236/clone2.wav,1,0,0.74,False Negative,0.26
user4,50009420251112190733_006_b554d516-305e-42d2-846b-5d974346ca27/clone5.wav,50009420251112190733_006_b554d516-305e-42d2-846b-5d974346ca27,clone5.wav,ở phường kiến an họ liên hệ hỗ trợ dạ vâng dạ vâng vâng em tư vấn một chút nhé như chị trao đổi là xe của mình nó đang lao xuống dưới mương à? vâng nó lao lao xuống có một cái một cái bãi cỏ thôi chứ không phải mương mà nó là bãi cỏ vâng em cũng chưa đánh giá được là trường hợp này có được hỗ trợ cẩu kéo miễn phí không thì lát nữa xưởng liên hệ thì mình làm việc trực tiếp với xưởng giúp em nhé dạ vâng về cái phương án mà chi phí phát sinh nếu có,work,1,usable,user4,2026-05-26T02:40:27.079787+00:00,1,/kaggle/working/asr_quality_classifier/data/audio/data2/50009420251112190733_006_b554d516-305e-42d2-846b-5d974346ca27/clone5.wav,1,0,0.74,False Negative,0.26
user1,50007120251113143137_000_73d31f1a-f3f2-4b02-8acb-0db210ec7ddb/clone4.wav,50007120251113143137_000_73d31f1a-f3f2-4b02-8acb-0db210ec7ddb,clone4.wav,"a-lô vâng, em chánh bên cửa hàng vinfast em thấy anh có gọi nhỡ trước đấy mà bên em chưa kịp hỗ trợ, không biết mình cần hỗ trợ vấn đề gì ạ? à, đấy mình có cái xe vinfast bạn ạ, cái xe điện cla-ra mình đang định tính là gọi là mang đến để mà đổi không thuê pin nữa mà là mà là đổi đổi sang mua pin luôn đấy à, dạ vâng nhưng mà bây giờ cái xe đấy mình mua lâu quá rồi mình đang chưa tìm được cái cái cái cái cái giấy tờ gốc mua bán đấy à, không không cần đâu anh ạ có đăng ký xe và căn cước chính chủ là được à, đăng ký xe mình cũng không có bạn ạ xe mình để không biển từ đấy mình không đăng ký không biển ạ thế thì",work,1,usable,user1,2026-05-25T07:46:43.782758+00:00,1,/kaggle/working/asr_quality_classifier/data/audio/data2/50007120251113143137_000_73d31f1a-f3f2-4b02-8acb-0db210ec7ddb/clone4.wav,1,0,0.74,False Negative,0.26
user2,50007120251113143137_000_73d31f1a-f3f2-4b02-8acb-0db210ec7ddb/clone5.wav,50007120251113143137_000_73d31f1a-f3f2-4b02-8acb-0db210ec7ddb,clone5.wav,"a-lô vâng, em chánh bên cửa hàng vinfast em thấy anh có gọi nhỡ trước đấy mà bên em chưa kịp hỗ trợ, không biết mình cần hỗ trợ vấn đề gì ạ? à, đấy mình có cái xe vinfast bạn ạ, cái xe điện cla-ra mình đang định tính là gọi là mang đến để mà đổi không thuê pin nữa mà là mà là đổi đổi sang mua pin luôn đấy à, dạ vâng nhưng mà bây giờ cái xe đấy mình mua lâu quá rồi mình đang chưa tìm được cái cái cái cái cái giấy tờ gốc mua bán đấy à, không không cần đâu anh ạ có đăng ký xe và căn cước chính chủ là được à, đăng ký xe mình cũng không có bạn ạ xe mình để không biển từ đấy mình không đăng ký không biển ạ thế thì",work,1,usable,user2,2026-05-25T08:40:19.409767+00:00,1,/kaggle/working/asr_quality_classifier/data/audio/data2/50007120251113143137_000_73d31f1a-f3f2-4b02-8acb-0db210ec7ddb/clone5.wav,1,0,0.74,False Negative,0.26
user3,50007120251113143137_001_2a39d0a7-4585-428a-a089-5ac5477e014e/clone2.wav,50007120251113143137_001_2a39d0a7-4585-428a-a089-5ac5477e014e,clone2.wav,trên giấy tờ gốc là mình cũng mất rồi,work,1,usable,user3,2026-05-26T03:04:11.966171+00:00,1,/kaggle/working/asr_quality_classifier/data/audio/data2/50007120251113143137_001_2a39d0a7-4585-428a-a089-5ac5477e014e/clone2.wav,1,0,0.74,False Negative,0.26
user1,50007120251113143137_004_b9fdfa8b-c5c4-44ea-9d93-9f9b8260c937/clone5.wav,50007120251113143137_004_b9fdfa8b-c5c4-44ea-9d93-9f9b8260c937,clone5.wav,"thế thì bây giờ chỉ còn phương án là mình thử cố tìm xem cố tìm lại xem thôi, còn khi đấy không được thì",work,1,usable,user1,2026-05-25T09:11:01.095479+00:00,1,/kaggle/working/asr_quality_classifier/data/audio/data2/50007120251113143137_004_b9fdfa8b-c5c4-44ea-9d93-9f9b8260c937/clone5.wav,1,0,0.74,False Negative,0.26
user5,50007220251101154858_000_13a5e7f9-81c3-402a-accb-444ea02de888/clone1.wav,50007220251101154858_000_13a5e7f9-81c3-402a-accb-444ea02de888,clone1.wav,a-lô dạ em chào anh em là phương gọi cho anh chăm sóc khách hàng của vinfast anh ạ,work,1,usable,user5,2026-05-25T09:09:52.217359+00:00,1,/kaggle/working/asr_quality_classifier/data/audio/data2/50007220251101154858_000_13a5e7f9-81c3-402a-accb-444ea02de888/clone1.wav,1,0,0.74,False Negative,0.26
user4,50009420251107171031_009_18549364-5e19-4e7f-8ec4-6f1667e4ec3a/clone1.wav,50009420251107171031_009_18549364-5e19-4e7f-8ec4-6f1667e4ec3a,clone1.wav,tức là em lại không thấy cái mã đơn ờ rồi em a sẽ báo bộ phận liên quan kiểm tra xem là tức là bây giờ mình muốn chuyển đơn từ đại lý hiện tại sang đại lý sau đó lê văn lương à? đúng rồi em đã liên hệ với cả đại lý lê văn lương và họ đồng ý lấy xe ở bên đấy rồi anh ạ vâng ờ để em báo bên phía bộ phận à liên quan họ hỗ trợ mình chuyển đơn cho mình qua lê văn lương nhá dạ vâng thế em có phải liên hệ gì nữa không anh hay là em cứ liên hệ với lê văn lương và qua lấy thôi? à chị chờ bên em chuyển thành công sẽ báo lại với chị,work,1,usable,user4,2026-05-25T08:44:37.723573+00:00,1,/kaggle/working/asr_quality_classifier/data/audio/data2/50009420251107171031_009_18549364-5e19-4e7f-8ec4-6f1667e4ec3a/clone1.wav,1,0,0.74,False Negative,0.26
user6,50009420251107171031_009_18549364-5e19-4e7f-8ec4-6f1667e4ec3a/clone5.wav,50009420251107171031_009_18549364-5e19-4e7f-8ec4-6f1667e4ec3a,clone5.wav,tức là em lại không thấy cái mã đơn ờ rồi em a sẽ báo bộ phận liên quan kiểm tra xem là tức là bây giờ mình muốn chuyển đơn từ đại lý hiện tại sang đại lý sau đó lê văn lương à? đúng rồi em đã liên hệ với cả đại lý lê văn lương và họ đồng ý lấy xe ở bên đấy rồi anh ạ vâng ờ để em báo bên phía bộ phận à liên quan họ hỗ trợ mình chuyển đơn cho mình qua lê văn lương nhá dạ vâng thế em có phải liên hệ gì nữa không anh hay là em cứ liên hệ với lê văn lương và qua lấy thôi? à chị chờ bên em chuyển thành công sẽ báo lại với chị,work,1,usable,user6,2026-05-25T10:09:04.650114+00:00,1,/kaggle/working/asr_quality_classifier/data/audio/data2/50009420251107171031_009_18549364-5e19-4e7f-8ec4-6f1667e4ec3a/clone5.wav,1,0,0.74,False Negative,0.26
user7,50009420251109163737_005_5458f2f8-7fc2-4fcf-a4fc-eddbf46fffe3/clone3.wav,50009420251109163737_005_5458f2f8-7fc2-4fcf-a4fc-eddbf46fffe3,clone3.wav,"xã diên lạc tức là diên khánh cũ đó, khánh hòa ấy",work,1,usable,user7,2026-05-26T03:37:39.056194+00:00,1,/kaggle/working/asr_quality_classifier/data/audio/data2/50009420251109163737_005_5458f2f8-7fc2-4fcf-a4fc-eddbf46fffe3/clone3.wav,1,0,0.74,False Negative,0.26
user2,50009420251109163737_009_09fd571b-3d86-4e49-be60-8db85316c61a/clone2.wav,50009420251109163737_009_09fd571b-3d86-4e49-be60-8db85316c61a,clone2.wav,"hai trăm mười chín hai trăm mười chín ba trăm sáu mươi tám ba trăm sáu mươi tám vâng dạ cảm ơn anh, rồi cái gì em gọi bên đó nha vâng, gọi bên đấy riêng nhé dạ vâng à vâng",work,1,usable,user2,2026-05-25T08:43:24.215483+00:00,1,/kaggle/working/asr_quality_classifier/data/audio/data2/50009420251109163737_009_09fd571b-3d86-4e49-be60-8db85316c61a/clone2.wav,1,0,0.74,False Negative,0.26
user2,50009420251109163737_009_09fd571b-3d86-4e49-be60-8db85316c61a/clone5.wav,50009420251109163737_009_09fd571b-3d86-4e49-be60-8db85316c61a,clone5.wav,"hai trăm mười chín hai trăm mười chín ba trăm sáu mươi tám ba trăm sáu mươi tám vâng dạ cảm ơn anh, rồi cái gì em gọi bên đó nha vâng, gọi bên đấy riêng nhé dạ vâng à vâng",work,1,usable,user2,2026-05-25T08:49:53.675399+00:00,1,/kaggle/working/asr_quality_classifier/data/audio/data2/50009420251109163737_009_09fd571b-3d86-4e49-be60-8db85316c61a/clone5.wav,1,0,0.74,False Negative,0.26
user1,50009420251109170154_002_9cc93ee3-bc65-4b2e-9142-6edea21ce3e5/clone5.wav,50009420251109170154_002_9cc93ee3-bc65-4b2e-9142-6edea21ce3e5,clone5.wav,vâng chị bích dùng vê ép ba chị?,work,1,usable,user1,2026-05-26T02:02:27.107494+00:00,1,/kaggle/working/asr_quality_classifier/data/audio/data2/50009420251109170154_002_9cc93ee3-bc65-4b2e-9142-6edea21ce3e5/clone5.wav,1,0,0.74,False Negative,0.26
user6,50009420251109170154_007_2ac4e00e-5005-4dac-a0ca-e8ca2527c141/clone8.wav,50009420251109170154_007_2ac4e00e-5005-4dac-a0ca-e8ca2527c141,clone8.wav,"đúng rồi anh à vâng thì họ sẽ qua hỗ trợ mình em tư vấn một chút, bên em sẽ hỗ trợ cứu hộ xe của chị miễn phí ờ trong thời gian bảo hành của xe vin một chiều trong thời gian bảo hành của xe là bảy năm hoặc là xe chạy đi quá một trăm sáu mươi nghìn ki-lô-mét và ắc quy của mình phải là ắc quy chính hãng nhá dạ vâng, rồi chờ em tý em má xưởng gọi cho chị dạ anh vâng",work,1,usable,user6,2026-05-25T09:08:11.315449+00:00,1,/kaggle/working/asr_quality_classifier/data/audio/data2/50009420251109170154_007_2ac4e00e-5005-4dac-a0ca-e8ca2527c141/clone8.wav,1,0,0.74,False Negative,0.26
user3,50009420251112190733_000_5055adbc-cae5-41fa-ab59-3cb6fd5f5730/clone5.wav,50009420251112190733_000_5055adbc-cae5-41fa-ab59-3cb6fd5f5730,clone5.wav,a-lô em chào chị em ở tổng đài vinfast vâng vâng em thấy mình gửi yêu cầu hỗ trợ với xe ấy không biết xe của mình bị làm sao không ạ? xe em em bị lao xuống cái bờ cái cái cái cái bờ ruộng em muốn gọi cứu hộ,work,1,usable,user3,2026-05-26T03:35:02.645169+00:00,1,/kaggle/working/asr_quality_classifier/data/audio/data2/50009420251112190733_000_5055adbc-cae5-41fa-ab59-3cb6fd5f5730/clone5.wav,1,0,0.74,False Negative,0.26
user6,50010320251107105625_002_c83c4ce5-de37-4801-8c9d-b44d05797d6f/clone6.wav,50010320251107105625_002_c83c4ce5-de37-4801-8c9d-b44d05797d6f,clone6.wav,à sao vâng ạ nhưng mà mình bạn bên em gọi cho chị qua số này hay chị hay số nào ấy ạ?,work,1,usable,user6,2026-05-26T03:06:37.152346+00:00,1,/kaggle/working/asr_quality_classifier/data/audio/data2/50010320251107105625_002_c83c4ce5-de37-4801-8c9d-b44d05797d6f/clone6.wav,1,0,0.74,False Negative,0.26
user4,50010320251107151315_000_ab3116ba-bd03-4916-a34e-c35f6d57fc38/clone2.wav,50010320251107151315_000_ab3116ba-bd03-4916-a34e-c35f6d57fc38,clone2.wav,"vâng, vâng, em chào chị, em là nhân viên vinfast ạ, em có thấy mình có gọi nhỡ bên em ý ạ dạ vâng ạ, chị ơi, em mua xe, em là nhân viên của vinfast ở vinfast ạ, em mua xe vào ngày ngày mười chín tháng mười nhưng bây giờ em vẫn chưa có hóa đơn ý ạ mình nhận được hóa đơn vê a tê chưa ạ? em chưa ạ",work,1,usable,user4,2026-05-25T06:53:30.988896+00:00,1,/kaggle/working/asr_quality_classifier/data/audio/data2/50010320251107151315_000_ab3116ba-bd03-4916-a34e-c35f6d57fc38/clone2.wav,1,0,0.74,False Negative,0.26
user5,50010320251107151315_000_ab3116ba-bd03-4916-a34e-c35f6d57fc38/clone7.wav,50010320251107151315_000_ab3116ba-bd03-4916-a34e-c35f6d57fc38,clone7.wav,"vâng, vâng, em chào chị, em là nhân viên vinfast ạ, em có thấy mình có gọi nhỡ bên em ý ạ dạ vâng ạ, chị ơi, em mua xe, em là nhân viên của vinfast ở vinfast ạ, em mua xe vào ngày ngày mười chín tháng mười nhưng bây giờ em vẫn chưa có hóa đơn ý ạ mình nhận được hóa đơn vê a tê chưa ạ? em chưa ạ",work,1,usable,user5,2026-05-26T03:38:35.134442+00:00,1,/kaggle/working/asr_quality_classifier/data/audio/data2/50010320251107151315_000_ab3116ba-bd03-4916-a34e-c35f6d57fc38/clone7.wav,1,0,0.74,False Negative,0.26
user2,50010320251107151315_002_db409354-647a-4b48-bd4d-5b0ffecd7735/clone6.wav,50010320251107151315_002_db409354-647a-4b48-bd4d-5b0ffecd7735,clone6.wav,"mình là nhân viên tập trung mà chị đúng rồi chị ạ, em là nhân viên vin-com ý ạ vâng",work,1,usable,user2,2026-05-26T01:57:31.520096+00:00,1,/kaggle/working/asr_quality_classifier/data/audio/data2/50010320251107151315_002_db409354-647a-4b48-bd4d-5b0ffecd7735/clone6.wav,1,0,0.74,False Negative,0.26
user6,50010320251107151315_003_e48d10a0-a3ac-40bd-ba80-f14261fe1d56/clone8.wav,50010320251107151315_003_e48d10a0-a3ac-40bd-ba80-f14261fe1d56,clone8.wav,"mình đặt ê-vô giê một màu gì đấy ạ? ờ, em đặt là màu đỏ nhưng lúc đấy màu xanh ô liu tại vì lúc đấy không có màu đỏ chị ạ",work,1,usable,user6,2026-05-25T09:48:24.478070+00:00,1,/kaggle/working/asr_quality_classifier/data/audio/data2/50010320251107151315_003_e48d10a0-a3ac-40bd-ba80-f14261fe1d56/clone8.wav,1,0,0.74,False Negative,0.26
user4,50010320251107151315_006_353ae5a2-e4cb-440e-a7fa-89115190a4de/clone5.wav,50010320251107151315_006_353ae5a2-e4cb-440e-a7fa-89115190a4de,clone5.wav,"cái này đổi i-meo sẽ phải chờ o i o xử lý chị ạ thế thôi, thế thôi, chị cứ gửi cho em em cái i-meo ấy cũng được chị ạ vâng thì cái này để em báo lại bộ phận liên quan kiểm tra lại nhé dạ vâng ạ thế muộn nhất thì bao lâu anh chị có ạ? cái này em phải gửi thông tin kiểm tra lại chị ạ thì bên em sẽ chờ phản hồi từ bộ phận liên quan tối thiểu trong khoảng hai mươi tư đến bốn mươi tám giờ để các bạn kiểm tra xem mà chưa ý ạ",work,1,usable,user4,2026-05-26T03:36:35.364796+00:00,1,/kaggle/working/asr_quality_classifier/data/audio/data2/50010320251107151315_006_353ae5a2-e4cb-440e-a7fa-89115190a4de/clone5.wav,1,0,0.74,False Negative,0.26
user1,50010320251107151315_007_12b52151-b30b-4f31-8338-bb89f3330185/clone2.wav,50010320251107151315_007_12b52151-b30b-4f31-8338-bb89f3330185,clone2.wav,"dạ vâng ạ dạ em cảm ơn chị ạ dạ em cảm ơn chị, em chào chị dạ",work,1,usable,user1,2026-05-26T02:13:11.266209+00:00,1,/kaggle/working/asr_quality_classifier/data/audio/data2/50010320251107151315_007_12b52151-b30b-4f31-8338-bb89f3330185/clone2.wav,1,0,0.74,False Negative,0.26
user1,50010320251107151315_007_12b52151-b30b-4f31-8338-bb89f3330185/clone5.wav,50010320251107151315_007_12b52151-b30b-4f31-8338-bb89f3330185,clone5.wav,"dạ vâng ạ dạ em cảm ơn chị ạ dạ em cảm ơn chị, em chào chị dạ",work,1,usable,user1,2026-05-26T04:31:32.795463+00:00,1,/kaggle/working/asr_quality_classifier/data/audio/data2/50010320251107151315_007_12b52151-b30b-4f31-8338-bb89f3330185/clone5.wav,1,0,0.74,False Negative,0.26
user3,50010320251101082022_005_02db5f45-a6be-4824-bde3-feac06fe15c5/clone7.wav,50010320251101082022_005_02db5f45-a6be-4824-bde3-feac06fe15c5,clone7.wav,ok thế thì không mình không chuyển sang đại lý được không ạ? mi-ni mình sẽ là chuyển mêu xuống gửi mêu xuống nó sẽ chờ các bạn xử lý trong một đến hai ngày,work,1,usable,user3,2026-05-25T05:00:41.538038+00:00,1,/kaggle/working/asr_quality_classifier/data/audio/data2/50010320251101082022_005_02db5f45-a6be-4824-bde3-feac06fe15c5/clone7.wav,1,0,0.74,False Negative,0.26
user3,50010320251101082022_007_bcbdecc4-3a7c-42a2-83a6-3b528e53e7b9/clone3.wav,50010320251101082022_007_bcbdecc4-3a7c-42a2-83a6-3b528e53e7b9,clone3.wav,"ừm, sao lại hoàn cọc là sao anh? anh chỉ cần báo cho các bạn ấy là anh có nhu cầu, anh chuyển đơn hàng từ đại lý này sang đại lý khác thì các bạn ấy sẽ thao tác là được ạ",work,1,usable,user3,2026-05-25T05:17:49.090519+00:00,1,/kaggle/working/asr_quality_classifier/data/audio/data2/50010320251101082022_007_bcbdecc4-3a7c-42a2-83a6-3b528e53e7b9/clone3.wav,1,0,0.74,False Negative,0.26
user1,50010320251103140018_002_59c9ceb8-ed3f-4185-afb9-a34311f76cf5/clone4.wav,50010320251103140018_002_59c9ceb8-ed3f-4185-afb9-a34311f76cf5,clone4.wav,ờ vâng nguyễn chứ hình như là nguyễn chứ vâng,work,1,usable,user1,2026-05-26T04:34:51.576598+00:00,1,/kaggle/working/asr_quality_classifier/data/audio/data2/50010320251103140018_002_59c9ceb8-ed3f-4185-afb9-a34311f76cf5/clone4.wav,1,0,0.74,False Negative,0.26
user6,50010320251103140018_007_29788c08-ee4e-4c96-9b9a-3a481d85fa08/clone1.wav,50010320251103140018_007_29788c08-ee4e-4c96-9b9a-3a481d85fa08,clone1.wav,mà trong khi đó anh trả phun tiền từ ngày ngày mười bảy tháng mười rồi vâng,work,1,usable,user6,2026-05-26T03:08:52.561035+00:00,1,/kaggle/working/asr_quality_classifier/data/audio/data2/50010320251103140018_007_29788c08-ee4e-4c96-9b9a-3a481d85fa08/clone1.wav,1,0,0.74,False Negative,0.26
user4,50010320251103140018_008_f8dfe31d-e0ca-4dc8-91ee-1c856c1db9e0/clone5.wav,50010320251103140018_008_f8dfe31d-e0ca-4dc8-91ee-1c856c1db9e0,clone5.wav,anh nhận xe hôm nào?,work,1,usable,user4,2026-05-26T02:25:22.856535+00:00,1,/kaggle/working/asr_quality_classifier/data/audio/data2/50010320251103140018_008_f8dfe31d-e0ca-4dc8-91ee-1c856c1db9e0/clone5.wav,1,0,0.74,False Negative,0.26
user7,50010320251103192044_004_4f404149-f2ab-4a9b-b107-fda6927d4fbe/clone4.wav,50010320251103192044_004_4f404149-f2ab-4a9b-b107-fda6927d4fbe,clone4.wav,"vâng, vinfast vê ép năm ạ xanh dương vâng",work,1,usable,user7,2026-05-25T05:16:52.638780+00:00,1,/kaggle/working/asr_quality_classifier/data/audio/data2/50010320251103192044_004_4f404149-f2ab-4a9b-b107-fda6927d4fbe/clone4.wav,1,0,0.74,False Negative,0.26
user6,50010320251107105625_002_c83c4ce5-de37-4801-8c9d-b44d05797d6f/clone1.wav,50010320251107105625_002_c83c4ce5-de37-4801-8c9d-b44d05797d6f,clone1.wav,à sao vâng ạ nhưng mà mình bạn bên em gọi cho chị qua số này hay chị hay số nào ấy ạ?,work,1,usable,user6,2026-05-26T03:06:37.152184+00:00,1,/kaggle/working/asr_quality_classifier/data/audio/data2/50010320251107105625_002_c83c4ce5-de37-4801-8c9d-b44d05797d6f/clone1.wav,1,0,0.74,False Negative,0.26
user1,50010320251107105625_002_c83c4ce5-de37-4801-8c9d-b44d05797d6f/clone5.wav,50010320251107105625_002_c83c4ce5-de37-4801-8c9d-b44d05797d6f,clone5.wav,à sao vâng ạ nhưng mà mình bạn bên em gọi cho chị qua số này hay chị hay số nào ấy ạ?,work,1,usable,user1,2026-05-25T04:45:31.311903+00:00,1,/kaggle/working/asr_quality_classifier/data/audio/data2/50010320251107105625_002_c83c4ce5-de37-4801-8c9d-b44d05797d6f/clone5.wav,1,0,0.74,False Negative,0.26
user3,50009620251113014851_000_c1c45d39-40a7-4234-a2cf-50d2652949f5/clone1.wav,50009620251113014851_000_c1c45d39-40a7-4234-a2cf-50d2652949f5,clone1.wav,"a-lô ừm, vâng, em chào anh anh ơi, em lon bên chăm sóc khách hàng vinfast đây",work,1,usable,user3,2026-05-26T03:00:02.751920+00:00,1,/kaggle/working/asr_quality_classifier/data/audio/data2/50009620251113014851_000_c1c45d39-40a7-4234-a2cf-50d2652949f5/clone1.wav,1,0,0.74,False Negative,0.26
user6,50009620251113014851_000_c1c45d39-40a7-4234-a2cf-50d2652949f5/clone2.wav,50009620251113014851_000_c1c45d39-40a7-4234-a2cf-50d2652949f5,clone2.wav,"a-lô ừm, vâng, em chào anh anh ơi, em lon bên chăm sóc khách hàng vinfast đây",work,1,usable,user6,2026-05-26T04:00:17.197766+00:00,1,/kaggle/working/asr_quality_classifier/data/audio/data2/50009620251113014851_000_c1c45d39-40a7-4234-a2cf-50d2652949f5/clone2.wav,1,0,0.74,False Negative,0.26
user5,50009620251113014851_000_c1c45d39-40a7-4234-a2cf-50d2652949f5/clone6.wav,50009620251113014851_000_c1c45d39-40a7-4234-a2cf-50d2652949f5,clone6.wav,"a-lô ừm, vâng, em chào anh anh ơi, em lon bên chăm sóc khách hàng vinfast đây",work,1,usable,user5,2026-05-26T04:45:16.201549+00:00,1,/kaggle/working/asr_quality_classifier/data/audio/data2/50009620251113014851_000_c1c45d39-40a7-4234-a2cf-50d2652949f5/clone6.wav,1,0,0.74,False Negative,0.26
user5,50009620251113014851_000_c1c45d39-40a7-4234-a2cf-50d2652949f5/clone8.wav,50009620251113014851_000_c1c45d39-40a7-4234-a2cf-50d2652949f5,clone8.wav,"a-lô ừm, vâng, em chào anh anh ơi, em lon bên chăm sóc khách hàng vinfast đây",work,1,usable,user5,2026-05-25T09:35:45.575765+00:00,1,/kaggle/working/asr_quality_classifier/data/audio/data2/50009620251113014851_000_c1c45d39-40a7-4234-a2cf-50d2652949f5/clone8.wav,1,0,0.74,False Negative,0.26
user3,50009620251113014851_004_c2c5e290-f6b3-4815-bd5e-3ec19bfd42da/clone3.wav,50009620251113014851_004_c2c5e290-f6b3-4815-bd5e-3ec19bfd42da,clone3.wav,sáu nghìn cây à? thế là mình được sáu nghìn mình chạy tám nghìn rồi này,work,1,usable,user3,2026-05-25T08:04:27.223948+00:00,1,/kaggle/working/asr_quality_classifier/data/audio/data2/50009620251113014851_004_c2c5e290-f6b3-4815-bd5e-3ec19bfd42da/clone3.wav,1,0,0.74,False Negative,0.26
user3,50010320251101074229_002_85b1a119-a588-4271-aead-ac25510ce268/clone7.wav,50010320251101074229_002_85b1a119-a588-4271-aead-ac25510ce268,clone7.wav,"tức là phí đỗ ở trạm sạc hay phí đỗ gì đấy ạ? ở trong vin-com tuyên quang luôn các bạn sẽ vẽ cho anh đây này, anh còn chụp cả cái cái biên lai anh phải trả tiền đây",work,1,usable,user3,2026-05-25T05:28:45.556229+00:00,1,/kaggle/working/asr_quality_classifier/data/audio/data2/50010320251101074229_002_85b1a119-a588-4271-aead-ac25510ce268/clone7.wav,1,0,0.74,False Negative,0.26
user5,50010320251101074229_003_8c83ccf6-2144-48f6-837b-d177accaa025/clone6.wav,50010320251101074229_003_8c83ccf6-2144-48f6-837b-d177accaa025,clone6.wav,vâng nhưng mà tại vì là cái miễn phí gửi xe năm tiếng đúng không anh?,work,1,usable,user5,2026-05-26T04:22:52.044238+00:00,1,/kaggle/working/asr_quality_classifier/data/audio/data2/50010320251101074229_003_8c83ccf6-2144-48f6-837b-d177accaa025/clone6.wav,1,0,0.74,False Negative,0.26
user3,50010320251101074229_006_caf41db4-d687-437b-b23b-d28f1e0571ba/clone8.wav,50010320251101074229_006_caf41db4-d687-437b-b23b-d28f1e0571ba,clone8.wav,à nhánh năm ở bên đấy là bên gì đấy em? bên em đấy là bên trạm sạc còn bên em bên cứu hộ cứu thong thôi anh ạ à rồi rồi rồi trạm sạc vẫn có thu phí như bình thường đấy anh,work,1,usable,user3,2026-05-25T04:55:42.450724+00:00,1,/kaggle/working/asr_quality_classifier/data/audio/data2/50010320251101074229_006_caf41db4-d687-437b-b23b-d28f1e0571ba/clone8.wav,1,0,0.74,False Negative,0.26
user4,50007220251107123223_000_edd794b9-4569-41a7-be9f-a983e4df9c53/clone6.wav,50007220251107123223_000_edd794b9-4569-41a7-be9f-a983e4df9c53,clone6.wav,"a-lô dạ em chào anh toàn, em là phương gọi cho anh thì chăm sóc khách hàng của vinfast anh ạ ừm dạ anh ơi, xe vinfast của anh có gọi cứu hộ lúc sáng ấy, không biết các bạn đã cứu hộ xe của anh về xưởng chưa anh? có nghĩa là khả năng không anh lại phải gọi thợ mở khóa đấy à dạ vâng, tức là anh gọi thợ bên ngoài để mở khóa hả anh? thợ mở khóa xong bắt đầu là mở nắp capo xong bắt đầu gọi thuê thợ kích",work,1,usable,user4,2026-05-25T06:46:23.846802+00:00,1,/kaggle/working/asr_quality_classifier/data/audio/data2/50007220251107123223_000_edd794b9-4569-41a7-be9f-a983e4df9c53/clone6.wav,1,0,0.74,False Negative,0.26
user2,50007220251107123223_003_89af562c-b7d5-42c6-adc0-6c259198e5d3/clone2.wav,50007220251107123223_003_89af562c-b7d5-42c6-adc0-6c259198e5d3,clone2.wav,"giờ có khi là nó còn không vào được á, có nghĩa là không ấy không vào được",work,1,usable,user2,2026-05-25T09:02:00.396662+00:00,1,/kaggle/working/asr_quality_classifier/data/audio/data2/50007220251107123223_003_89af562c-b7d5-42c6-adc0-6c259198e5d3/clone2.wav,1,0,0.74,False Negative,0.26
user6,50007220251107123223_003_89af562c-b7d5-42c6-adc0-6c259198e5d3/clone5.wav,50007220251107123223_003_89af562c-b7d5-42c6-adc0-6c259198e5d3,clone5.wav,"giờ có khi là nó còn không vào được á, có nghĩa là không ấy không vào được",work,1,usable,user6,2026-05-26T03:48:07.329697+00:00,1,/kaggle/working/asr_quality_classifier/data/audio/data2/50007220251107123223_003_89af562c-b7d5-42c6-adc0-6c259198e5d3/clone5.wav,1,0,0.74,False Negative,0.26
user3,50009420251113152217_001_bacc8e47-2fe2-4a8c-bbab-06463e05e7cd/clone3.wav,50009420251113152217_001_bacc8e47-2fe2-4a8c-bbab-06463e05e7cd,clone3.wav,"anh anh ơi, em hỏi một tí",work,1,usable,user3,2026-05-25T07:41:05.619867+00:00,1,/kaggle/working/asr_quality_classifier/data/audio/data2/50009420251113152217_001_bacc8e47-2fe2-4a8c-bbab-06463e05e7cd/clone3.wav,1,0,0.74,False Negative,0.26
user2,50009620251110185427_001_a4f19404-d0e7-4308-813f-1760f0a26a3d/clone1.wav,50009620251110185427_001_a4f19404-d0e7-4308-813f-1760f0a26a3d,clone1.wav,"vâng, em chào anh anh ơi, em lon bên chăm sóc khách hàng vinfast đây em thấy mình có cuộc gọi nhỡ lên tổng đài anh mình cần hỗ trợ gì anh? dạ, em có em là nhân viên tư vấn giúp á em có cái mã đơn hàng á, cho em hỏi là cái mã đơn hàng của em là em nằm ở đâu vậy?",work,1,usable,user2,2026-05-26T01:49:12.896490+00:00,1,/kaggle/working/asr_quality_classifier/data/audio/data2/50009620251110185427_001_a4f19404-d0e7-4308-813f-1760f0a26a3d/clone1.wav,1,0,0.74,False Negative,0.26
user4,50009620251110185427_001_a4f19404-d0e7-4308-813f-1760f0a26a3d/clone4.wav,50009620251110185427_001_a4f19404-d0e7-4308-813f-1760f0a26a3d,clone4.wav,"vâng, em chào anh anh ơi, em lon bên chăm sóc khách hàng vinfast đây em thấy mình có cuộc gọi nhỡ lên tổng đài anh mình cần hỗ trợ gì anh? dạ, em có em là nhân viên tư vấn giúp á em có cái mã đơn hàng á, cho em hỏi là cái mã đơn hàng của em là em nằm ở đâu vậy?",work,1,usable,user4,2026-05-25T08:56:48.789533+00:00,1,/kaggle/working/asr_quality_classifier/data/audio/data2/50009620251110185427_001_a4f19404-d0e7-4308-813f-1760f0a26a3d/clone4.wav,1,0,0.74,False Negative,0.26
user6,50009620251110185427_004_940e8adc-d078-484c-966c-5e2a27c061c9/clone8.wav,50009620251110185427_004_940e8adc-d078-484c-966c-5e2a27c061c9,clone8.wav,"là là đâu anh ha? dạ, rồi anh giữ máy giúp em nhá em kiểm tra địa chỉ đại lý chút",work,1,usable,user6,2026-05-26T03:07:58.332427+00:00,1,/kaggle/working/asr_quality_classifier/data/audio/data2/50009620251110185427_004_940e8adc-d078-484c-966c-5e2a27c061c9/clone8.wav,1,0,0.74,False Negative,0.26
user4,50009620251110185427_007_7d493aa2-2ae4-4e6f-84be-202c439f48f5/clone5.wav,50009620251110185427_007_7d493aa2-2ae4-4e6f-84be-202c439f48f5,clone5.wav,"anh không không phải ở khánh hòa anh? anh ở tân phú ấy ạ? dạ, đúng rồi, tân phú",work,1,usable,user4,2026-05-25T08:37:07.444294+00:00,1,/kaggle/working/asr_quality_classifier/data/audio/data2/50009620251110185427_007_7d493aa2-2ae4-4e6f-84be-202c439f48f5/clone5.wav,1,0,0.74,False Negative,0.26
user2,50006920251105114114_000_97f34c4e-bb39-468e-8e52-1056bd4566b6/clone5.wav,50006920251105114114_000_97f34c4e-bb39-468e-8e52-1056bd4566b6,clone5.wav,"a-lô a-lô anh ơi, em vừa gọi tới chăm sóc khách hàng em bảo này cái con xe vê tám ở thạch thất ấy ừ ờ, khách hàng vẫn đang gọi lên tổng đài cái yêu cầu không đồng ý để thay động cơ mà yêu cầu phải đổi xe ấy ừ thì em đang thấy cái trường hợp này nó có một cái vấn đề là xe này thấy",work,1,usable,user2,2026-05-26T01:48:04.070372+00:00,1,/kaggle/working/asr_quality_classifier/data/audio/data2/50006920251105114114_000_97f34c4e-bb39-468e-8e52-1056bd4566b6/clone5.wav,1,0,0.74,False Negative,0.26
user3,50006920251105114114_000_97f34c4e-bb39-468e-8e52-1056bd4566b6/clone8.wav,50006920251105114114_000_97f34c4e-bb39-468e-8e52-1056bd4566b6,clone8.wav,"a-lô a-lô anh ơi, em vừa gọi tới chăm sóc khách hàng em bảo này cái con xe vê tám ở thạch thất ấy ừ ờ, khách hàng vẫn đang gọi lên tổng đài cái yêu cầu không đồng ý để thay động cơ mà yêu cầu phải đổi xe ấy ừ thì em đang thấy cái trường hợp này nó có một cái vấn đề là xe này thấy",work,1,usable,user3,2026-05-26T03:20:20.757753+00:00,1,/kaggle/working/asr_quality_classifier/data/audio/data2/50006920251105114114_000_97f34c4e-bb39-468e-8e52-1056bd4566b6/clone8.wav,1,0,0.74,False Negative,0.26
user4,50006920251105114114_005_fe9dc9a0-c6bb-4a4c-a010-a8153f3e0775/clone1.wav,50006920251105114114_005_fe9dc9a0-c6bb-4a4c-a010-a8153f3e0775,clone1.wav,"vừa ăn sáng vừa vừa chuyện rồi đây nào gì nó đổi được, chả có thằng nào đổi được đâu",work,1,usable,user4,2026-05-26T03:12:26.620089+00:00,1,/kaggle/working/asr_quality_classifier/data/audio/data2/50006920251105114114_005_fe9dc9a0-c6bb-4a4c-a010-a8153f3e0775/clone1.wav,1,0,0.74,False Negative,0.26
user7,50006920251105114114_006_01db3382-6e74-4b5d-a603-fea119377d20/clone4.wav,50006920251105114114_006_01db3382-6e74-4b5d-a603-fea119377d20,clone4.wav,vì ra xe chưa xuất chưa bấm biển mà,work,1,usable,user7,2026-05-26T03:07:46.817236+00:00,1,/kaggle/working/asr_quality_classifier/data/audio/data2/50006920251105114114_006_01db3382-6e74-4b5d-a603-fea119377d20/clone4.wav,1,0,0.74,False Negative,0.26
user4,50006920251105114114_008_25b09218-9018-489e-b233-1aa00048d182/clone2.wav,50006920251105114114_008_25b09218-9018-489e-b233-1aa00048d182,clone2.wav,xuất hóa thế em mới bảo với anh là trao đổi với bên phía kinh doanh thường cũng vẫn có cái trường hợp là xuất hóa đơn rồi nhưng chưa bấm biển thì vẫn có thể xin xuất lại được,work,1,usable,user4,2026-05-25T07:44:43.951230+00:00,1,/kaggle/working/asr_quality_classifier/data/audio/data2/50006920251105114114_008_25b09218-9018-489e-b233-1aa00048d182/clone2.wav,1,0,0.74,False Negative,0.26
user5,50006920251105114114_008_25b09218-9018-489e-b233-1aa00048d182/clone5.wav,50006920251105114114_008_25b09218-9018-489e-b233-1aa00048d182,clone5.wav,xuất hóa thế em mới bảo với anh là trao đổi với bên phía kinh doanh thường cũng vẫn có cái trường hợp là xuất hóa đơn rồi nhưng chưa bấm biển thì vẫn có thể xin xuất lại được,work,1,usable,user5,2026-05-25T08:04:20.959801+00:00,1,/kaggle/working/asr_quality_classifier/data/audio/data2/50006920251105114114_008_25b09218-9018-489e-b233-1aa00048d182/clone5.wav,1,0,0.74,False Negative,0.26
user5,50006920251105114114_010_a85af490-2cc3-47cc-9f41-e5404d288798/clone6.wav,50006920251105114114_010_a85af490-2cc3-47cc-9f41-e5404d288798,clone6.wav,không không không không được đâu nhá bà trao đổi trước rồi bà với lại chị hoàng hương vừa vừa vừa họp với chị hoàng hương ấy,work,1,usable,user5,2026-05-26T03:43:54.503320+00:00,1,/kaggle/working/asr_quality_classifier/data/audio/data2/50006920251105114114_010_a85af490-2cc3-47cc-9f41-e5404d288798/clone6.wav,1,0,0.74,False Negative,0.26
user5,50006920251105114114_011_c831a5ac-8133-47cf-afd4-2e72ca59dcd2/clone6.wav,50006920251105114114_011_c831a5ac-8133-47cf-afd4-2e72ca59dcd2,clone6.wav,"thì em gửi lại cái cây ý kiến của khách hàng để các anh chị hôm cho em xin ý kiến tiếp ạ đúng rồi vâng, cảm ơn dạ",work,1,usable,user5,2026-05-25T08:46:13.572467+00:00,1,/kaggle/working/asr_quality_classifier/data/audio/data2/50006920251105114114_011_c831a5ac-8133-47cf-afd4-2e72ca59dcd2/clone6.wav,1,0,0.74,False Negative,0.26
user7,50006520251108204810_006_a381e385-cb82-4801-ab41-76f2be1f1755/clone2.wav,50006520251108204810_006_a381e385-cb82-4801-ab41-76f2be1f1755,clone2.wav,ba trăm sáu mươi tám anh ạ,work,1,usable,user7,2026-05-25T07:09:42.877754+00:00,1,/kaggle/working/asr_quality_classifier/data/audio/data2/50006520251108204810_006_a381e385-cb82-4801-ab41-76f2be1f1755/clone2.wav,1,0,0.74,False Negative,0.26
user1,50006520251109105458_000_48de6cac-f551-4632-baee-346ea3a06e7b/clone8.wav,50006520251109105458_000_48de6cac-f551-4632-baee-346ea3a06e7b,clone8.wav,"dạ a-lô vâng, em chào anh ngựa tranh từ bên vinfast anh ạ em thấy mình có cuộc gọi nhỡ lên tổng đài, không biết là anh đang cần hỗ trợ gì ạ? à chị ơi, em a cái a xe vê ép năm của em á nó nó đã giải ngân rồi nhưng mà sao bên a phan trọng tệ báo là bên mình chưa có kích hoạt pin",work,1,usable,user1,2026-05-26T03:21:56.248115+00:00,1,/kaggle/working/asr_quality_classifier/data/audio/data2/50006520251109105458_000_48de6cac-f551-4632-baee-346ea3a06e7b/clone8.wav,1,0,0.74,False Negative,0.26
user1,50006520251109105458_002_4e176e6d-1702-4603-934f-7a33a2b4d429/clone2.wav,50006520251109105458_002_4e176e6d-1702-4603-934f-7a33a2b4d429,clone2.wav,"chưa kích hoạt pin để sử dụng về cái gì anh nhỉ? à đúng rồi, chưa kích hoạt pin để em lấy xe về được",work,1,usable,user1,2026-05-26T02:02:57.856068+00:00,1,/kaggle/working/asr_quality_classifier/data/audio/data2/50006520251109105458_002_4e176e6d-1702-4603-934f-7a33a2b4d429/clone2.wav,1,0,0.74,False Negative,0.26
user6,50006520251109105458_003_d8b7d297-ebd4-410a-af89-71fb37c6764b/clone7.wav,50006520251109105458_003_d8b7d297-ebd4-410a-af89-71fb37c6764b,clone7.wav,trong khi giải ngân là từ bữa thứ sáu tới giờ rồi cái này là anh đang chưa được nhận xe hả anh? dạ đúng rồi đại lý hẹn anh khi nào giao xe cho anh ạ?,work,1,usable,user6,2026-05-25T08:24:41.900341+00:00,1,/kaggle/working/asr_quality_classifier/data/audio/data2/50006520251109105458_003_d8b7d297-ebd4-410a-af89-71fb37c6764b/clone7.wav,1,0,0.74,False Negative,0.26
user3,50006520251109105458_004_bf955c72-7cf6-4bf7-9af3-e76a0a519d03/clone5.wav,50006520251109105458_004_bf955c72-7cf6-4bf7-9af3-e76a0a519d03,clone5.wav,bạn nó bạn không biết luôn bạn nó là tại cái lỗi này bên vinfast,work,1,usable,user3,2026-05-26T03:15:53.432059+00:00,1,/kaggle/working/asr_quality_classifier/data/audio/data2/50006520251109105458_004_bf955c72-7cf6-4bf7-9af3-e76a0a519d03/clone5.wav,1,0,0.74,False Negative,0.26
user2,50006520251109105458_004_bf955c72-7cf6-4bf7-9af3-e76a0a519d03/clone8.wav,50006520251109105458_004_bf955c72-7cf6-4bf7-9af3-e76a0a519d03,clone8.wav,bạn nó bạn không biết luôn bạn nó là tại cái lỗi này bên vinfast,work,1,usable,user2,2026-05-25T05:09:37.963100+00:00,1,/kaggle/working/asr_quality_classifier/data/audio/data2/50006520251109105458_004_bf955c72-7cf6-4bf7-9af3-e76a0a519d03/clone8.wav,1,0,0.74,False Negative,0.26
user2,50006920251104165332_001_92324577-b2b2-415f-bb24-4e8203e92e53/clone2.wav,50006920251104165332_001_92324577-b2b2-415f-bb24-4e8203e92e53,clone2.wav,à thế thì đấy thế như đấy có phải ok không? anh có anh có nắm được thông tin không? dạ vâng thì mình vui lòng mình đợi chờ giúp em bởi vì các thông tin này thì các bạn cũng sẽ chỉ nắm được thông tin là khi động cơ các bạn ấy gửi về nhà máy thì sẽ trong quá trình nhà máy sẽ tiến hành sửa chữa khi nào nhà máy sửa chữa xong thì lúc đấy mới cập nhật tiếp thông tin là đã sửa chữa xong và dự kiến thông tin chuyển về còn trong quá trình sửa chữa thì cũng chưa thể có thông tin để cập nhật cái giai đoạn giữa được anh ạ nên nội dung này thì mình sẽ anh đang nói là vấn đề là khi đến đấy thì biết là khoảng cái gì thì thông tin này cho khách hàng mà biết dự kiến thôi anh không nói là ngày sửa đi vâng thì em thấy thông tin này cũng vừa mới cập nhật xong thôi em vừa thấy báo lại là thông tin nhà máy vừa báo là sửa chữa xong ngày hôm nay dự kiến khoảng ngày mai sẽ trở sẽ về tới xưởng dịch vụ dạ thì mình thì mình chờ các bạn ấy cập nhật giúp em ngày mai trả về thì các bạn cũng sẽ phải lắp theo dõi tét và mới cập nhật được tiếp tiến độ với anh ấy thì em sẽ báo lại các bạn ấy thông tin tiến độ như thế nào thông tin cho mình sau nhé em cảm ơn dạ vâng ạ,work,1,usable,user2,2026-05-25T05:07:40.957245+00:00,1,/kaggle/working/asr_quality_classifier/data/audio/data2/50006920251104165332_001_92324577-b2b2-415f-bb24-4e8203e92e53/clone2.wav,1,0,0.74,False Negative,0.26
user3,50006920251104165332_001_92324577-b2b2-415f-bb24-4e8203e92e53/clone4.wav,50006920251104165332_001_92324577-b2b2-415f-bb24-4e8203e92e53,clone4.wav,à thế thì đấy thế như đấy có phải ok không? anh có anh có nắm được thông tin không? dạ vâng thì mình vui lòng mình đợi chờ giúp em bởi vì các thông tin này thì các bạn cũng sẽ chỉ nắm được thông tin là khi động cơ các bạn ấy gửi về nhà máy thì sẽ trong quá trình nhà máy sẽ tiến hành sửa chữa khi nào nhà máy sửa chữa xong thì lúc đấy mới cập nhật tiếp thông tin là đã sửa chữa xong và dự kiến thông tin chuyển về còn trong quá trình sửa chữa thì cũng chưa thể có thông tin để cập nhật cái giai đoạn giữa được anh ạ nên nội dung này thì mình sẽ anh đang nói là vấn đề là khi đến đấy thì biết là khoảng cái gì thì thông tin này cho khách hàng mà biết dự kiến thôi anh không nói là ngày sửa đi vâng thì em thấy thông tin này cũng vừa mới cập nhật xong thôi em vừa thấy báo lại là thông tin nhà máy vừa báo là sửa chữa xong ngày hôm nay dự kiến khoảng ngày mai sẽ trở sẽ về tới xưởng dịch vụ dạ thì mình thì mình chờ các bạn ấy cập nhật giúp em ngày mai trả về thì các bạn cũng sẽ phải lắp theo dõi tét và mới cập nhật được tiếp tiến độ với anh ấy thì em sẽ báo lại các bạn ấy thông tin tiến độ như thế nào thông tin cho mình sau nhé em cảm ơn dạ vâng ạ,work,1,usable,user3,2026-05-25T04:50:44.632482+00:00,1,/kaggle/working/asr_quality_classifier/data/audio/data2/50006920251104165332_001_92324577-b2b2-415f-bb24-4e8203e92e53/clone4.wav,1,0,0.74,False Negative,0.26
user5,50010320251111165353_000_634f2f99-f4ed-4733-add2-eeb090303ae1/clone4.wav,50010320251111165353_000_634f2f99-f4ed-4733-add2-eeb090303ae1,clone4.wav,"a-lô vâng ạ, em chào anh ạ em bên tổng đài vinfast em có thấy là mình có cuộc gọi nhỡ bên em ấy ạ vâng ờ em ơi cho anh hỏi anh trước anh là",work,1,usable,user5,2026-05-26T04:54:02.485789+00:00,1,/kaggle/working/asr_quality_classifier/data/audio/data2/50010320251111165353_000_634f2f99-f4ed-4733-add2-eeb090303ae1/clone4.wav,1,0,0.74,False Negative,0.26
user2,50010320251111165353_000_634f2f99-f4ed-4733-add2-eeb090303ae1/clone6.wav,50010320251111165353_000_634f2f99-f4ed-4733-add2-eeb090303ae1,clone6.wav,"a-lô vâng ạ, em chào anh ạ em bên tổng đài vinfast em có thấy là mình có cuộc gọi nhỡ bên em ấy ạ vâng ờ em ơi cho anh hỏi anh trước anh là",work,1,usable,user2,2026-05-25T08:21:51.574073+00:00,1,/kaggle/working/asr_quality_classifier/data/audio/data2/50010320251111165353_000_634f2f99-f4ed-4733-add2-eeb090303ae1/clone6.wav,1,0,0.74,False Negative,0.26
user7,50010320251111165353_001_7ca043f5-9fbb-49e1-95e6-6e46e7aac9b4/clone1.wav,50010320251111165353_001_7ca043f5-9fbb-49e1-95e6-6e46e7aac9b4,clone1.wav,cán bộ công nhân viên của vincon mà anh đăng ký lấy xe tháng mười một mà chưa thấy mêu gửi về em nhỉ?,work,1,usable,user7,2026-05-26T02:01:14.248115+00:00,1,/kaggle/working/asr_quality_classifier/data/audio/data2/50010320251111165353_001_7ca043f5-9fbb-49e1-95e6-6e46e7aac9b4/clone1.wav,1,0,0.74,False Negative,0.26
user3,50010320251111165353_001_7ca043f5-9fbb-49e1-95e6-6e46e7aac9b4/clone5.wav,50010320251111165353_001_7ca043f5-9fbb-49e1-95e6-6e46e7aac9b4,clone5.wav,cán bộ công nhân viên của vincon mà anh đăng ký lấy xe tháng mười một mà chưa thấy mêu gửi về em nhỉ?,work,1,usable,user3,2026-05-26T03:10:11.816849+00:00,1,/kaggle/working/asr_quality_classifier/data/audio/data2/50010320251111165353_001_7ca043f5-9fbb-49e1-95e6-6e46e7aac9b4/clone5.wav,1,0,0.74,False Negative,0.26
user2,50010320251112210757_000_81c049db-2b09-4694-8d99-1ce7b2632916/clone4.wav,50010320251112210757_000_81c049db-2b09-4694-8d99-1ce7b2632916,clone4.wav,không không đi chỉnh chỗ này thôi a-lô a-lô dạ em bên tổng đài vinfast em có thấy mình có gọi nhỡ cuộc gọi nhỡ lại,work,1,usable,user2,2026-05-25T08:44:27.258494+00:00,1,/kaggle/working/asr_quality_classifier/data/audio/data2/50010320251112210757_000_81c049db-2b09-4694-8d99-1ce7b2632916/clone4.wav,1,0,0.74,False Negative,0.26
user3,50006520251108204810_003_7d817ea1-2ccc-4ed6-b637-70ccb45653b1/clone3.wav,50006520251108204810_003_7d817ea1-2ccc-4ed6-b637-70ccb45653b1,clone3.wav,"thôn phú khánh trung, xã diên lạc, tỉnh khánh hòa anh cung cấp cho anh số hót-lain đại lý nhá dạ dạ dạ có gì chị chị gửi cho em ạ dạ anh đọc cho anh ghi lại giúp em với ạ",work,1,usable,user3,2026-05-25T08:19:33.567911+00:00,1,/kaggle/working/asr_quality_classifier/data/audio/data2/50006520251108204810_003_7d817ea1-2ccc-4ed6-b637-70ccb45653b1/clone3.wav,1,0,0.74,False Negative,0.26
user1,50006520251108204810_005_a1046a42-4c44-482a-a64b-1aff1f7b8192/clone1.wav,50006520251108204810_005_a1046a42-4c44-482a-a64b-1aff1f7b8192,clone1.wav,dạ rồi dạ rồi chị ơi chị chị đọc giúp giùm ạ chín trăm ba mươi lăm hai trăm mười chín,work,1,usable,user1,2026-05-26T03:20:20.867384+00:00,1,/kaggle/working/asr_quality_classifier/data/audio/data2/50006520251108204810_005_a1046a42-4c44-482a-a64b-1aff1f7b8192/clone1.wav,1,0,0.74,False Negative,0.26
user1,50006520251108204810_005_a1046a42-4c44-482a-a64b-1aff1f7b8192/clone8.wav,50006520251108204810_005_a1046a42-4c44-482a-a64b-1aff1f7b8192,clone8.wav,dạ rồi dạ rồi chị ơi chị chị đọc giúp giùm ạ chín trăm ba mươi lăm hai trăm mười chín,work,1,usable,user1,2026-05-25T07:40:52.195994+00:00,1,/kaggle/working/asr_quality_classifier/data/audio/data2/50006520251108204810_005_a1046a42-4c44-482a-a64b-1aff1f7b8192/clone8.wav,1,0,0.74,False Negative,0.26
user5,50010320251107151315_007_12b52151-b30b-4f31-8338-bb89f3330185/clone6.wav,50010320251107151315_007_12b52151-b30b-4f31-8338-bb89f3330185,clone6.wav,"dạ vâng ạ dạ em cảm ơn chị ạ dạ em cảm ơn chị, em chào chị dạ",work,1,usable,user5,2026-05-26T03:09:26.688852+00:00,1,/kaggle/working/asr_quality_classifier/data/audio/data2/50010320251107151315_007_12b52151-b30b-4f31-8338-bb89f3330185/clone6.wav,1,0,0.74,False Negative,0.26
user5,50010320251107180418_001_c7bc6713-335b-4d36-ba8a-30c9b294b8a0/clone1.wav,50010320251107180418_001_c7bc6713-335b-4d36-ba8a-30c9b294b8a0,clone1.wav,hỏi được tại vì không thấy tin nhắn dạ thì em bạn đọc giúp mình với em có mã vận đơn chị em đọc cho chị luôn nhé,work,1,usable,user5,2026-05-25T08:27:44.417703+00:00,1,/kaggle/working/asr_quality_classifier/data/audio/data2/50010320251107180418_001_c7bc6713-335b-4d36-ba8a-30c9b294b8a0/clone1.wav,1,0,0.74,False Negative,0.26
user1,50010320251107180418_001_c7bc6713-335b-4d36-ba8a-30c9b294b8a0/clone3.wav,50010320251107180418_001_c7bc6713-335b-4d36-ba8a-30c9b294b8a0,clone3.wav,hỏi được tại vì không thấy tin nhắn dạ thì em bạn đọc giúp mình với em có mã vận đơn chị em đọc cho chị luôn nhé,work,1,usable,user1,2026-05-26T03:01:56.893482+00:00,1,/kaggle/working/asr_quality_classifier/data/audio/data2/50010320251107180418_001_c7bc6713-335b-4d36-ba8a-30c9b294b8a0/clone3.wav,1,0,0.74,False Negative,0.26
user4,50010320251107180418_001_c7bc6713-335b-4d36-ba8a-30c9b294b8a0/clone8.wav,50010320251107180418_001_c7bc6713-335b-4d36-ba8a-30c9b294b8a0,clone8.wav,hỏi được tại vì không thấy tin nhắn dạ thì em bạn đọc giúp mình với em có mã vận đơn chị em đọc cho chị luôn nhé,work,1,usable,user4,2026-05-26T03:05:23.720899+00:00,1,/kaggle/working/asr_quality_classifier/data/audio/data2/50010320251107180418_001_c7bc6713-335b-4d36-ba8a-30c9b294b8a0/clone8.wav,1,0,0.74,False Negative,0.26
user6,50010320251107180418_008_677d99e3-f68f-46e5-a914-ed1e608b691f/clone5.wav,50010320251107180418_008_677d99e3-f68f-46e5-a914-ed1e608b691f,clone5.wav,rồi tám trăm hai mươi bảy tám trăm hai mươi bảy bốn nghìn bảy trăm tám mươi bảy bốn nghìn bảy trăm tám mươi bảy dạ ờ cái cái cái mã này cái cái đơn này là xíp từ ngày bao nhiêu ạ bạn có biết không?,work,1,usable,user6,2026-05-25T08:56:58.311475+00:00,1,/kaggle/working/asr_quality_classifier/data/audio/data2/50010320251107180418_008_677d99e3-f68f-46e5-a914-ed1e608b691f/clone5.wav,1,0,0.74,False Negative,0.26
user7,50010320251110094155_013_b7d36476-4202-41b4-b12c-ed1451d8bf01/clone6.wav,50010320251110094155_013_b7d36476-4202-41b4-b12c-ed1451d8bf01,clone6.wav,người ta báo là gọi lên trên a tổng đài của tổng đài thôi chứ không nói tổng đài nào vâng ạ hỏi rõ lại cho em ấy tại vì trường hợp mà lỗi về kỹ thuật xe thì mình bên em sẽ tư vấn anh là ra bên phía để làm việc còn trường hợp mà phía xanh ét em họ đang tư vấn cho anh là ừm báo đổi pin ấy ạ thì mình sẽ hỏi xem là họ báo anh liên hệ bên tổng đài nào,work,1,usable,user7,2026-05-26T03:24:17.291772+00:00,1,/kaggle/working/asr_quality_classifier/data/audio/data2/50010320251110094155_013_b7d36476-4202-41b4-b12c-ed1451d8bf01/clone6.wav,1,0,0.74,False Negative,0.26
user7,50010320251110162242_004_bbe179a3-2fc1-45f8-b01e-d0c368184143/clone3.wav,50010320251110162242_004_bbe179a3-2fc1-45f8-b01e-d0c368184143,clone3.wav,"tức là phải ra đấy trao đổi xong rồi người ta đồng ý thì mới gọi điện cho các chị để chuyển hả chị? đúng rồi ạ tại vì trường hợp mà chuyển đơn xuống họ đang không có xe giao cho anh và cũng không nhận được thông tin từ anh lại khó đấy anh dạ vâng thế thế thì thế là em ra đại lý em bảo báo bộ bên chị ấy dạ vâng vâng, vâng, chị trao đổi với họ giúp em nhá dạ vâng, vâng, em cảm ơn chị mà em cảm ơn ạ",work,1,usable,user7,2026-05-25T07:23:07.308561+00:00,1,/kaggle/working/asr_quality_classifier/data/audio/data2/50010320251110162242_004_bbe179a3-2fc1-45f8-b01e-d0c368184143/clone3.wav,1,0,0.74,False Negative,0.26
user4,50010320251110162242_004_bbe179a3-2fc1-45f8-b01e-d0c368184143/clone7.wav,50010320251110162242_004_bbe179a3-2fc1-45f8-b01e-d0c368184143,clone7.wav,"tức là phải ra đấy trao đổi xong rồi người ta đồng ý thì mới gọi điện cho các chị để chuyển hả chị? đúng rồi ạ tại vì trường hợp mà chuyển đơn xuống họ đang không có xe giao cho anh và cũng không nhận được thông tin từ anh lại khó đấy anh dạ vâng thế thế thì thế là em ra đại lý em bảo báo bộ bên chị ấy dạ vâng vâng, vâng, chị trao đổi với họ giúp em nhá dạ vâng, vâng, em cảm ơn chị mà em cảm ơn ạ",work,1,usable,user4,2026-05-26T02:16:25.343553+00:00,1,/kaggle/working/asr_quality_classifier/data/audio/data2/50010320251110162242_004_bbe179a3-2fc1-45f8-b01e-d0c368184143/clone7.wav,1,0,0.74,False Negative,0.26
user2,50010720251114100234_008_f491f1c7-c2a6-45a2-b525-3b4adc55ec32/clone3.wav,50010720251114100234_008_f491f1c7-c2a6-45a2-b525-3b4adc55ec32,clone3.wav,tư vấn giúp em nhá,work,1,usable,user2,2026-05-25T08:38:46.077240+00:00,1,/kaggle/working/asr_quality_classifier/data/audio/data2/50010720251114100234_008_f491f1c7-c2a6-45a2-b525-3b4adc55ec32/clone3.wav,1,0,0.74,False Negative,0.26
user2,50010720251114100234_009_edcc1cd5-af8e-49b9-924c-e3002d21d434/clone6.wav,50010720251114100234_009_edcc1cd5-af8e-49b9-924c-e3002d21d434,clone6.wav,gọi vào số ở đâu ấy nhỉ?,work,1,usable,user2,2026-05-25T05:26:14.758470+00:00,1,/kaggle/working/asr_quality_classifier/data/audio/data2/50010720251114100234_009_edcc1cd5-af8e-49b9-924c-e3002d21d434/clone6.wav,1,0,0.74,False Negative,0.26
user7,50010720251114100234_009_edcc1cd5-af8e-49b9-924c-e3002d21d434/clone7.wav,50010720251114100234_009_edcc1cd5-af8e-49b9-924c-e3002d21d434,clone7.wav,gọi vào số ở đâu ấy nhỉ?,work,1,usable,user7,2026-05-26T03:05:28.500900+00:00,1,/kaggle/working/asr_quality_classifier/data/audio/data2/50010720251114100234_009_edcc1cd5-af8e-49b9-924c-e3002d21d434/clone7.wav,1,0,0.74,False Negative,0.26
user3,50010820251101121931_005_6eb8c6b3-1374-482d-873f-769552253c1e/clone5.wav,50010820251101121931_005_6eb8c6b3-1374-482d-873f-769552253c1e,clone5.wav,để mà để hỏi chi tiết về đơn hàng anh có thể trao đổi trực tiếp với em bạn tư vấn bán hàng của anh nhá em không biết là anh có đầu mối làm việc ở bên kinh doanh chưa?,work,1,usable,user3,2026-05-25T07:43:01.023583+00:00,1,/kaggle/working/asr_quality_classifier/data/audio/data2/50010820251101121931_005_6eb8c6b3-1374-482d-873f-769552253c1e/clone5.wav,1,0,0.74,False Negative,0.26
user3,50010820251101121931_006_ab57e4ac-7e4f-4193-aa78-73117fd728d8/clone2.wav,50010820251101121931_006_ab57e4ac-7e4f-4193-aa78-73117fd728d8,clone2.wav,"em có rồi, em nhắn tin cho bác ấy hôm lâu rồi em chuyển cả tiền đối ứng rồi mà thấy ở trên áp ấy ở trên áp của em ấy nó vẫn chưa hiện lên đơn thanh toán mà cách đây khoảng tầm năm ngày rồi vâng ạ",work,1,usable,user3,2026-05-26T03:21:57.154501+00:00,1,/kaggle/working/asr_quality_classifier/data/audio/data2/50010820251101121931_006_ab57e4ac-7e4f-4193-aa78-73117fd728d8/clone2.wav,1,0,0.74,False Negative,0.26
user6,50010820251101121931_006_ab57e4ac-7e4f-4193-aa78-73117fd728d8/clone4.wav,50010820251101121931_006_ab57e4ac-7e4f-4193-aa78-73117fd728d8,clone4.wav,"em có rồi, em nhắn tin cho bác ấy hôm lâu rồi em chuyển cả tiền đối ứng rồi mà thấy ở trên áp ấy ở trên áp của em ấy nó vẫn chưa hiện lên đơn thanh toán mà cách đây khoảng tầm năm ngày rồi vâng ạ",work,1,usable,user6,2026-05-25T09:39:06.587128+00:00,1,/kaggle/working/asr_quality_classifier/data/audio/data2/50010820251101121931_006_ab57e4ac-7e4f-4193-aa78-73117fd728d8/clone4.wav,1,0,0.74,False Negative,0.26
user3,50010820251101165547_002_50859a72-04f0-42d9-80e6-78c7338e8b49/clone3.wav,50010820251101165547_002_50859a72-04f0-42d9-80e6-78c7338e8b49,clone3.wav,"em nghê dạ, em thấy gọi nhỡ của mình, anh cần hỗ trợ gì không anh?",work,1,usable,user3,2026-05-26T03:34:32.831852+00:00,1,/kaggle/working/asr_quality_classifier/data/audio/data2/50010820251101165547_002_50859a72-04f0-42d9-80e6-78c7338e8b49/clone3.wav,1,0,0.74,False Negative,0.26
user2,50010820251101165547_009_15011745-8036-4ae8-8c6e-2241fdb9307a/clone1.wav,50010820251101165547_009_15011745-8036-4ae8-8c6e-2241fdb9307a,clone1.wav,"xăng nó không cho vô làm nó kêu không có xe điện loại môtô mà chỉ đổi xăng thôi mà vâng, em hiểu rồi anh cứ bảo cả bên công ty anh là chưa nhận được xe bàn giao cho đơn hàng bên vinfast tiến nhận quá lớn là được rồi ạ và hiện tại bên em rất sẽ cố gắng cập nhật thông tin hằng ngày có thông tin cụ thể em sẽ báo anh luôn rồi rồi rồi dạ vâng ạ",work,1,usable,user2,2026-05-25T05:05:08.421896+00:00,1,/kaggle/working/asr_quality_classifier/data/audio/data2/50010820251101165547_009_15011745-8036-4ae8-8c6e-2241fdb9307a/clone1.wav,1,0,0.74,False Negative,0.26
user5,50010720251103123225_012_9d840c82-846c-4e38-b0ae-12ba5b9b83a6/clone4.wav,50010720251103123225_012_9d840c82-846c-4e38-b0ae-12ba5b9b83a6,clone4.wav,ờ tiền đấy nó đã dựa trên cái thời gian mà mình mua xe rồi đấy ạ còn cụ thể nếu mà anh đã thay thế đổi trả pin rồi thì bên em mình đến cơ sở làm thủ tục thì phải kiểm tra lại seri pin nữa,work,1,usable,user5,2026-05-26T04:35:54.544968+00:00,1,/kaggle/working/asr_quality_classifier/data/audio/data2/50010720251103123225_012_9d840c82-846c-4e38-b0ae-12ba5b9b83a6/clone4.wav,1,0,0.74,False Negative,0.26
user4,50010720251103123225_012_9d840c82-846c-4e38-b0ae-12ba5b9b83a6/clone7.wav,50010720251103123225_012_9d840c82-846c-4e38-b0ae-12ba5b9b83a6,clone7.wav,ờ tiền đấy nó đã dựa trên cái thời gian mà mình mua xe rồi đấy ạ còn cụ thể nếu mà anh đã thay thế đổi trả pin rồi thì bên em mình đến cơ sở làm thủ tục thì phải kiểm tra lại seri pin nữa,work,1,usable,user4,2026-05-25T07:13:45.849698+00:00,1,/kaggle/working/asr_quality_classifier/data/audio/data2/50010720251103123225_012_9d840c82-846c-4e38-b0ae-12ba5b9b83a6/clone7.wav,1,0,0.74,False Negative,0.26
user6,50010720251103123225_015_9334cbfd-605d-4bab-807e-7c123e0ac8cf/clone7.wav,50010720251103123225_015_9334cbfd-605d-4bab-807e-7c123e0ac8cf,clone7.wav,"dạ em xin phép gác máy anh nhá ờ ok, ok dạ dạ",work,1,usable,user6,2026-05-25T08:01:52.224263+00:00,1,/kaggle/working/asr_quality_classifier/data/audio/data2/50010720251103123225_015_9334cbfd-605d-4bab-807e-7c123e0ac8cf/clone7.wav,1,0,0.74,False Negative,0.26
user7,50010720251114072751_003_ecaf0e1f-0b1d-4260-b91d-7677d8297619/clone6.wav,50010720251114072751_003_ecaf0e1f-0b1d-4260-b91d-7677d8297619,clone6.wav,dạ dạ dạ em cảm ơn chị ạ dạ vâng,work,1,usable,user7,2026-05-26T03:22:59.338627+00:00,1,/kaggle/working/asr_quality_classifier/data/audio/data2/50010720251114072751_003_ecaf0e1f-0b1d-4260-b91d-7677d8297619/clone6.wav,1,0,0.74,False Negative,0.26
user1,50010720251114100234_001_69a9644a-1d2f-4cb8-9cd6-76b5a23db090/clone5.wav,50010720251114100234_001_69a9644a-1d2f-4cb8-9cd6-76b5a23db090,clone5.wav,"vâng em liên hệ lại từ trung tâm xe máy việt phát nhá mình có cuộc gọi nhỡ mà chị có đang cần hỗ trợ gì không ạ? à, chị đang bảo là chị",work,1,usable,user1,2026-05-26T04:09:10.081761+00:00,1,/kaggle/working/asr_quality_classifier/data/audio/data2/50010720251114100234_001_69a9644a-1d2f-4cb8-9cd6-76b5a23db090/clone5.wav,1,0,0.74,False Negative,0.26
user1,50010720251114100234_001_69a9644a-1d2f-4cb8-9cd6-76b5a23db090/clone7.wav,50010720251114100234_001_69a9644a-1d2f-4cb8-9cd6-76b5a23db090,clone7.wav,"vâng em liên hệ lại từ trung tâm xe máy việt phát nhá mình có cuộc gọi nhỡ mà chị có đang cần hỗ trợ gì không ạ? à, chị đang bảo là chị",work,1,usable,user1,2026-05-25T07:48:19.169940+00:00,1,/kaggle/working/asr_quality_classifier/data/audio/data2/50010720251114100234_001_69a9644a-1d2f-4cb8-9cd6-76b5a23db090/clone7.wav,1,0,0.74,False Negative,0.26
user2,50010720251114100234_007_348b3f4b-3aa5-4338-b3ad-18508623d9c2/clone2.wav,50010720251114100234_007_348b3f4b-3aa5-4338-b3ad-18508623d9c2,clone2.wav,"cơ sở việt phát huy hoàng ấy thì về vấn đề tam giác các bạn ấy sẽ đại lý các bạn ấy sẽ hỗ trợ mình vâng, hai trăm chín mươi lạch tray thì gọi trực tiếp qua số cửa hàng để các bạn",work,1,usable,user2,2026-05-25T09:08:40.015703+00:00,1,/kaggle/working/asr_quality_classifier/data/audio/data2/50010720251114100234_007_348b3f4b-3aa5-4338-b3ad-18508623d9c2/clone2.wav,1,0,0.74,False Negative,0.26
user3,50010720251114100234_008_f491f1c7-c2a6-45a2-b525-3b4adc55ec32/clone2.wav,50010720251114100234_008_f491f1c7-c2a6-45a2-b525-3b4adc55ec32,clone2.wav,tư vấn giúp em nhá,work,1,usable,user3,2026-05-25T07:15:26.356610+00:00,1,/kaggle/working/asr_quality_classifier/data/audio/data2/50010720251114100234_008_f491f1c7-c2a6-45a2-b525-3b4adc55ec32/clone2.wav,1,0,0.74,False Negative,0.26
user2,50010320251112213611_005_6ca00e2b-d54d-433c-a7da-1b3e8bf814c9/clone2.wav,50010320251112213611_005_6ca00e2b-d54d-433c-a7da-1b3e8bf814c9,clone2.wav,"thì em muốn hỏi chị là khi mà em sạc pin đầy xong rồi đấy thì em rút sạc, em rút ở cái",work,1,usable,user2,2026-05-25T05:17:52.704471+00:00,1,/kaggle/working/asr_quality_classifier/data/audio/data2/50010320251112213611_005_6ca00e2b-d54d-433c-a7da-1b3e8bf814c9/clone2.wav,1,0,0.74,False Negative,0.26
user6,50010320251112213611_005_6ca00e2b-d54d-433c-a7da-1b3e8bf814c9/clone4.wav,50010320251112213611_005_6ca00e2b-d54d-433c-a7da-1b3e8bf814c9,clone4.wav,"thì em muốn hỏi chị là khi mà em sạc pin đầy xong rồi đấy thì em rút sạc, em rút ở cái",work,1,usable,user6,2026-05-25T07:20:45.400729+00:00,1,/kaggle/working/asr_quality_classifier/data/audio/data2/50010320251112213611_005_6ca00e2b-d54d-433c-a7da-1b3e8bf814c9/clone4.wav,1,0,0.74,False Negative,0.26
user6,50010320251113164849_003_266027b5-bc6b-48f2-a0a7-d3d7bb02b913/clone1.wav,50010320251113164849_003_266027b5-bc6b-48f2-a0a7-d3d7bb02b913,clone1.wav,rồi đến bốn phần trăm còn bây giờ là từ bốn phần trăm với đến thu xăng đổi điện tức là cái khúc sau này á nó có lợi hơn cho cho cho cho khách hàng,work,1,usable,user6,2026-05-25T09:40:22.704952+00:00,1,/kaggle/working/asr_quality_classifier/data/audio/data2/50010320251113164849_003_266027b5-bc6b-48f2-a0a7-d3d7bb02b913/clone1.wav,1,0,0.74,False Negative,0.26
user6,50010320251113164849_003_266027b5-bc6b-48f2-a0a7-d3d7bb02b913/clone5.wav,50010320251113164849_003_266027b5-bc6b-48f2-a0a7-d3d7bb02b913,clone5.wav,rồi đến bốn phần trăm còn bây giờ là từ bốn phần trăm với đến thu xăng đổi điện tức là cái khúc sau này á nó có lợi hơn cho cho cho cho khách hàng,work,1,usable,user6,2026-05-25T09:40:22.705094+00:00,1,/kaggle/working/asr_quality_classifier/data/audio/data2/50010320251113164849_003_266027b5-bc6b-48f2-a0a7-d3d7bb02b913/clone5.wav,1,0,0.74,False Negative,0.26
user7,50010320251113164849_003_266027b5-bc6b-48f2-a0a7-d3d7bb02b913/clone6.wav,50010320251113164849_003_266027b5-bc6b-48f2-a0a7-d3d7bb02b913,clone6.wav,rồi đến bốn phần trăm còn bây giờ là từ bốn phần trăm với đến thu xăng đổi điện tức là cái khúc sau này á nó có lợi hơn cho cho cho cho khách hàng,work,1,usable,user7,2026-05-25T08:52:03.731313+00:00,1,/kaggle/working/asr_quality_classifier/data/audio/data2/50010320251113164849_003_266027b5-bc6b-48f2-a0a7-d3d7bb02b913/clone6.wav,1,0,0.74,False Negative,0.26
user2,50010720251101121934_001_9ef59b44-3fda-4f27-b406-0a5da196cb2f/clone5.wav,50010720251101121934_001_9ef59b44-3fda-4f27-b406-0a5da196cb2f,clone5.wav,ờ em liên hệ từ phòng chăm sóc khách hàng vinfast thì mình có cuộc gọi nhỡ không biết anh có đang cần hỗ trợ gì không ạ?,work,1,usable,user2,2026-05-25T05:29:29.743472+00:00,1,/kaggle/working/asr_quality_classifier/data/audio/data2/50010720251101121934_001_9ef59b44-3fda-4f27-b406-0a5da196cb2f/clone5.wav,1,0,0.74,False Negative,0.26
user5,50010720251101121934_008_bd5aa9be-a25c-4e4d-ba10-71b5b5e576c5/clone3.wav,50010720251101121934_008_bd5aa9be-a25c-4e4d-ba10-71b5b5e576c5,clone3.wav,hôm thấy có thông tin ở trên mạng phây-búc ấy,work,1,usable,user5,2026-05-26T04:48:19.562650+00:00,1,/kaggle/working/asr_quality_classifier/data/audio/data2/50010720251101121934_008_bd5aa9be-a25c-4e4d-ba10-71b5b5e576c5/clone3.wav,1,0,0.74,False Negative,0.26
user4,50010720251101121934_011_55ef484f-0224-41ec-8b9d-5e5e0e3ccc49/clone6.wav,50010720251101121934_011_55ef484f-0224-41ec-8b9d-5e5e0e3ccc49,clone6.wav,con anh muốn đi học sửa chữa,work,1,usable,user4,2026-05-25T08:53:45.572052+00:00,1,/kaggle/working/asr_quality_classifier/data/audio/data2/50010720251101121934_011_55ef484f-0224-41ec-8b9d-5e5e0e3ccc49/clone6.wav,1,0,0.74,False Negative,0.26
user7,50007120251102194016_004_2e39d436-2d8d-4174-9ca9-af06d65c0410/clone7.wav,50007120251102194016_004_2e39d436-2d8d-4174-9ca9-af06d65c0410,clone7.wav,"cái bộ esim mà nó là do phần cứng trên xe, anh phải qua bên xưởng dịch vụ ấy, xưởng sửa chữa ấy ấy để các bạn kiểm tra cho mình nếu như mà vừa rồi mấy ngày vừa rồi anh vẫn đi xe bình thường",work,1,usable,user7,2026-05-26T03:47:00.899271+00:00,1,/kaggle/working/asr_quality_classifier/data/audio/data2/50007120251102194016_004_2e39d436-2d8d-4174-9ca9-af06d65c0410/clone7.wav,1,0,0.74,False Negative,0.26
user4,50007120251102194016_004_2e39d436-2d8d-4174-9ca9-af06d65c0410/clone8.wav,50007120251102194016_004_2e39d436-2d8d-4174-9ca9-af06d65c0410,clone8.wav,"cái bộ esim mà nó là do phần cứng trên xe, anh phải qua bên xưởng dịch vụ ấy, xưởng sửa chữa ấy ấy để các bạn kiểm tra cho mình nếu như mà vừa rồi mấy ngày vừa rồi anh vẫn đi xe bình thường",work,1,usable,user4,2026-05-26T05:00:51.336753+00:00,1,/kaggle/working/asr_quality_classifier/data/audio/data2/50007120251102194016_004_2e39d436-2d8d-4174-9ca9-af06d65c0410/clone8.wav,1,0,0.74,False Negative,0.26
user5,50007120251102194016_008_dd297842-88c6-40e3-b4e5-e3c0201637d6/clone7.wav,50007120251102194016_008_dd297842-88c6-40e3-b4e5-e3c0201637d6,clone7.wav,tra mới biết được anh ạ chập chờn thì các bạn khắc phục được đấy còn nếu mà hỏng thì phải thay,work,1,usable,user5,2026-05-25T07:05:09.472821+00:00,1,/kaggle/working/asr_quality_classifier/data/audio/data2/50007120251102194016_008_dd297842-88c6-40e3-b4e5-e3c0201637d6/clone7.wav,1,0,0.74,False Negative,0.26
user6,50007120251102194016_010_2469b0e5-fe49-42d7-ac3d-4bdbad7e5b1a/clone6.wav,50007120251102194016_010_2469b0e5-fe49-42d7-ac3d-4bdbad7e5b1a,clone6.wav,rồi rồi dạ vâng em chào anh,work,1,usable,user6,2026-05-26T03:13:50.602838+00:00,1,/kaggle/working/asr_quality_classifier/data/audio/data2/50007120251102194016_010_2469b0e5-fe49-42d7-ac3d-4bdbad7e5b1a/clone6.wav,1,0,0.74,False Negative,0.26
user5,50007120251102194016_010_2469b0e5-fe49-42d7-ac3d-4bdbad7e5b1a/clone8.wav,50007120251102194016_010_2469b0e5-fe49-42d7-ac3d-4bdbad7e5b1a,clone8.wav,rồi rồi dạ vâng em chào anh,work,1,usable,user5,2026-05-25T09:34:19.224930+00:00,1,/kaggle/working/asr_quality_classifier/data/audio/data2/50007120251102194016_010_2469b0e5-fe49-42d7-ac3d-4bdbad7e5b1a/clone8.wav,1,0,0.74,False Negative,0.26
user3,50007120251108134655_005_ad97ad47-1b00-405a-9f1c-9df184db91a6/clone6.wav,50007120251108134655_005_ad97ad47-1b00-405a-9f1c-9df184db91a6,clone6.wav,"vâng, tại vì sáng nay em cũng làm thử là thoát ra đăng đăng nhập lại thì cũng vẫn không quét được vẫn ghi là át-min cái gì mà không có át-min cái gì vâng, bây giờ là được rồi chị ạ có mã khách hàng rồi, có tài khoản sạc rồi ok, vâng, vâng em cảm ơn anh ạ dạ vâng, vâng em chào anh ạ cảm ơn chị",work,1,usable,user3,2026-05-25T08:21:44.978226+00:00,1,/kaggle/working/asr_quality_classifier/data/audio/data2/50007120251108134655_005_ad97ad47-1b00-405a-9f1c-9df184db91a6/clone6.wav,1,0,0.74,False Negative,0.26
user5,50010320251112213611_000_fceb43c1-6380-43ff-8224-7182342a7fc4/clone6.wav,50010320251112213611_000_fceb43c1-6380-43ff-8224-7182342a7fc4,clone6.wav,"a-lô, ạ vâng, vâng em bên tổng đài vinfast đây ạ em có thấy mình có gọi nhỡ ở bên em đấy ạ",work,1,usable,user5,2026-05-25T09:38:59.713413+00:00,1,/kaggle/working/asr_quality_classifier/data/audio/data2/50010320251112213611_000_fceb43c1-6380-43ff-8224-7182342a7fc4/clone6.wav,1,0,0.74,False Negative,0.26
user5,50010320251112213611_003_de97e742-db13-411d-8753-de32dc7d6639/clone6.wav,50010320251112213611_003_de97e742-db13-411d-8753-de32dc7d6639,clone6.wav,khi mà em sạc xe đấy ạ,work,1,usable,user5,2026-05-26T03:45:32.000613+00:00,1,/kaggle/working/asr_quality_classifier/data/audio/data2/50010320251112213611_003_de97e742-db13-411d-8753-de32dc7d6639/clone6.wav,1,0,0.74,False Negative,0.26
user5,50006420251104103118_005_66f850c1-42b2-44e7-ac8c-fab9712539f6/clone1.wav,50006420251104103118_005_66f850c1-42b2-44e7-ac8c-fab9712539f6,clone1.wav,hiện tại là mình đang muốn đổi số điện thoại đăng nhập áp mà ở trong ừm,work,1,usable,user5,2026-05-26T03:14:13.817032+00:00,1,/kaggle/working/asr_quality_classifier/data/audio/data2/50006420251104103118_005_66f850c1-42b2-44e7-ac8c-fab9712539f6/clone1.wav,1,0,0.74,False Negative,0.26
user6,50006520251103102847_003_b6262b73-c300-4087-9829-efb302eed3ae/clone2.wav,50006520251103102847_003_b6262b73-c300-4087-9829-efb302eed3ae,clone2.wav,gần nhất của vinfast quận chín là ở đâu ta?,work,1,usable,user6,2026-05-26T03:05:15.270034+00:00,1,/kaggle/working/asr_quality_classifier/data/audio/data2/50006520251103102847_003_b6262b73-c300-4087-9829-efb302eed3ae/clone2.wav,1,0,0.74,False Negative,0.26
user1,50006520251103102847_003_b6262b73-c300-4087-9829-efb302eed3ae/clone5.wav,50006520251103102847_003_b6262b73-c300-4087-9829-efb302eed3ae,clone5.wav,gần nhất của vinfast quận chín là ở đâu ta?,work,1,usable,user1,2026-05-25T09:33:19.479873+00:00,1,/kaggle/working/asr_quality_classifier/data/audio/data2/50006520251103102847_003_b6262b73-c300-4087-9829-efb302eed3ae/clone5.wav,1,0,0.74,False Negative,0.26
user7,50006520251103102847_013_ed566c5b-5bea-4232-be9b-da579b1451cc/clone1.wav,50006520251103102847_013_ed566c5b-5bea-4232-be9b-da579b1451cc,clone1.wav,"một trăm tám mươi hai vâng, chị liên hệ với các bạn bên tám trăm năm mươi ba năm trăm bốn mươi mốt tám mươi mốt tám mươi hai đúng không?",work,1,usable,user7,2026-05-26T02:58:53.228764+00:00,1,/kaggle/working/asr_quality_classifier/data/audio/data2/50006520251103102847_013_ed566c5b-5bea-4232-be9b-da579b1451cc/clone1.wav,1,0,0.74,False Negative,0.26
user3,50006520251103102847_016_6347acea-891c-4534-af81-fa31caf88303/clone4.wav,50006520251103102847_016_6347acea-891c-4534-af81-fa31caf88303,clone4.wav,"ừ, ok ok ok rồi chị gọi chị cảm ơn em nhá dạ vâng, em cảm ơn chị chào chị ừ, ừ",work,1,usable,user3,2026-05-25T08:07:32.380249+00:00,1,/kaggle/working/asr_quality_classifier/data/audio/data2/50006520251103102847_016_6347acea-891c-4534-af81-fa31caf88303/clone4.wav,1,0,0.74,False Negative,0.26
user4,50006520251103124102_000_971252aa-9d33-4886-90f4-2ad561c727f5/clone2.wav,50006520251103124102_000_971252aa-9d33-4886-90f4-2ad561c727f5,clone2.wav,"a-lô vâng anh chào chị gọi lại chị từ bên vinfast ạ em thấy mình có cuộc gọi nhỡ lên tổng đài không biết là chị đang cần hỗ trợ gì ạ? ừm đúng rồi em chị có nhận được cái tin nhắn là mua cái mua lại cái pin theo cái thời gian được khấu hao ấy dạ vâng ừ ưu đãi tám mươi sáu phần trăm á em về kiểm tra cho chị xem là viên pin của chị thì nếu mà mua thì được ưu đãi lại giá bây giờ mà chuyển đổi là bao nhiêu? hiện tại thì mình sẽ phải mang xe và pin qua đại lý để các bạn check xê-ri pin của chị tuổi thọ của pin, dung lượng của pin để báo đến chị cái giá chính xác nhất hiện tại thì chị đang sử dụng dòng xe gì và mua năm bao nhiêu hả chị?",work,1,usable,user4,2026-05-25T07:36:00.536359+00:00,1,/kaggle/working/asr_quality_classifier/data/audio/data2/50006520251103124102_000_971252aa-9d33-4886-90f4-2ad561c727f5/clone2.wav,1,0,0.74,False Negative,0.26
user6,50006520251108152611_002_41471de7-1826-48d6-a3c2-22c1c3d2a6eb/clone1.wav,50006520251108152611_002_41471de7-1826-48d6-a3c2-22c1c3d2a6eb,clone1.wav,"đơn hàng xe máy điện à anh? đúng rồi, xe máy điện",work,1,usable,user6,2026-05-26T03:12:14.444838+00:00,1,/kaggle/working/asr_quality_classifier/data/audio/data2/50006520251108152611_002_41471de7-1826-48d6-a3c2-22c1c3d2a6eb/clone1.wav,1,0,0.74,False Negative,0.26
user6,50006520251108152611_002_41471de7-1826-48d6-a3c2-22c1c3d2a6eb/clone7.wav,50006520251108152611_002_41471de7-1826-48d6-a3c2-22c1c3d2a6eb,clone7.wav,"đơn hàng xe máy điện à anh? đúng rồi, xe máy điện",work,1,usable,user6,2026-05-26T03:12:14.444979+00:00,1,/kaggle/working/asr_quality_classifier/data/audio/data2/50006520251108152611_002_41471de7-1826-48d6-a3c2-22c1c3d2a6eb/clone7.wav,1,0,0.74,False Negative,0.26
user6,50010820251109091538_000_8305c21b-7956-4d78-92bc-2c8b759dafa1/clone2.wav,50010820251109091538_000_8305c21b-7956-4d78-92bc-2c8b759dafa1,clone2.wav,"à, đúng rồi a-lô em chào anh ạ em dũng ở tổng đài vinfast anh ạ ờ dạ em thấy gọi nhỡ anh cần em hỗ trợ gì không?",work,1,usable,user6,2026-05-25T09:12:50.731705+00:00,1,/kaggle/working/asr_quality_classifier/data/audio/data2/50010820251109091538_000_8305c21b-7956-4d78-92bc-2c8b759dafa1/clone2.wav,1,0,0.74,False Negative,0.26
user4,50010820251109091538_000_8305c21b-7956-4d78-92bc-2c8b759dafa1/clone3.wav,50010820251109091538_000_8305c21b-7956-4d78-92bc-2c8b759dafa1,clone3.wav,"à, đúng rồi a-lô em chào anh ạ em dũng ở tổng đài vinfast anh ạ ờ dạ em thấy gọi nhỡ anh cần em hỗ trợ gì không?",work,1,usable,user4,2026-05-25T09:01:12.544322+00:00,1,/kaggle/working/asr_quality_classifier/data/audio/data2/50010820251109091538_000_8305c21b-7956-4d78-92bc-2c8b759dafa1/clone3.wav,1,0,0.74,False Negative,0.26
user1,50006420251102091520_009_86876ec4-bb50-4461-abbc-bcc9002b5009/clone1.wav,50006420251102091520_009_86876ec4-bb50-4461-abbc-bcc9002b5009,clone1.wav,cái này thì anh có thể trừ trừ đi cái ưu đãi được không? em nó sẽ trừ lũy kế anh ạ,work,1,usable,user1,2026-05-26T04:32:22.804711+00:00,1,/kaggle/working/asr_quality_classifier/data/audio/data2/50006420251102091520_009_86876ec4-bb50-4461-abbc-bcc9002b5009/clone1.wav,1,0,0.74,False Negative,0.26
user2,50006420251102091520_009_86876ec4-bb50-4461-abbc-bcc9002b5009/clone5.wav,50006420251102091520_009_86876ec4-bb50-4461-abbc-bcc9002b5009,clone5.wav,cái này thì anh có thể trừ trừ đi cái ưu đãi được không? em nó sẽ trừ lũy kế anh ạ,work,1,usable,user2,2026-05-26T01:51:46.337679+00:00,1,/kaggle/working/asr_quality_classifier/data/audio/data2/50006420251102091520_009_86876ec4-bb50-4461-abbc-bcc9002b5009/clone5.wav,1,0,0.74,False Negative,0.26
user5,50006420251102091520_013_61af54cd-c687-4f58-bc8c-c8405ad0c106/clone7.wav,50006420251102091520_013_61af54cd-c687-4f58-bc8c-c8405ad0c106,clone7.wav,rồi rồi rồi nhá à giá của nó hai mươi lăm nghìn chín trăm á? hai mươi lăm nghìn chín trăm là giá niêm yết anh nhá ừm ừm dạ rồi rồi nhá,work,1,usable,user5,2026-05-25T07:19:41.911877+00:00,1,/kaggle/working/asr_quality_classifier/data/audio/data2/50006420251102091520_013_61af54cd-c687-4f58-bc8c-c8405ad0c106/clone7.wav,1,0,0.74,False Negative,0.26
user1,50006420251103153147_002_008d9116-9f15-4a11-807f-25aef2afae82/clone2.wav,50006420251103153147_002_008d9116-9f15-4a11-807f-25aef2afae82,clone2.wav,anh cho em xin lại có nghĩa mình đã đăng ký ở trên dịch vụ công rồi bây's ra lấy biển thì các bạn công an yêu cầu bản cứng đúng không anh? đúng rồi bạn ạ thế em hiểu rồi,work,1,usable,user1,2026-05-25T07:25:38.232165+00:00,1,/kaggle/working/asr_quality_classifier/data/audio/data2/50006420251103153147_002_008d9116-9f15-4a11-807f-25aef2afae82/clone2.wav,1,0,0.74,False Negative,0.26
user1,50006420251103153147_005_5ce68dbd-9dd5-400c-8058-3e365cab4e01/clone6.wav,50006420251103153147_005_5ce68dbd-9dd5-400c-8058-3e365cab4e01,clone6.wav,"cái này thì em xin phép ghi nhận thông tin để chuyển bộ phận liên quan để các bạn ấy hỗ trợ nhá sẽ cần phải hỗ trợ để gửi bản cứng cho anh ấy nhưng mà sẽ cần phải mất thời gian để xử lý nữa anh ạ thật ra thì nhiều địa phương thì họ lại không yêu cầu bản cứng nhưng mà nhiều địa phương thì lại công an lại yêu cầu bây giờ nhà nước lại không đồng nhất như vậy thì em bên em sẽ hỗ trợ khách hàng về vấn đề đó thì có kết quả thì bên em sẽ báo thông tin cho anh cũng như là anh nếu mà thấy cuộc gọi nhỡ nào từ bên chuyển phát thì anh cũng để ý giúp em và nghê điện thoại nhá dạ vâng, cảm ơn bạn ạ dạ vâng, em cảm ơn anh chào anh vâng, chào bạn dạ",work,1,usable,user1,2026-05-26T02:05:02.701123+00:00,1,/kaggle/working/asr_quality_classifier/data/audio/data2/50006420251103153147_005_5ce68dbd-9dd5-400c-8058-3e365cab4e01/clone6.wav,1,0,0.74,False Negative,0.26
user6,50006420251104103118_004_de5c8002-c5ea-469e-8958-8af38ee19828/clone8.wav,50006420251104103118_004_de5c8002-c5ea-469e-8958-8af38ee19828,clone8.wav,ờ hồ anh dũng ạ hồ anh dũng,work,1,usable,user6,2026-05-25T07:55:46.065021+00:00,1,/kaggle/working/asr_quality_classifier/data/audio/data2/50006420251104103118_004_de5c8002-c5ea-469e-8958-8af38ee19828/clone8.wav,1,0,0.74,False Negative,0.26
user4,50010820251103011916_017_3e91cd0d-3c4c-4936-b2fe-c17928ba0142/clone5.wav,50010820251103011916_017_3e91cd0d-3c4c-4936-b2fe-c17928ba0142,clone5.wav,rồi mình cảm ơn nhá dạ vâng ạ,work,1,usable,user4,2026-05-25T05:20:13.864048+00:00,1,/kaggle/working/asr_quality_classifier/data/audio/data2/50010820251103011916_017_3e91cd0d-3c4c-4936-b2fe-c17928ba0142/clone5.wav,1,0,0.74,False Negative,0.26
user5,50010820251103011916_017_3e91cd0d-3c4c-4936-b2fe-c17928ba0142/clone6.wav,50010820251103011916_017_3e91cd0d-3c4c-4936-b2fe-c17928ba0142,clone6.wav,rồi mình cảm ơn nhá dạ vâng ạ,work,1,usable,user5,2026-05-25T07:51:36.607775+00:00,1,/kaggle/working/asr_quality_classifier/data/audio/data2/50010820251103011916_017_3e91cd0d-3c4c-4936-b2fe-c17928ba0142/clone6.wav,1,0,0.74,False Negative,0.26
user2,50010820251103011916_017_3e91cd0d-3c4c-4936-b2fe-c17928ba0142/clone7.wav,50010820251103011916_017_3e91cd0d-3c4c-4936-b2fe-c17928ba0142,clone7.wav,rồi mình cảm ơn nhá dạ vâng ạ,work,1,usable,user2,2026-05-25T08:38:26.449805+00:00,1,/kaggle/working/asr_quality_classifier/data/audio/data2/50010820251103011916_017_3e91cd0d-3c4c-4936-b2fe-c17928ba0142/clone7.wav,1,0,0.74,False Negative,0.26
user5,50010820251105093126_001_36c0dc5d-6cff-4726-95a6-31c0bb855734/clone3.wav,50010820251105093126_001_36c0dc5d-6cff-4726-95a6-31c0bb855734,clone3.wav,"em chào chị, em là dũng gọi từ vinfast ạ",work,1,usable,user5,2026-05-26T04:22:00.027238+00:00,1,/kaggle/working/asr_quality_classifier/data/audio/data2/50010820251105093126_001_36c0dc5d-6cff-4726-95a6-31c0bb855734/clone3.wav,1,0,0.74,False Negative,0.26
user1,50010820251105093126_001_36c0dc5d-6cff-4726-95a6-31c0bb855734/clone4.wav,50010820251105093126_001_36c0dc5d-6cff-4726-95a6-31c0bb855734,clone4.wav,"em chào chị, em là dũng gọi từ vinfast ạ",work,1,usable,user1,2026-05-26T03:26:00.226886+00:00,1,/kaggle/working/asr_quality_classifier/data/audio/data2/50010820251105093126_001_36c0dc5d-6cff-4726-95a6-31c0bb855734/clone4.wav,1,0,0.74,False Negative,0.26
user7,50010820251105093126_001_36c0dc5d-6cff-4726-95a6-31c0bb855734/clone7.wav,50010820251105093126_001_36c0dc5d-6cff-4726-95a6-31c0bb855734,clone7.wav,"em chào chị, em là dũng gọi từ vinfast ạ",work,1,usable,user7,2026-05-25T08:36:12.473630+00:00,1,/kaggle/working/asr_quality_classifier/data/audio/data2/50010820251105093126_001_36c0dc5d-6cff-4726-95a6-31c0bb855734/clone7.wav,1,0,0.74,False Negative,0.26
user2,50010820251105093126_001_36c0dc5d-6cff-4726-95a6-31c0bb855734/clone8.wav,50010820251105093126_001_36c0dc5d-6cff-4726-95a6-31c0bb855734,clone8.wav,"em chào chị, em là dũng gọi từ vinfast ạ",work,1,usable,user2,2026-05-26T01:49:39.410424+00:00,1,/kaggle/working/asr_quality_classifier/data/audio/data2/50010820251105093126_001_36c0dc5d-6cff-4726-95a6-31c0bb855734/clone8.wav,1,0,0.74,False Negative,0.26
user7,50010820251105093126_005_5ad8510e-d2d1-4969-ab3d-fc7a7161598e/clone3.wav,50010820251105093126_005_5ad8510e-d2d1-4969-ab3d-fc7a7161598e,clone3.wav,"à, mình ở xã dương quang á dương quang",work,1,usable,user7,2026-05-26T04:32:25.586932+00:00,1,/kaggle/working/asr_quality_classifier/data/audio/data2/50010820251105093126_005_5ad8510e-d2d1-4969-ab3d-fc7a7161598e/clone3.wav,1,0,0.74,False Negative,0.26
user5,50010820251101165547_009_15011745-8036-4ae8-8c6e-2241fdb9307a/clone4.wav,50010820251101165547_009_15011745-8036-4ae8-8c6e-2241fdb9307a,clone4.wav,"xăng nó không cho vô làm nó kêu không có xe điện loại môtô mà chỉ đổi xăng thôi mà vâng, em hiểu rồi anh cứ bảo cả bên công ty anh là chưa nhận được xe bàn giao cho đơn hàng bên vinfast tiến nhận quá lớn là được rồi ạ và hiện tại bên em rất sẽ cố gắng cập nhật thông tin hằng ngày có thông tin cụ thể em sẽ báo anh luôn rồi rồi rồi dạ vâng ạ",work,1,usable,user5,2026-05-25T04:49:24.051938+00:00,1,/kaggle/working/asr_quality_classifier/data/audio/data2/50010820251101165547_009_15011745-8036-4ae8-8c6e-2241fdb9307a/clone4.wav,1,0,0.74,False Negative,0.26
user6,50010820251103011916_001_06444a1d-e551-4809-94e9-89d06655a84a/clone1.wav,50010820251103011916_001_06444a1d-e551-4809-94e9-89d06655a84a,clone1.wav,"vâng, em nghê anh thấy cuộc gọi nhỡ của anh anh cần hỗ trợ gì không anh? à em đang bị hết pin ấy",work,1,usable,user6,2026-05-25T08:55:15.135012+00:00,1,/kaggle/working/asr_quality_classifier/data/audio/data2/50010820251103011916_001_06444a1d-e551-4809-94e9-89d06655a84a/clone1.wav,1,0,0.74,False Negative,0.26
user5,50010820251103011916_001_06444a1d-e551-4809-94e9-89d06655a84a/clone8.wav,50010820251103011916_001_06444a1d-e551-4809-94e9-89d06655a84a,clone8.wav,"vâng, em nghê anh thấy cuộc gọi nhỡ của anh anh cần hỗ trợ gì không anh? à em đang bị hết pin ấy",work,1,usable,user5,2026-05-26T03:45:04.361251+00:00,1,/kaggle/working/asr_quality_classifier/data/audio/data2/50010820251103011916_001_06444a1d-e551-4809-94e9-89d06655a84a/clone8.wav,1,0,0.74,False Negative,0.26
user5,50010820251103011916_012_4351ffb4-0ade-4042-9ee7-2299e2f79242/clone4.wav,50010820251103011916_012_4351ffb4-0ade-4042-9ee7-2299e2f79242,clone4.wav,tám nghìn năm trăm bốn mươi chứ đúng không? tám nghìn năm trăm bốn mươi ạ xe chị quỳnh vừa báo bên em rồi,work,1,usable,user5,2026-05-25T07:18:43.956714+00:00,1,/kaggle/working/asr_quality_classifier/data/audio/data2/50010820251103011916_012_4351ffb4-0ade-4042-9ee7-2299e2f79242/clone4.wav,1,0,0.74,False Negative,0.26
user2,50010820251103011916_012_4351ffb4-0ade-4042-9ee7-2299e2f79242/clone8.wav,50010820251103011916_012_4351ffb4-0ade-4042-9ee7-2299e2f79242,clone8.wav,tám nghìn năm trăm bốn mươi chứ đúng không? tám nghìn năm trăm bốn mươi ạ xe chị quỳnh vừa báo bên em rồi,work,1,usable,user2,2026-05-25T08:54:01.878844+00:00,1,/kaggle/working/asr_quality_classifier/data/audio/data2/50010820251103011916_012_4351ffb4-0ade-4042-9ee7-2299e2f79242/clone8.wav,1,0,0.74,False Negative,0.26
user3,50010820251103011916_014_7fbbd485-2449-4e7a-a53a-f477e8e73404/clone1.wav,50010820251103011916_014_7fbbd485-2449-4e7a-a53a-f477e8e73404,clone1.wav,bên em vừa chị quỳnh vừa gọi nghĩa chị quỳnh vừa gọi tổng đài bên em thì bên em có thông tin đó và bên em gửi cho cứu hộ rồi chờ bây giờ chờ cứu hộ qua xử lý thôi ạ,work,1,usable,user3,2026-05-26T03:53:30.482167+00:00,1,/kaggle/working/asr_quality_classifier/data/audio/data2/50010820251103011916_014_7fbbd485-2449-4e7a-a53a-f477e8e73404/clone1.wav,1,0,0.74,False Negative,0.26
user5,50010820251103011916_015_631d5af1-619c-4c12-a869-0e740c5c4a55/clone7.wav,50010820251103011916_015_631d5af1-619c-4c12-a869-0e740c5c4a55,clone7.wav,vâng nhờ nhờ cái cái này bạn các bạn ấy có lâu không em? cái này thì bây giờ sẽ chờ cứu hộ liên hệ với cả chị quỳnh đó thì mới cung cấp được cái thời gian cụ thể khi nào cứu hộ qua đến nơi,work,1,usable,user5,2026-05-26T04:35:36.447573+00:00,1,/kaggle/working/asr_quality_classifier/data/audio/data2/50010820251103011916_015_631d5af1-619c-4c12-a869-0e740c5c4a55/clone7.wav,1,0,0.74,False Negative,0.26
user1,50010820251103011916_017_3e91cd0d-3c4c-4936-b2fe-c17928ba0142/clone4.wav,50010820251103011916_017_3e91cd0d-3c4c-4936-b2fe-c17928ba0142,clone4.wav,rồi mình cảm ơn nhá dạ vâng ạ,work,1,usable,user1,2026-05-25T08:42:15.886788+00:00,1,/kaggle/working/asr_quality_classifier/data/audio/data2/50010820251103011916_017_3e91cd0d-3c4c-4936-b2fe-c17928ba0142/clone4.wav,1,0,0.74,False Negative,0.26
user1,50010920251109164827_003_14fff5e2-7a2f-48ea-b60e-5765ea0fa87d/clone1.wav,50010920251109164827_003_14fff5e2-7a2f-48ea-b60e-5765ea0fa87d,clone1.wav,"chuyển được xong chứ cũng không bảo với bạn ấy mà chỉ bảo là liên hệ bên ki-a nên mình cũng chả biết là có chuyển được không vâng, thì trường hợp này của chị vân ấy thì bên em đã gửi thông tin đi rồi nếu mà thông tin đơn hàng của mình được chuyển về đại lý vinfast đông anh",work,1,usable,user1,2026-05-26T04:02:56.054943+00:00,1,/kaggle/working/asr_quality_classifier/data/audio/data2/50010920251109164827_003_14fff5e2-7a2f-48ea-b60e-5765ea0fa87d/clone1.wav,1,0,0.74,False Negative,0.26
user2,50010920251109164827_003_14fff5e2-7a2f-48ea-b60e-5765ea0fa87d/clone2.wav,50010920251109164827_003_14fff5e2-7a2f-48ea-b60e-5765ea0fa87d,clone2.wav,"chuyển được xong chứ cũng không bảo với bạn ấy mà chỉ bảo là liên hệ bên ki-a nên mình cũng chả biết là có chuyển được không vâng, thì trường hợp này của chị vân ấy thì bên em đã gửi thông tin đi rồi nếu mà thông tin đơn hàng của mình được chuyển về đại lý vinfast đông anh",work,1,usable,user2,2026-05-26T01:53:57.863163+00:00,1,/kaggle/working/asr_quality_classifier/data/audio/data2/50010920251109164827_003_14fff5e2-7a2f-48ea-b60e-5765ea0fa87d/clone2.wav,1,0,0.74,False Negative,0.26
user3,50010920251109164827_003_14fff5e2-7a2f-48ea-b60e-5765ea0fa87d/clone6.wav,50010920251109164827_003_14fff5e2-7a2f-48ea-b60e-5765ea0fa87d,clone6.wav,"chuyển được xong chứ cũng không bảo với bạn ấy mà chỉ bảo là liên hệ bên ki-a nên mình cũng chả biết là có chuyển được không vâng, thì trường hợp này của chị vân ấy thì bên em đã gửi thông tin đi rồi nếu mà thông tin đơn hàng của mình được chuyển về đại lý vinfast đông anh",work,1,usable,user3,2026-05-25T07:43:14.281702+00:00,1,/kaggle/working/asr_quality_classifier/data/audio/data2/50010920251109164827_003_14fff5e2-7a2f-48ea-b60e-5765ea0fa87d/clone6.wav,1,0,0.74,False Negative,0.26
user1,50010920251109164827_006_24a4b855-fa14-4234-ab90-f35287c42606/clone4.wav,50010920251109164827_006_24a4b855-fa14-4234-ab90-f35287c42606,clone4.wav,"vâng, có gì thì nếu chị vân chờ thêm giúp em nhá có gì bên em sẽ chủ động liên hệ lại cho mình khi mà đơn hàng được chuyển đổi thành công chị nhá",work,1,usable,user1,2026-05-26T01:58:28.919146+00:00,1,/kaggle/working/asr_quality_classifier/data/audio/data2/50010920251109164827_006_24a4b855-fa14-4234-ab90-f35287c42606/clone4.wav,1,0,0.74,False Negative,0.26
user5,50010920251109164827_006_24a4b855-fa14-4234-ab90-f35287c42606/clone8.wav,50010920251109164827_006_24a4b855-fa14-4234-ab90-f35287c42606,clone8.wav,"vâng, có gì thì nếu chị vân chờ thêm giúp em nhá có gì bên em sẽ chủ động liên hệ lại cho mình khi mà đơn hàng được chuyển đổi thành công chị nhá",work,1,usable,user5,2026-05-25T08:15:16.345204+00:00,1,/kaggle/working/asr_quality_classifier/data/audio/data2/50010920251109164827_006_24a4b855-fa14-4234-ab90-f35287c42606/clone8.wav,1,0,0.74,False Negative,0.26
user2,50010920251110183954_005_211cae62-627d-48b1-9082-f006f764aa71/clone6.wav,50010920251110183954_005_211cae62-627d-48b1-9082-f006f764aa71,clone6.wav,ờ vâng ờ có nghĩa là được rồi cái gì? nhưng mà thế là do trụ thôi đúng không? vâng nếu mà cần hỗ trợ về trụ sạc nó bị lỗi thì mình vui lòng gọi đến tổng đài một nghìn chín trăm hai mươi ba nghìn ba trăm tám mươi chín nhấn nhánh số năm liên hệ tổng đài vinfast giúp em các bạn sẽ hỗ trợ cho mình anh ạ,work,1,usable,user2,2026-05-25T07:14:34.305520+00:00,1,/kaggle/working/asr_quality_classifier/data/audio/data2/50010920251110183954_005_211cae62-627d-48b1-9082-f006f764aa71/clone6.wav,1,0,0.74,False Negative,0.26
user5,50011020251101192552_000_8189c1ce-55df-4c6c-8130-a322ba74db91/clone5.wav,50011020251101192552_000_8189c1ce-55df-4c6c-8130-a322ba74db91,clone5.wav,"dạ vâng, dạ, à dạ vâng em dạ vâng em là dạ vâng em là giống ở bên chăm sóc khách hàng ấy ừ ừ vâng tại vì hồi sáng mình có liên hệ là do là mình có cần chiếc evoque rang thì mình lấy một cái chi nhánh khác mình đặt là về chi nhánh khác nhưng mà chi nhánh đó chưa có xe á xong mình có liên hệ với chi nhánh gần khác nữa thì họ có xe và họ đồng ý là cho mình chuyển á thì sáng mình đã nhờ o hai o với lại mình đã nhờ ở bên cái chi nhánh mà mình muốn lấy xe á họ tạo đơn rồi thì bây giờ là mình muốn nhờ o hai o hỗ trợ là duyệt cái đơn đó để cái bên cái bên đồng ý đưa xe á họ duyệt ra cho mình đó ngày mai á tại vì họ họ nói là sợ mình là vô trong tuần sau mới duyệt nhưng mà tại vì trong tuần thì bận quá nên mình đang muốn gọi lên để nhờ là duyệt cho mình cái đơn á tại vì mình đang cái chỗ nó tạo đơn rồi á",work,1,usable,user5,2026-05-26T03:00:35.188316+00:00,1,/kaggle/working/asr_quality_classifier/data/audio/data2/50011020251101192552_000_8189c1ce-55df-4c6c-8130-a322ba74db91/clone5.wav,1,0,0.74,False Negative,0.26
user3,50011020251101192552_003_fc7c17a2-3bed-434c-aebc-e9666bc3264f/clone4.wav,50011020251101192552_003_fc7c17a2-3bed-434c-aebc-e9666bc3264f,clone4.wav,à là số này luôn nè em dạ vâng là số bên này luôn chị số mình báo lên tổng đài bên em sẽ gọi lại cho mình nhá à à rồi rồi nhưng mà có có chắc là sẽ duyệt cho chị sớm không á là ngày mai được không ta? ừm cái này bên em cũng sẽ cố gắng hỗ trợ mình sớm nhất chị ạ tại vì bên em cũng sẽ gặp quên gửi thông tin cho bộ phận liên quan để hỗ trợ mình sớm nhất chị nhá có thông tin gì ở dưới xong là bên sẽ báo lại mình luôn ạ ừm vâng vâng có gì chị em ấy hỗ trợ chị nha dạ vâng bên em sẽ gửi thông tin cho bộ phận liên quan hỗ trợ mình nhá có thông tin bên em sẽ báo lại mình luôn ạ à rồi rồi cảm ơn em cảm ơn em cảm ơn chị ạ bên em chào chị rồi rồi chào em,work,1,usable,user3,2026-05-25T07:36:54.567485+00:00,1,/kaggle/working/asr_quality_classifier/data/audio/data2/50011020251101192552_003_fc7c17a2-3bed-434c-aebc-e9666bc3264f/clone4.wav,1,0,0.74,False Negative,0.26
user6,50010820251112093813_002_21a97fc6-ac64-44d1-af0a-7617e5a7f035/clone6.wav,50010820251112093813_002_21a97fc6-ac64-44d1-af0a-7617e5a7f035,clone6.wav,hồng quang ở hưng yên á vâng à xong rồi thì à em có em có gọi lên tổng đài bảo là chuyển về trường tín cho anh cho em á ờ chị cho xin tên của chị được không?,work,1,usable,user6,2026-05-25T08:26:25.088533+00:00,1,/kaggle/working/asr_quality_classifier/data/audio/data2/50010820251112093813_002_21a97fc6-ac64-44d1-af0a-7617e5a7f035/clone6.wav,1,0,0.74,False Negative,0.26
user2,50010820251112093813_003_eb1413e8-8ce3-4a36-b6be-1f0ad813a4c2/clone8.wav,50010820251112093813_003_eb1413e8-8ce3-4a36-b6be-1f0ad813a4c2,clone8.wav,chị thu ạ chị thu liên hệ,work,1,usable,user2,2026-05-26T02:03:42.837663+00:00,1,/kaggle/working/asr_quality_classifier/data/audio/data2/50010820251112093813_003_eb1413e8-8ce3-4a36-b6be-1f0ad813a4c2/clone8.wav,1,0,0.74,False Negative,0.26
user6,50010820251112102107_000_6e382dc1-631e-43c9-bf0a-8793a076b046/clone6.wav,50010820251112102107_000_6e382dc1-631e-43c9-bf0a-8793a076b046,clone6.wav,"a-lô chào chị ạ, em là dũng gọi từ vinfast đây",work,1,usable,user6,2026-05-26T03:24:58.088424+00:00,1,/kaggle/working/asr_quality_classifier/data/audio/data2/50010820251112102107_000_6e382dc1-631e-43c9-bf0a-8793a076b046/clone6.wav,1,0,0.74,False Negative,0.26
user5,50010820251112102107_013_bdd96dc1-d68c-426a-b9a6-156d52cdeb6d/clone4.wav,50010820251112102107_013_bdd96dc1-d68c-426a-b9a6-156d52cdeb6d,clone4.wav,cái tên đó là gì đó anh? chị đọc xem cái mêu của chị,work,1,usable,user5,2026-05-25T09:07:41.623441+00:00,1,/kaggle/working/asr_quality_classifier/data/audio/data2/50010820251112102107_013_bdd96dc1-d68c-426a-b9a6-156d52cdeb6d/clone4.wav,1,0,0.74,False Negative,0.26
user6,50010920251109164827_002_865976a1-aa89-4549-98d6-fae4a3cc9de5/clone2.wav,50010920251109164827_002_865976a1-aa89-4549-98d6-fae4a3cc9de5,clone2.wav,"mười giờ không phút sáng ngày hôm nay thì các bạn em thấy là các bạn bên chăm sóc khách hàng các bạn ấy đã chuyển thông tin của mình về phía bên đại lý cũ để bên này hỗ trợ chuyển đơn cho mình rồi vì trường hợp này thì không thể chuyển trong ngày hôm nay được sẽ phải cần thêm thời gian để bên này ấy làm thủ tục cũng như là chuyển đơn của mình ấy thì có gì mình chờ thêm giúp em được không? vâng, ơ thế thì xong rồi khi nào mà chuyển đơn được thì ai sẽ liên hệ với mình tại vì lúc ấy bạn ấy bảo là liên hệ lại nhưng mà",work,1,usable,user6,2026-05-25T07:58:45.350315+00:00,1,/kaggle/working/asr_quality_classifier/data/audio/data2/50010920251109164827_002_865976a1-aa89-4549-98d6-fae4a3cc9de5/clone2.wav,1,0,0.74,False Negative,0.26
user7,50010920251109164827_002_865976a1-aa89-4549-98d6-fae4a3cc9de5/clone3.wav,50010920251109164827_002_865976a1-aa89-4549-98d6-fae4a3cc9de5,clone3.wav,"mười giờ không phút sáng ngày hôm nay thì các bạn em thấy là các bạn bên chăm sóc khách hàng các bạn ấy đã chuyển thông tin của mình về phía bên đại lý cũ để bên này hỗ trợ chuyển đơn cho mình rồi vì trường hợp này thì không thể chuyển trong ngày hôm nay được sẽ phải cần thêm thời gian để bên này ấy làm thủ tục cũng như là chuyển đơn của mình ấy thì có gì mình chờ thêm giúp em được không? vâng, ơ thế thì xong rồi khi nào mà chuyển đơn được thì ai sẽ liên hệ với mình tại vì lúc ấy bạn ấy bảo là liên hệ lại nhưng mà",work,1,usable,user7,2026-05-26T03:04:22.171547+00:00,1,/kaggle/working/asr_quality_classifier/data/audio/data2/50010920251109164827_002_865976a1-aa89-4549-98d6-fae4a3cc9de5/clone3.wav,1,0,0.74,False Negative,0.26
user4,50010920251109164827_002_865976a1-aa89-4549-98d6-fae4a3cc9de5/clone4.wav,50010920251109164827_002_865976a1-aa89-4549-98d6-fae4a3cc9de5,clone4.wav,"mười giờ không phút sáng ngày hôm nay thì các bạn em thấy là các bạn bên chăm sóc khách hàng các bạn ấy đã chuyển thông tin của mình về phía bên đại lý cũ để bên này hỗ trợ chuyển đơn cho mình rồi vì trường hợp này thì không thể chuyển trong ngày hôm nay được sẽ phải cần thêm thời gian để bên này ấy làm thủ tục cũng như là chuyển đơn của mình ấy thì có gì mình chờ thêm giúp em được không? vâng, ơ thế thì xong rồi khi nào mà chuyển đơn được thì ai sẽ liên hệ với mình tại vì lúc ấy bạn ấy bảo là liên hệ lại nhưng mà",work,1,usable,user4,2026-05-25T04:41:22.424958+00:00,1,/kaggle/working/asr_quality_classifier/data/audio/data2/50010920251109164827_002_865976a1-aa89-4549-98d6-fae4a3cc9de5/clone4.wav,1,0,0.74,False Negative,0.26
user6,50010920251109164827_002_865976a1-aa89-4549-98d6-fae4a3cc9de5/clone5.wav,50010920251109164827_002_865976a1-aa89-4549-98d6-fae4a3cc9de5,clone5.wav,"mười giờ không phút sáng ngày hôm nay thì các bạn em thấy là các bạn bên chăm sóc khách hàng các bạn ấy đã chuyển thông tin của mình về phía bên đại lý cũ để bên này hỗ trợ chuyển đơn cho mình rồi vì trường hợp này thì không thể chuyển trong ngày hôm nay được sẽ phải cần thêm thời gian để bên này ấy làm thủ tục cũng như là chuyển đơn của mình ấy thì có gì mình chờ thêm giúp em được không? vâng, ơ thế thì xong rồi khi nào mà chuyển đơn được thì ai sẽ liên hệ với mình tại vì lúc ấy bạn ấy bảo là liên hệ lại nhưng mà",work,1,usable,user6,2026-05-25T07:58:45.350454+00:00,1,/kaggle/working/asr_quality_classifier/data/audio/data2/50010920251109164827_002_865976a1-aa89-4549-98d6-fae4a3cc9de5/clone5.wav,1,0,0.74,False Negative,0.26
user4,50010820251112084427_012_1d75589e-09ad-413f-bdc2-4271746b6ec8/clone2.wav,50010820251112084427_012_1d75589e-09ad-413f-bdc2-4271746b6ec8,clone2.wav,ừ đại lý đại lý tiếp nhận là đang ở vinfast đông nam ở thôn quang phú xã mai phụ tỉnh hà tĩnh,work,1,usable,user4,2026-05-25T07:01:35.295531+00:00,1,/kaggle/working/asr_quality_classifier/data/audio/data2/50010820251112084427_012_1d75589e-09ad-413f-bdc2-4271746b6ec8/clone2.wav,1,0,0.74,False Negative,0.26
user1,50010820251112084427_012_1d75589e-09ad-413f-bdc2-4271746b6ec8/clone5.wav,50010820251112084427_012_1d75589e-09ad-413f-bdc2-4271746b6ec8,clone5.wav,ừ đại lý đại lý tiếp nhận là đang ở vinfast đông nam ở thôn quang phú xã mai phụ tỉnh hà tĩnh,work,1,usable,user1,2026-05-25T07:55:07.783445+00:00,1,/kaggle/working/asr_quality_classifier/data/audio/data2/50010820251112084427_012_1d75589e-09ad-413f-bdc2-4271746b6ec8/clone5.wav,1,0,0.74,False Negative,0.26
user4,50010820251112084427_012_1d75589e-09ad-413f-bdc2-4271746b6ec8/clone8.wav,50010820251112084427_012_1d75589e-09ad-413f-bdc2-4271746b6ec8,clone8.wav,ừ đại lý đại lý tiếp nhận là đang ở vinfast đông nam ở thôn quang phú xã mai phụ tỉnh hà tĩnh,work,1,usable,user4,2026-05-25T07:01:35.295705+00:00,1,/kaggle/working/asr_quality_classifier/data/audio/data2/50010820251112084427_012_1d75589e-09ad-413f-bdc2-4271746b6ec8/clone8.wav,1,0,0.74,False Negative,0.26
user2,50010820251112084427_013_e2b05c31-f895-4ba5-920f-74b407f4a217/clone1.wav,50010820251112084427_013_e2b05c31-f895-4ba5-920f-74b407f4a217,clone1.wav,ở hà tĩnh à anh? đúng rồi,work,1,usable,user2,2026-05-25T04:29:25.054685+00:00,1,/kaggle/working/asr_quality_classifier/data/audio/data2/50010820251112084427_013_e2b05c31-f895-4ba5-920f-74b407f4a217/clone1.wav,1,0,0.74,False Negative,0.26
user6,50010820251112084427_015_06a55712-2fbc-4aa9-8169-9a004e31138f/clone4.wav,50010820251112084427_015_06a55712-2fbc-4aa9-8169-9a004e31138f,clone4.wav,chị liên hệ qua đại lý này các bạn hỗ trợ mình đơn hàng nhé dạ dạ dạ vâng ạ,work,1,usable,user6,2026-05-26T04:13:20.374874+00:00,1,/kaggle/working/asr_quality_classifier/data/audio/data2/50010820251112084427_015_06a55712-2fbc-4aa9-8169-9a004e31138f/clone4.wav,1,0,0.74,False Negative,0.26
user3,50010820251112093813_001_84d913f7-60bb-4f73-ba1d-a72d24c0a70b/clone2.wav,50010820251112093813_001_84d913f7-60bb-4f73-ba1d-a72d24c0a70b,clone2.wav,"đây là chị nhá, em là dũng ạ, tổng đài vinfast đây ạ dạ em chào anh ạ anh ơi cho em hỏi anh nhá anh chị ạ bữa trước là đơn của em là về tại à à đơn xe máy của em á về tại à à",work,1,usable,user3,2026-05-26T03:01:21.512072+00:00,1,/kaggle/working/asr_quality_classifier/data/audio/data2/50010820251112093813_001_84d913f7-60bb-4f73-ba1d-a72d24c0a70b/clone2.wav,1,0,0.74,False Negative,0.26
user5,50010820251112093813_001_84d913f7-60bb-4f73-ba1d-a72d24c0a70b/clone4.wav,50010820251112093813_001_84d913f7-60bb-4f73-ba1d-a72d24c0a70b,clone4.wav,"đây là chị nhá, em là dũng ạ, tổng đài vinfast đây ạ dạ em chào anh ạ anh ơi cho em hỏi anh nhá anh chị ạ bữa trước là đơn của em là về tại à à đơn xe máy của em á về tại à à",work,1,usable,user5,2026-05-26T03:45:54.602989+00:00,1,/kaggle/working/asr_quality_classifier/data/audio/data2/50010820251112093813_001_84d913f7-60bb-4f73-ba1d-a72d24c0a70b/clone4.wav,1,0,0.74,False Negative,0.26
user4,50010820251112093813_001_84d913f7-60bb-4f73-ba1d-a72d24c0a70b/clone6.wav,50010820251112093813_001_84d913f7-60bb-4f73-ba1d-a72d24c0a70b,clone6.wav,"đây là chị nhá, em là dũng ạ, tổng đài vinfast đây ạ dạ em chào anh ạ anh ơi cho em hỏi anh nhá anh chị ạ bữa trước là đơn của em là về tại à à đơn xe máy của em á về tại à à",work,1,usable,user4,2026-05-25T06:39:32.204925+00:00,1,/kaggle/working/asr_quality_classifier/data/audio/data2/50010820251112093813_001_84d913f7-60bb-4f73-ba1d-a72d24c0a70b/clone6.wav,1,0,0.74,False Negative,0.26
user4,50006520251108152611_003_51f41cfa-91b9-4dd8-a14f-199ac747d6e6/clone2.wav,50006520251108152611_003_51f41cfa-91b9-4dd8-a14f-199ac747d6e6,clone2.wav,"mình mua theo cán bộ công nhân viên à anh? đúng rồi, cán bộ nhân viên chờ em một lát em check đơn hàng của anh nhá",work,1,usable,user4,2026-05-25T04:58:59.101618+00:00,1,/kaggle/working/asr_quality_classifier/data/audio/data2/50006520251108152611_003_51f41cfa-91b9-4dd8-a14f-199ac747d6e6/clone2.wav,1,0,0.74,False Negative,0.26
user4,50006520251108152611_003_51f41cfa-91b9-4dd8-a14f-199ac747d6e6/clone3.wav,50006520251108152611_003_51f41cfa-91b9-4dd8-a14f-199ac747d6e6,clone3.wav,"mình mua theo cán bộ công nhân viên à anh? đúng rồi, cán bộ nhân viên chờ em một lát em check đơn hàng của anh nhá",work,1,usable,user4,2026-05-25T04:58:59.101770+00:00,1,/kaggle/working/asr_quality_classifier/data/audio/data2/50006520251108152611_003_51f41cfa-91b9-4dd8-a14f-199ac747d6e6/clone3.wav,1,0,0.74,False Negative,0.26
user1,50006520251108152611_003_51f41cfa-91b9-4dd8-a14f-199ac747d6e6/clone7.wav,50006520251108152611_003_51f41cfa-91b9-4dd8-a14f-199ac747d6e6,clone7.wav,"mình mua theo cán bộ công nhân viên à anh? đúng rồi, cán bộ nhân viên chờ em một lát em check đơn hàng của anh nhá",work,1,usable,user1,2026-05-26T01:56:25.291809+00:00,1,/kaggle/working/asr_quality_classifier/data/audio/data2/50006520251108152611_003_51f41cfa-91b9-4dd8-a14f-199ac747d6e6/clone7.wav,1,0,0.74,False Negative,0.26
user1,50006520251108152611_004_cc287636-bf19-4e32-9ad8-f476cf6331e0/clone4.wav,50006520251108152611_004_cc287636-bf19-4e32-9ad8-f476cf6331e0,clone4.wav,"hiện tại đơn hàng của mình thì vẫn đang thuộc bên phía vận hành kinh doanh anh ạ anh đang muốn chuyển đại lý à anh hay sao ạ? đúng rồi, anh muốn anh muốn anh đang muốn chuyển đại lý mà bây giờ đang có cái con",work,1,usable,user1,2026-05-25T08:07:42.225806+00:00,1,/kaggle/working/asr_quality_classifier/data/audio/data2/50006520251108152611_004_cc287636-bf19-4e32-9ad8-f476cf6331e0/clone4.wav,1,0,0.74,False Negative,0.26
user2,50006520251108152611_012_44084a53-4c99-4073-924a-7efcc3360805/clone7.wav,50006520251108152611_012_44084a53-4c99-4073-924a-7efcc3360805,clone7.wav,nó bảo là để ừ,work,1,usable,user2,2026-05-26T03:11:28.831839+00:00,1,/kaggle/working/asr_quality_classifier/data/audio/data2/50006520251108152611_012_44084a53-4c99-4073-924a-7efcc3360805/clone7.wav,1,0,0.74,False Negative,0.26
user5,50010820251109133419_002_d1f228a3-936b-460c-8cac-d4cf6faa75ee/clone5.wav,50010820251109133419_002_d1f228a3-936b-460c-8cac-d4cf6faa75ee,clone5.wav,ồ thế cái đấy anh liên hệ qua bên xanh giúp em để họ tư vấn chưa?,work,1,usable,user5,2026-05-25T07:22:00.674523+00:00,1,/kaggle/working/asr_quality_classifier/data/audio/data2/50010820251109133419_002_d1f228a3-936b-460c-8cac-d4cf6faa75ee/clone5.wav,1,0,0.74,False Negative,0.26
user3,50010820251109133419_003_0ad42983-6699-41de-a828-4b955fbc5b26/clone8.wav,50010820251109133419_003_0ad42983-6699-41de-a828-4b955fbc5b26,clone8.wav,rồi anh thì họ tư vấn cho anh như nào rồi anh?,work,1,usable,user3,2026-05-25T08:03:15.934859+00:00,1,/kaggle/working/asr_quality_classifier/data/audio/data2/50010820251109133419_003_0ad42983-6699-41de-a828-4b955fbc5b26/clone8.wav,1,0,0.74,False Negative,0.26
user6,50010820251112084427_003_eb88ccf6-0560-4213-8c12-b4afe2a79575/clone7.wav,50010820251112084427_003_eb88ccf6-0560-4213-8c12-b4afe2a79575,clone7.wav,à cho xin tên của chị được không?,work,1,usable,user6,2026-05-25T09:43:33.711000+00:00,1,/kaggle/working/asr_quality_classifier/data/audio/data2/50010820251112084427_003_eb88ccf6-0560-4213-8c12-b4afe2a79575/clone7.wav,1,0,0.74,False Negative,0.26
user2,50006220251108224428_000_e0bee5cb-89e1-4059-a9a1-584f61cffb30/clone3.wav,50006220251108224428_000_e0bee5cb-89e1-4059-a9a1-584f61cffb30,clone3.wav,"a-lô, anh nghê lúc mình trao đổi mình tắt máy anh cái này thì em tư vấn cho mình là nếu mà không lên không thao tác được thì như thế thì không hỗ trợ từ xa rồi cái này thì em mời anh là mai anh có thể anh có thể liên hệ với cơ sở hoặc là mình mang qua trực tiếp để các bạn hỗ trợ anh nhá anh ở khu vực nào?",work,1,usable,user2,2026-05-25T08:53:49.103231+00:00,1,/kaggle/working/asr_quality_classifier/data/audio/data2/50006220251108224428_000_e0bee5cb-89e1-4059-a9a1-584f61cffb30/clone3.wav,1,0,0.74,False Negative,0.26
user7,50006220251108224428_000_e0bee5cb-89e1-4059-a9a1-584f61cffb30/clone4.wav,50006220251108224428_000_e0bee5cb-89e1-4059-a9a1-584f61cffb30,clone4.wav,"a-lô, anh nghê lúc mình trao đổi mình tắt máy anh cái này thì em tư vấn cho mình là nếu mà không lên không thao tác được thì như thế thì không hỗ trợ từ xa rồi cái này thì em mời anh là mai anh có thể anh có thể liên hệ với cơ sở hoặc là mình mang qua trực tiếp để các bạn hỗ trợ anh nhá anh ở khu vực nào?",work,1,usable,user7,2026-05-26T03:08:07.564970+00:00,1,/kaggle/working/asr_quality_classifier/data/audio/data2/50006220251108224428_000_e0bee5cb-89e1-4059-a9a1-584f61cffb30/clone4.wav,1,0,0.74,False Negative,0.26
user2,50006220251108224428_003_52de940f-e08f-49bb-8b49-0bc11564d5c5/clone5.wav,50006220251108224428_003_52de940f-e08f-49bb-8b49-0bc11564d5c5,clone5.wav,chỗ nào hậu giang anh nhỉ?,work,1,usable,user2,2026-05-25T08:53:53.076912+00:00,1,/kaggle/working/asr_quality_classifier/data/audio/data2/50006220251108224428_003_52de940f-e08f-49bb-8b49-0bc11564d5c5/clone5.wav,1,0,0.74,False Negative,0.26
user1,50006220251108224428_005_bf416808-62b7-4513-b9bf-c7c505f68b0c/clone7.wav,50006220251108224428_005_bf416808-62b7-4513-b9bf-c7c505f68b0c,clone7.wav,kế kế tắc à anh? kế tắc kế tắc cà tắc à anh? dạ anh ở kế tắc cà tắc hậu giang à anh? em xem ạ,work,1,usable,user1,2026-05-26T02:11:22.698103+00:00,1,/kaggle/working/asr_quality_classifier/data/audio/data2/50006220251108224428_005_bf416808-62b7-4513-b9bf-c7c505f68b0c/clone7.wav,1,0,0.74,False Negative,0.26
user2,50006220251108224428_006_5e580cd3-f31d-4e69-8836-7369e96550b1/clone8.wav,50006220251108224428_006_5e580cd3-f31d-4e69-8836-7369e96550b1,clone8.wav,dạ em đang đi về nhà giờ đứng đường luôn rồi tức là bây giờ là không còn nhà mình còn xa không anh nhỉ?,work,1,usable,user2,2026-05-25T08:28:09.635045+00:00,1,/kaggle/working/asr_quality_classifier/data/audio/data2/50006220251108224428_006_5e580cd3-f31d-4e69-8836-7369e96550b1/clone8.wav,1,0,0.74,False Negative,0.26
user4,50006220251108224428_012_d82b3c7d-2ef1-4296-82fc-fde886f2f4d0/clone4.wav,50006220251108224428_012_d82b3c7d-2ef1-4296-82fc-fde886f2f4d0,clone4.wav,dạ chín trăm mười chín ạ,work,1,usable,user4,2026-05-25T06:47:09.731399+00:00,1,/kaggle/working/asr_quality_classifier/data/audio/data2/50006220251108224428_012_d82b3c7d-2ef1-4296-82fc-fde886f2f4d0/clone4.wav,1,0,0.74,False Negative,0.26
user5,50006220251108224428_012_d82b3c7d-2ef1-4296-82fc-fde886f2f4d0/clone7.wav,50006220251108224428_012_d82b3c7d-2ef1-4296-82fc-fde886f2f4d0,clone7.wav,dạ chín trăm mười chín ạ,work,1,usable,user5,2026-05-26T04:48:23.866894+00:00,1,/kaggle/working/asr_quality_classifier/data/audio/data2/50006220251108224428_012_d82b3c7d-2ef1-4296-82fc-fde886f2f4d0/clone7.wav,1,0,0.74,False Negative,0.26
user3,50006220251108224428_013_f7577693-8737-41d8-967d-137f26a9d8c0/clone4.wav,50006220251108224428_013_f7577693-8737-41d8-967d-137f26a9d8c0,clone4.wav,có gì mai liên hệ các bạn hỗ trợ anh nhá,work,1,usable,user3,2026-05-25T05:17:35.113782+00:00,1,/kaggle/working/asr_quality_classifier/data/audio/data2/50006220251108224428_013_f7577693-8737-41d8-967d-137f26a9d8c0/clone4.wav,1,0,0.74,False Negative,0.26
user7,50011020251113182741_000_0ea9b6ea-aba0-403b-b814-c1e6bd2c7bce/clone1.wav,50011020251113182741_000_0ea9b6ea-aba0-403b-b814-c1e6bd2c7bce,clone1.wav,"dạ vâng, em xin chào anh, em là dũng ở bên chăm sóc khách hàng của vinfast đấy ạ anh ơi, em thấy là mình có cuộc gọi nhỡ gọi lên tổng đài của bên em đấy ạ, thì không biết mình gặp vấn đề gì vậy anh? có, tôi cái gói esim ở trong ô tô mà bây giờ nó nó nó hết nó bảo lưu lượng vẫn còn nhưng mà nó vẫn hết hạn nó nó không phần bây giờ nạp tiền như thế nào thôi ờ, có thể là sao anh nhỉ?",work,1,usable,user7,2026-05-25T07:01:09.465874+00:00,1,/kaggle/working/asr_quality_classifier/data/audio/data2/50011020251113182741_000_0ea9b6ea-aba0-403b-b814-c1e6bd2c7bce/clone1.wav,1,0,0.74,False Negative,0.26
user1,50011020251113182741_003_6044fbba-4c73-4d15-b9bd-84a6b42e685e/clone4.wav,50011020251113182741_003_6044fbba-4c73-4d15-b9bd-84a6b42e685e,clone4.wav,bây giờ lưu lượng dung lượng vẫn còn cái gói esim nó gọi là đa-ta ấy,work,1,usable,user1,2026-05-26T03:16:24.113912+00:00,1,/kaggle/working/asr_quality_classifier/data/audio/data2/50011020251113182741_003_6044fbba-4c73-4d15-b9bd-84a6b42e685e/clone4.wav,1,0,0.74,False Negative,0.26
user7,50011020251113182741_006_78e5c457-6beb-4a66-915a-3864276d07eb/clone7.wav,50011020251113182741_006_78e5c457-6beb-4a66-915a-3864276d07eb,clone7.wav,"à dạ vâng, hiện tại thì gói này của bên em vẫn chưa ra mắt hoàn toàn đâu anh ạ cái này mình theo dõi thêm giúp anh em nhá và mình theo dõi thông báo mới nhất từ bên vinfast đấy anh ạ rồi rồi rồi dạ vâng, rất mong anh tham khảo mình chờ các thông báo mới nhất anh nhá vâng vâng vâng vâng anh cảm ơn anh ạ vậy thì dũng xin phép xin chào anh vâng vâng dạ vâng, em chào anh ạ",work,1,usable,user7,2026-05-25T08:30:28.810086+00:00,1,/kaggle/working/asr_quality_classifier/data/audio/data2/50011020251113182741_006_78e5c457-6beb-4a66-915a-3864276d07eb/clone7.wav,1,0,0.74,False Negative,0.26
user7,50011020251114131921_000_e40c7b1a-1eb8-4dba-8ca9-170ba9b9d313/clone2.wav,50011020251114131921_000_e40c7b1a-1eb8-4dba-8ca9-170ba9b9d313,clone2.wav,"za-lô ạ? a-lô à em chào anh, em là dũng ở bên chăm sóc khách hàng của vinfast ấy anh ơi, nãy em có nhận được thông tin về trường hợp sự cố của mình ấy ạ ờ bây giờ hôm nay thì em đã báo bên xưởng dịch vụ đài tư rồi tuy nhiên thì đài tư đang báo là đang gặp một chút sự cố với bên cứu hộ ấy một số thì hiện tại họ đang chưa cứu hộ được cho mình ấy thì em sẽ gửi thông tin cho bên phạm văn đồng hỗ trợ mình nhá",work,1,usable,user7,2026-05-25T08:28:58.650228+00:00,1,/kaggle/working/asr_quality_classifier/data/audio/data2/50011020251114131921_000_e40c7b1a-1eb8-4dba-8ca9-170ba9b9d313/clone2.wav,1,0,0.74,False Negative,0.26
user2,50011020251114131921_000_e40c7b1a-1eb8-4dba-8ca9-170ba9b9d313/clone8.wav,50011020251114131921_000_e40c7b1a-1eb8-4dba-8ca9-170ba9b9d313,clone8.wav,"za-lô ạ? a-lô à em chào anh, em là dũng ở bên chăm sóc khách hàng của vinfast ấy anh ơi, nãy em có nhận được thông tin về trường hợp sự cố của mình ấy ạ ờ bây giờ hôm nay thì em đã báo bên xưởng dịch vụ đài tư rồi tuy nhiên thì đài tư đang báo là đang gặp một chút sự cố với bên cứu hộ ấy một số thì hiện tại họ đang chưa cứu hộ được cho mình ấy thì em sẽ gửi thông tin cho bên phạm văn đồng hỗ trợ mình nhá",work,1,usable,user2,2026-05-25T05:25:39.188086+00:00,1,/kaggle/working/asr_quality_classifier/data/audio/data2/50011020251114131921_000_e40c7b1a-1eb8-4dba-8ca9-170ba9b9d313/clone8.wav,1,0,0.74,False Negative,0.26
user2,50006220251107204026_009_a7ad5b8f-351e-4148-a431-cbc04c8217a3/clone3.wav,50006220251107204026_009_a7ad5b8f-351e-4148-a431-cbc04c8217a3,clone3.wav,"vâng vâng, vâng, vâng nhập thông tin cho em nhé cảm ơn anh ạ",work,1,usable,user2,2026-05-26T01:52:23.883591+00:00,1,/kaggle/working/asr_quality_classifier/data/audio/data2/50006220251107204026_009_a7ad5b8f-351e-4148-a431-cbc04c8217a3/clone3.wav,1,0,0.74,False Negative,0.26
user2,50006220251107204026_009_a7ad5b8f-351e-4148-a431-cbc04c8217a3/clone8.wav,50006220251107204026_009_a7ad5b8f-351e-4148-a431-cbc04c8217a3,clone8.wav,"vâng vâng, vâng, vâng nhập thông tin cho em nhé cảm ơn anh ạ",work,1,usable,user2,2026-05-25T08:55:48.214863+00:00,1,/kaggle/working/asr_quality_classifier/data/audio/data2/50006220251107204026_009_a7ad5b8f-351e-4148-a431-cbc04c8217a3/clone8.wav,1,0,0.74,False Negative,0.26
user4,50006220251108224428_000_e0bee5cb-89e1-4059-a9a1-584f61cffb30/clone2.wav,50006220251108224428_000_e0bee5cb-89e1-4059-a9a1-584f61cffb30,clone2.wav,"a-lô, anh nghê lúc mình trao đổi mình tắt máy anh cái này thì em tư vấn cho mình là nếu mà không lên không thao tác được thì như thế thì không hỗ trợ từ xa rồi cái này thì em mời anh là mai anh có thể anh có thể liên hệ với cơ sở hoặc là mình mang qua trực tiếp để các bạn hỗ trợ anh nhá anh ở khu vực nào?",work,1,usable,user4,2026-05-25T07:38:33.350225+00:00,1,/kaggle/working/asr_quality_classifier/data/audio/data2/50006220251108224428_000_e0bee5cb-89e1-4059-a9a1-584f61cffb30/clone2.wav,1,0,0.74,False Negative,0.26
user5,50011020251107182750_008_8a59a50d-47da-44f3-864f-6f6b77458eb7/clone5.wav,50011020251107182750_008_8a59a50d-47da-44f3-864f-6f6b77458eb7,clone5.wav,phải làm qua họ thì họ mới cho lấy xe ngay hoặc không thì kiểu là cứ đợi ở đấy rồi lấy xe sau ấy,work,1,usable,user5,2026-05-25T08:02:07.982418+00:00,1,/kaggle/working/asr_quality_classifier/data/audio/data2/50011020251107182750_008_8a59a50d-47da-44f3-864f-6f6b77458eb7/clone5.wav,1,0,0.74,False Negative,0.26
user3,50011020251107182750_010_5b34e38d-d7ef-42f7-b9ad-a88f8fb18876/clone2.wav,50011020251107182750_010_5b34e38d-d7ef-42f7-b9ad-a88f8fb18876,clone2.wav,sao lại làm thế nhỉ?,work,1,usable,user3,2026-05-26T03:35:05.897944+00:00,1,/kaggle/working/asr_quality_classifier/data/audio/data2/50011020251107182750_010_5b34e38d-d7ef-42f7-b9ad-a88f8fb18876/clone2.wav,1,0,0.74,False Negative,0.26
user4,50011020251107182750_014_a09a369e-32bb-45a1-a096-6b575f60731f/clone3.wav,50011020251107182750_014_a09a369e-32bb-45a1-a096-6b575f60731f,clone3.wav,có thông tin sẽ báo lại mình sau ạ dạ vâng xin chào anh,work,1,usable,user4,2026-05-25T07:01:55.101033+00:00,1,/kaggle/working/asr_quality_classifier/data/audio/data2/50011020251107182750_014_a09a369e-32bb-45a1-a096-6b575f60731f/clone3.wav,1,0,0.74,False Negative,0.26
user6,50011020251107183718_001_bb9959d9-c50c-4368-a054-e566d6e316d9/clone1.wav,50011020251107183718_001_bb9959d9-c50c-4368-a054-e566d6e316d9,clone1.wav,"dạ vâng ạ đấy tao còn tắm, tao còn nóng",work,1,usable,user6,2026-05-25T08:55:23.519184+00:00,1,/kaggle/working/asr_quality_classifier/data/audio/data2/50011020251107183718_001_bb9959d9-c50c-4368-a054-e566d6e316d9/clone1.wav,1,0,0.74,False Negative,0.26
user3,50011020251107183718_002_28402466-555a-4373-8f3c-a88f584adb9b/clone2.wav,50011020251107183718_002_28402466-555a-4373-8f3c-a88f584adb9b,clone2.wav,dạ vâng ạ chìa khóa nhà để ở nhà mẹ đấy,work,1,usable,user3,2026-05-26T03:39:12.739608+00:00,1,/kaggle/working/asr_quality_classifier/data/audio/data2/50011020251107183718_002_28402466-555a-4373-8f3c-a88f584adb9b/clone2.wav,1,0,0.74,False Negative,0.26
user7,50011020251107183718_005_9c5d861e-c475-49ca-97b4-ef00629d7948/clone2.wav,50011020251107183718_005_9c5d861e-c475-49ca-97b4-ef00629d7948,clone2.wav,"anh điện vinfast ấy, xe ô tô ấy dạ vâng anh chờ một chút, lạng sơn đúng không anh?",work,1,usable,user7,2026-05-26T02:02:35.278971+00:00,1,/kaggle/working/asr_quality_classifier/data/audio/data2/50011020251107183718_005_9c5d861e-c475-49ca-97b4-ef00629d7948/clone2.wav,1,0,0.74,False Negative,0.26
user6,50011020251107183718_005_9c5d861e-c475-49ca-97b4-ef00629d7948/clone8.wav,50011020251107183718_005_9c5d861e-c475-49ca-97b4-ef00629d7948,clone8.wav,"anh điện vinfast ấy, xe ô tô ấy dạ vâng anh chờ một chút, lạng sơn đúng không anh?",work,1,usable,user6,2026-05-25T07:27:01.905532+00:00,1,/kaggle/working/asr_quality_classifier/data/audio/data2/50011020251107183718_005_9c5d861e-c475-49ca-97b4-ef00629d7948/clone8.wav,1,0,0.74,False Negative,0.26
user5,50011020251107183718_008_271dfd4d-63f6-487d-852d-35f8e594b32f/clone3.wav,50011020251107183718_008_271dfd4d-63f6-487d-852d-35f8e594b32f,clone3.wav,"ờ cho em số đấy được rồi, tí em gọi sau ạ ờ dạ vâng anh nốt lại số giúp em được không ạ?",work,1,usable,user5,2026-05-26T04:45:33.946412+00:00,1,/kaggle/working/asr_quality_classifier/data/audio/data2/50011020251107183718_008_271dfd4d-63f6-487d-852d-35f8e594b32f/clone3.wav,1,0,0.74,False Negative,0.26
user3,50011020251101192552_003_fc7c17a2-3bed-434c-aebc-e9666bc3264f/clone8.wav,50011020251101192552_003_fc7c17a2-3bed-434c-aebc-e9666bc3264f,clone8.wav,à là số này luôn nè em dạ vâng là số bên này luôn chị số mình báo lên tổng đài bên em sẽ gọi lại cho mình nhá à à rồi rồi nhưng mà có có chắc là sẽ duyệt cho chị sớm không á là ngày mai được không ta? ừm cái này bên em cũng sẽ cố gắng hỗ trợ mình sớm nhất chị ạ tại vì bên em cũng sẽ gặp quên gửi thông tin cho bộ phận liên quan để hỗ trợ mình sớm nhất chị nhá có thông tin gì ở dưới xong là bên sẽ báo lại mình luôn ạ ừm vâng vâng có gì chị em ấy hỗ trợ chị nha dạ vâng bên em sẽ gửi thông tin cho bộ phận liên quan hỗ trợ mình nhá có thông tin bên em sẽ báo lại mình luôn ạ à rồi rồi cảm ơn em cảm ơn em cảm ơn chị ạ bên em chào chị rồi rồi chào em,work,1,usable,user3,2026-05-25T05:03:45.409730+00:00,1,/kaggle/working/asr_quality_classifier/data/audio/data2/50011020251101192552_003_fc7c17a2-3bed-434c-aebc-e9666bc3264f/clone8.wav,1,0,0.74,False Negative,0.26
user2,50011020251102105900_002_98e6f751-041d-4859-8769-f1026617fd06/clone6.wav,50011020251102105900_002_98e6f751-041d-4859-8769-f1026617fd06,clone6.wav,à chị đang hỏi xem cái đơn hàng của chị giải quyết như thế nào rồi,work,1,usable,user2,2026-05-25T08:54:21.206502+00:00,1,/kaggle/working/asr_quality_classifier/data/audio/data2/50011020251102105900_002_98e6f751-041d-4859-8769-f1026617fd06/clone6.wav,1,0,0.74,False Negative,0.26
user4,50011020251102105900_004_18c77245-5ece-4aad-b228-d6a2e34b8e93/clone7.wav,50011020251102105900_004_18c77245-5ece-4aad-b228-d6a2e34b8e93,clone7.wav,"hoàn như nào nhỉ? vâng, hiện tại là em đang thấy là bên em có tạo lệnh hoàn cho mình nhưng mà bây giờ mình lại không muốn hoàn nữa và mình vẫn muốn nhận xe đúng không chị? đúng rồi em à, dạ vâng, cái này bên em cũng đang làm việc với bên kế toán để họ ờ bên xét giữ lại cọc cho mình rồi đấy ạ, để mình tiếp tục nhận đơn và xe này ấy chị",work,1,usable,user4,2026-05-25T08:41:55.701625+00:00,1,/kaggle/working/asr_quality_classifier/data/audio/data2/50011020251102105900_004_18c77245-5ece-4aad-b228-d6a2e34b8e93/clone7.wav,1,0,0.74,False Negative,0.26
user6,50011020251102105900_006_8adede13-82f5-46d6-98a5-b05b51a5b382/clone7.wav,50011020251102105900_006_8adede13-82f5-46d6-98a5-b05b51a5b382,clone7.wav,"hiện tại bên em cũng đang làm việc với phía đại lý và bên phía kế toán để họ kiểm tra về cái đơn này của mình rồi chị ạ rất là mong chị thông cảm, mình chờ thêm một chút thời gian để bên em làm việc thêm với hai bộ phận để hỗ trợ mình sớm nhất",work,1,usable,user6,2026-05-25T07:48:25.305046+00:00,1,/kaggle/working/asr_quality_classifier/data/audio/data2/50011020251102105900_006_8adede13-82f5-46d6-98a5-b05b51a5b382/clone7.wav,1,0,0.74,False Negative,0.26
user2,50011020251102105900_006_8adede13-82f5-46d6-98a5-b05b51a5b382/clone8.wav,50011020251102105900_006_8adede13-82f5-46d6-98a5-b05b51a5b382,clone8.wav,"hiện tại bên em cũng đang làm việc với phía đại lý và bên phía kế toán để họ kiểm tra về cái đơn này của mình rồi chị ạ rất là mong chị thông cảm, mình chờ thêm một chút thời gian để bên em làm việc thêm với hai bộ phận để hỗ trợ mình sớm nhất",work,1,usable,user2,2026-05-26T02:03:36.943384+00:00,1,/kaggle/working/asr_quality_classifier/data/audio/data2/50011020251102105900_006_8adede13-82f5-46d6-98a5-b05b51a5b382/clone8.wav,1,0,0.74,False Negative,0.26
user2,50011020251105111350_004_c8b15d1a-bbc0-4ce5-9e4d-037e70d36fc5/clone2.wav,50011020251105111350_004_c8b15d1a-bbc0-4ce5-9e4d-037e70d36fc5,clone2.wav,"hiện tại em đang kiểm tra lại bên em cũng đã gửi thông tin cho xưởng rồi đấy ạ, xưởng vẫn chưa liên hệ với mình ạ anh?",work,1,usable,user2,2026-05-25T08:55:56.148862+00:00,1,/kaggle/working/asr_quality_classifier/data/audio/data2/50011020251105111350_004_c8b15d1a-bbc0-4ce5-9e4d-037e70d36fc5/clone2.wav,1,0,0.74,False Negative,0.26
user2,50011020251105111350_006_8914b43a-2ea8-42a0-84ac-68b8031bf073/clone4.wav,50011020251105111350_006_8914b43a-2ea8-42a0-84ac-68b8031bf073,clone4.wav,"xe của em bây giờ đi một cái phanh tự động nó bị lỗi ấy, nó đi một lúc cứ có người chui qua đường nó lại phanh giật lại rồi bây giờ tắt đi bật lại xe thì nó lại khởi động",work,1,usable,user2,2026-05-25T08:50:35.735920+00:00,1,/kaggle/working/asr_quality_classifier/data/audio/data2/50011020251105111350_006_8914b43a-2ea8-42a0-84ac-68b8031bf073/clone4.wav,1,0,0.74,False Negative,0.26
user4,50011020251105111350_006_8914b43a-2ea8-42a0-84ac-68b8031bf073/clone5.wav,50011020251105111350_006_8914b43a-2ea8-42a0-84ac-68b8031bf073,clone5.wav,"xe của em bây giờ đi một cái phanh tự động nó bị lỗi ấy, nó đi một lúc cứ có người chui qua đường nó lại phanh giật lại rồi bây giờ tắt đi bật lại xe thì nó lại khởi động",work,1,usable,user4,2026-05-25T08:36:58.606347+00:00,1,/kaggle/working/asr_quality_classifier/data/audio/data2/50011020251105111350_006_8914b43a-2ea8-42a0-84ac-68b8031bf073/clone5.wav,1,0,0.74,False Negative,0.26
user2,50011120251108115252_005_0405a139-ffbd-4baf-aed6-6b20623e05f5/clone1.wav,50011120251108115252_005_0405a139-ffbd-4baf-aed6-6b20623e05f5,clone1.wav,nên là em muốn chuyển nó về thị trấn thanh hà để em lấy xe ấy anh,work,1,usable,user2,2026-05-25T05:03:53.603079+00:00,1,/kaggle/working/asr_quality_classifier/data/audio/data2/50011120251108115252_005_0405a139-ffbd-4baf-aed6-6b20623e05f5/clone1.wav,1,0,0.74,False Negative,0.26
user3,50011120251108115252_008_fca95e93-b1cf-41c1-80de-aec1eef780ab/clone5.wav,50011120251108115252_008_fca95e93-b1cf-41c1-80de-aec1eef780ab,clone5.wav,em muốn chuyển về đơn hàng của chị hiện tại là đang ở chị đợi em chút em kiểm tra thông tin nhá dạ vâng ạ,work,1,usable,user3,2026-05-25T07:42:22.010421+00:00,1,/kaggle/working/asr_quality_classifier/data/audio/data2/50011120251108115252_008_fca95e93-b1cf-41c1-80de-aec1eef780ab/clone5.wav,1,0,0.74,False Negative,0.26
user5,50011120251108115252_008_fca95e93-b1cf-41c1-80de-aec1eef780ab/clone8.wav,50011120251108115252_008_fca95e93-b1cf-41c1-80de-aec1eef780ab,clone8.wav,em muốn chuyển về đơn hàng của chị hiện tại là đang ở chị đợi em chút em kiểm tra thông tin nhá dạ vâng ạ,work,1,usable,user5,2026-05-25T08:50:58.184403+00:00,1,/kaggle/working/asr_quality_classifier/data/audio/data2/50011120251108115252_008_fca95e93-b1cf-41c1-80de-aec1eef780ab/clone8.wav,1,0,0.74,False Negative,0.26
user6,50011120251110171737_003_93bfe640-5d21-4e80-b900-5ff1bacb6fec/clone1.wav,50011120251110171737_003_93bfe640-5d21-4e80-b900-5ff1bacb6fec,clone1.wav,anh kéo về hãng nhưng mà không thấy hãng liên hệ gì anh? đúng rồi không thấy bên xưởng dịch vụ á người ta không liên hệ là xe bị cái gì hay như thế nào kéo về đến nơi thì người ta chỉ gọi người ta hỏi sơ sơ qua rồi từ hôm mấy cái xe đấy,work,1,usable,user6,2026-05-26T02:58:02.663771+00:00,1,/kaggle/working/asr_quality_classifier/data/audio/data2/50011120251110171737_003_93bfe640-5d21-4e80-b900-5ff1bacb6fec/clone1.wav,1,0,0.74,False Negative,0.26
user4,50011120251110171737_003_93bfe640-5d21-4e80-b900-5ff1bacb6fec/clone7.wav,50011120251110171737_003_93bfe640-5d21-4e80-b900-5ff1bacb6fec,clone7.wav,anh kéo về hãng nhưng mà không thấy hãng liên hệ gì anh? đúng rồi không thấy bên xưởng dịch vụ á người ta không liên hệ là xe bị cái gì hay như thế nào kéo về đến nơi thì người ta chỉ gọi người ta hỏi sơ sơ qua rồi từ hôm mấy cái xe đấy,work,1,usable,user4,2026-05-25T06:39:56.881581+00:00,1,/kaggle/working/asr_quality_classifier/data/audio/data2/50011120251110171737_003_93bfe640-5d21-4e80-b900-5ff1bacb6fec/clone7.wav,1,0,0.74,False Negative,0.26
user7,50011120251110171737_003_93bfe640-5d21-4e80-b900-5ff1bacb6fec/clone8.wav,50011120251110171737_003_93bfe640-5d21-4e80-b900-5ff1bacb6fec,clone8.wav,anh kéo về hãng nhưng mà không thấy hãng liên hệ gì anh? đúng rồi không thấy bên xưởng dịch vụ á người ta không liên hệ là xe bị cái gì hay như thế nào kéo về đến nơi thì người ta chỉ gọi người ta hỏi sơ sơ qua rồi từ hôm mấy cái xe đấy,work,1,usable,user7,2026-05-25T07:35:54.204371+00:00,1,/kaggle/working/asr_quality_classifier/data/audio/data2/50011120251110171737_003_93bfe640-5d21-4e80-b900-5ff1bacb6fec/clone8.wav,1,0,0.74,False Negative,0.26
user3,50011120251110171737_004_64ae6781-dee6-4ae7-a885-9a544ab04c50/clone8.wav,50011120251110171737_004_64ae6781-dee6-4ae7-a885-9a544ab04c50,clone8.wav,nghê đây anh em xin được số xe của anh 47a ạ,work,1,usable,user3,2026-05-26T04:41:37.692219+00:00,1,/kaggle/working/asr_quality_classifier/data/audio/data2/50011120251110171737_004_64ae6781-dee6-4ae7-a885-9a544ab04c50/clone8.wav,1,0,0.74,False Negative,0.26
user2,50011120251110171737_006_8872b30b-ca6b-4490-a4d7-7da84f3d55aa/clone7.wav,50011120251110171737_006_8872b30b-ca6b-4490-a4d7-7da84f3d55aa,clone7.wav,47a năm mươi hai nghìn một trăm lẻ một,work,1,usable,user2,2026-05-25T04:58:16.859715+00:00,1,/kaggle/working/asr_quality_classifier/data/audio/data2/50011120251110171737_006_8872b30b-ca6b-4490-a4d7-7da84f3d55aa/clone7.wav,1,0,0.74,False Negative,0.26
user7,50011120251105224933_000_0a0b5fd9-ef0d-4bfd-94f1-e49d27d97e56/clone5.wav,50011120251105224933_000_0a0b5fd9-ef0d-4bfd-94f1-e49d27d97e56,clone5.wav,"không, mà anh ơi mình đang cần cứu hộ à anh?",work,1,usable,user7,2026-05-25T07:44:38.499590+00:00,1,/kaggle/working/asr_quality_classifier/data/audio/data2/50011120251105224933_000_0a0b5fd9-ef0d-4bfd-94f1-e49d27d97e56/clone5.wav,1,0,0.74,False Negative,0.26
user1,50011120251105224933_000_0a0b5fd9-ef0d-4bfd-94f1-e49d27d97e56/clone8.wav,50011120251105224933_000_0a0b5fd9-ef0d-4bfd-94f1-e49d27d97e56,clone8.wav,"không, mà anh ơi mình đang cần cứu hộ à anh?",work,1,usable,user1,2026-05-26T01:55:37.691089+00:00,1,/kaggle/working/asr_quality_classifier/data/audio/data2/50011120251105224933_000_0a0b5fd9-ef0d-4bfd-94f1-e49d27d97e56/clone8.wav,1,0,0.74,False Negative,0.26
user2,50011120251105224933_001_e74ae5f0-c9dc-488f-b05b-910af69ea406/clone2.wav,50011120251105224933_001_e74ae5f0-c9dc-488f-b05b-910af69ea406,clone2.wav,"ừ đúng rồi anh ơi, xe xe của em bị bị bị lủng lốp á",work,1,usable,user2,2026-05-25T08:21:43.637377+00:00,1,/kaggle/working/asr_quality_classifier/data/audio/data2/50011120251105224933_001_e74ae5f0-c9dc-488f-b05b-910af69ea406/clone2.wav,1,0,0.74,False Negative,0.26
user1,50011120251105224933_001_e74ae5f0-c9dc-488f-b05b-910af69ea406/clone8.wav,50011120251105224933_001_e74ae5f0-c9dc-488f-b05b-910af69ea406,clone8.wav,"ừ đúng rồi anh ơi, xe xe của em bị bị bị lủng lốp á",work,1,usable,user1,2026-05-26T03:23:45.554319+00:00,1,/kaggle/working/asr_quality_classifier/data/audio/data2/50011120251105224933_001_e74ae5f0-c9dc-488f-b05b-910af69ea406/clone8.wav,1,0,0.74,False Negative,0.26
user2,50011120251105224933_006_3abbbed8-2edd-4ee6-89df-4ec6c689d2d0/clone8.wav,50011120251105224933_006_3abbbed8-2edd-4ee6-89df-4ec6c689d2d0,clone8.wav,bê em vê kép năm em xin biển số xe của anh mình,work,1,usable,user2,2026-05-26T03:06:38.818357+00:00,1,/kaggle/working/asr_quality_classifier/data/audio/data2/50011120251105224933_006_3abbbed8-2edd-4ee6-89df-4ec6c689d2d0/clone8.wav,1,0,0.74,False Negative,0.26
user6,50011120251105224933_011_de964a72-653e-4942-b66b-39c8e537d8f3/clone3.wav,50011120251105224933_011_de964a72-653e-4942-b66b-39c8e537d8f3,clone3.wav,"để để em xem cái cái vị trí đã nhá km hai mươi ba bao nhiêu ạ? đúng rồi, km hai hai mươi ba quốc lộ 1a",work,1,usable,user6,2026-05-25T08:29:37.997582+00:00,1,/kaggle/working/asr_quality_classifier/data/audio/data2/50011120251105224933_011_de964a72-653e-4942-b66b-39c8e537d8f3/clone3.wav,1,0,0.74,False Negative,0.26
user6,50011120251105224933_011_de964a72-653e-4942-b66b-39c8e537d8f3/clone7.wav,50011120251105224933_011_de964a72-653e-4942-b66b-39c8e537d8f3,clone7.wav,"để để em xem cái cái vị trí đã nhá km hai mươi ba bao nhiêu ạ? đúng rồi, km hai hai mươi ba quốc lộ 1a",work,1,usable,user6,2026-05-25T08:29:37.997716+00:00,1,/kaggle/working/asr_quality_classifier/data/audio/data2/50011120251105224933_011_de964a72-653e-4942-b66b-39c8e537d8f3/clone7.wav,1,0,0.74,False Negative,0.26
user2,50011120251108115252_002_bf0cd733-8457-43b5-ad59-f856c6e070e2/clone1.wav,50011120251108115252_002_bf0cd733-8457-43b5-ad59-f856c6e070e2,clone1.wav,"dạ anh ơi, em có cái cái hóa hóa đơn ấy anh thì em muốn chuyển cái xe về thị trấn thanh hà ấy anh",work,1,usable,user2,2026-05-25T05:05:18.684117+00:00,1,/kaggle/working/asr_quality_classifier/data/audio/data2/50011120251108115252_002_bf0cd733-8457-43b5-ad59-f856c6e070e2/clone1.wav,1,0,0.74,False Negative,0.26
user4,50006420251101175245_001_65aaf697-b88a-43e8-942e-21f17d4281b1/clone2.wav,50006420251101175245_001_65aaf697-b88a-43e8-942e-21f17d4281b1,clone2.wav,"em là sĩ hà bên chăm sóc khách hàng của vinfast, em thấy cuộc gọi nhỡ từ phía tổng đài vinfast ấy, mình cần hỗ trợ gì không chị? ừ, chị là hà ấy, em có thể check lại lịch sử bởi vì chiều nay chị cũng vừa gọi cứu hộ ấy nhưng mà bây giờ xe chị lại bị tình trạng đấy tiếp em ạ tức là chìa khóa nó không nhận xe nhé thì chiều nay các bạn đã đến",work,1,usable,user4,2026-05-25T08:24:32.904154+00:00,1,/kaggle/working/asr_quality_classifier/data/audio/data2/50006420251101175245_001_65aaf697-b88a-43e8-942e-21f17d4281b1/clone2.wav,1,0,0.74,False Negative,0.26
user5,50011120251101114910_009_ab97c904-d015-4173-b47c-e3aa27b92aa3/clone8.wav,50011120251101114910_009_ab97c904-d015-4173-b47c-e3aa27b92aa3,clone8.wav,"đúng rồi, anh anh nhập bằng kích hoạt bằng à xe đăng nhập bằng i-meo là như nào nhỉ? anh hôm nay không hiểu tức là cái cái cái áp đấy anh phải đăng nhập bằng i-meo thì mới có thể sử dụng được",work,1,usable,user5,2026-05-25T05:15:34.540695+00:00,1,/kaggle/working/asr_quality_classifier/data/audio/data2/50011120251101114910_009_ab97c904-d015-4173-b47c-e3aa27b92aa3/clone8.wav,1,0,0.74,False Negative,0.26
user1,50011120251101114910_016_99825b19-b1c9-4a1e-b89c-ec6838c804fc/clone4.wav,50011120251101114910_016_99825b19-b1c9-4a1e-b89c-ec6838c804fc,clone4.wav,em thấy là bên anh liên hệ bên giê ét các bạn ấy hỗ trợ anh ạ,work,1,usable,user1,2026-05-26T03:26:23.591148+00:00,1,/kaggle/working/asr_quality_classifier/data/audio/data2/50011120251101114910_016_99825b19-b1c9-4a1e-b89c-ec6838c804fc/clone4.wav,1,0,0.74,False Negative,0.26
user5,50011120251102112249_004_6d8a9f8e-88cf-478e-a8a9-44babf052a81/clone7.wav,50011120251102112249_004_6d8a9f8e-88cf-478e-a8a9-44babf052a81,clone7.wav,esim là chị xe à chị đang thuê pin hay là mua pin ạ? mua pin chị pin chị mua chị mua lâu chưa ạ? à mua chắc được mấy tháng rồi đó mua vào cái đợt mà vinfast nó không cho thuê nữa à thế thì mình phải mua esim một trăm năm mươi sáu nghìn đồng một năm chị ạ thì mới có thể sử dụng được định vị xe đấy,work,1,usable,user5,2026-05-25T07:49:01.122031+00:00,1,/kaggle/working/asr_quality_classifier/data/audio/data2/50011120251102112249_004_6d8a9f8e-88cf-478e-a8a9-44babf052a81/clone7.wav,1,0,0.74,False Negative,0.26
user3,50011120251102112249_006_2bd58078-ec3a-43ac-a36a-ac091693aadd/clone4.wav,50011120251102112249_006_2bd58078-ec3a-43ac-a36a-ac091693aadd,clone4.wav,à ra đại lý là mỗi mỗi chiếc một trăm sáu mươi nghìn đồng hả? vâng một trăm năm mươi sáu nghìn đồng ạ à à là do mình hết esim vâng rồi mình ra mình mình đọc như thế nào mà mình mua được? chị cứ bảo ra bảo là chị cần mua esim thôi là được ạ à rồi có cần chạy xe ra không? ờ có chị ạ,work,1,usable,user3,2026-05-25T05:06:22.844908+00:00,1,/kaggle/working/asr_quality_classifier/data/audio/data2/50011120251102112249_006_2bd58078-ec3a-43ac-a36a-ac091693aadd/clone4.wav,1,0,0.74,False Negative,0.26
user5,50011120251102112249_006_2bd58078-ec3a-43ac-a36a-ac091693aadd/clone5.wav,50011120251102112249_006_2bd58078-ec3a-43ac-a36a-ac091693aadd,clone5.wav,à ra đại lý là mỗi mỗi chiếc một trăm sáu mươi nghìn đồng hả? vâng một trăm năm mươi sáu nghìn đồng ạ à à là do mình hết esim vâng rồi mình ra mình mình đọc như thế nào mà mình mua được? chị cứ bảo ra bảo là chị cần mua esim thôi là được ạ à rồi có cần chạy xe ra không? ờ có chị ạ,work,1,usable,user5,2026-05-25T05:25:31.671766+00:00,1,/kaggle/working/asr_quality_classifier/data/audio/data2/50011120251102112249_006_2bd58078-ec3a-43ac-a36a-ac091693aadd/clone5.wav,1,0,0.74,False Negative,0.26
user4,50011120251102112249_007_32fc5fa4-10e0-4e57-9eae-010a225c514d/clone6.wav,50011120251102112249_007_32fc5fa4-10e0-4e57-9eae-010a225c514d,clone6.wav,là cả chạy cả hai chiếc luôn à?,work,1,usable,user4,2026-05-25T08:53:31.566956+00:00,1,/kaggle/working/asr_quality_classifier/data/audio/data2/50011120251102112249_007_32fc5fa4-10e0-4e57-9eae-010a225c514d/clone6.wav,1,0,0.74,False Negative,0.26
user1,50011120251102112249_007_32fc5fa4-10e0-4e57-9eae-010a225c514d/clone8.wav,50011120251102112249_007_32fc5fa4-10e0-4e57-9eae-010a225c514d,clone8.wav,là cả chạy cả hai chiếc luôn à?,work,1,usable,user1,2026-05-25T08:53:40.947658+00:00,1,/kaggle/working/asr_quality_classifier/data/audio/data2/50011120251102112249_007_32fc5fa4-10e0-4e57-9eae-010a225c514d/clone8.wav,1,0,0.74,False Negative,0.26
user2,50006220251108224428_013_f7577693-8737-41d8-967d-137f26a9d8c0/clone5.wav,50006220251108224428_013_f7577693-8737-41d8-967d-137f26a9d8c0,clone5.wav,có gì mai liên hệ các bạn hỗ trợ anh nhá,work,1,usable,user2,2026-05-25T05:09:46.883145+00:00,1,/kaggle/working/asr_quality_classifier/data/audio/data2/50006220251108224428_013_f7577693-8737-41d8-967d-137f26a9d8c0/clone5.wav,1,0,0.74,False Negative,0.26
user1,50006220251108224428_014_734b877a-49b7-4ea8-a3e2-7ed684f1e9a7/clone5.wav,50006220251108224428_014_734b877a-49b7-4ea8-a3e2-7ed684f1e9a7,clone5.wav,"dạ dạ cảm ơn anh ạ, xin lỗi mình ạ",work,1,usable,user1,2026-05-26T03:05:08.381565+00:00,1,/kaggle/working/asr_quality_classifier/data/audio/data2/50006220251108224428_014_734b877a-49b7-4ea8-a3e2-7ed684f1e9a7/clone5.wav,1,0,0.74,False Negative,0.26
user4,50006220251108233630_005_712075e2-2a45-43be-8548-c0303f7738f8/clone5.wav,50006220251108233630_005_712075e2-2a45-43be-8548-c0303f7738f8,clone5.wav,"à, điều hòa, điều hòa đúng không anh? vâng, anh vâng ạ điều hòa, anh ấy lúc nãy anh anh gọi cho em và em bảo là để đặt lịch cho mình qua xưởng dịch vụ để kiểm tra đúng không anh?",work,1,usable,user4,2026-05-25T09:02:14.465452+00:00,1,/kaggle/working/asr_quality_classifier/data/audio/data2/50006220251108233630_005_712075e2-2a45-43be-8548-c0303f7738f8/clone5.wav,1,0,0.74,False Negative,0.26
user3,50006220251108233630_005_712075e2-2a45-43be-8548-c0303f7738f8/clone6.wav,50006220251108233630_005_712075e2-2a45-43be-8548-c0303f7738f8,clone6.wav,"à, điều hòa, điều hòa đúng không anh? vâng, anh vâng ạ điều hòa, anh ấy lúc nãy anh anh gọi cho em và em bảo là để đặt lịch cho mình qua xưởng dịch vụ để kiểm tra đúng không anh?",work,1,usable,user3,2026-05-25T07:59:14.729651+00:00,1,/kaggle/working/asr_quality_classifier/data/audio/data2/50006220251108233630_005_712075e2-2a45-43be-8548-c0303f7738f8/clone6.wav,1,0,0.74,False Negative,0.26
user4,50006220251109231648_000_9fa5da69-294a-4fa9-833b-b00a28da818d/clone4.wav,50006220251109231648_000_9fa5da69-294a-4fa9-833b-b00a28da818d,clone4.wav,"a-lô, ạ anh ơi, em từ tổng đài của vinfast ạ em thấy mình đang yêu cầu cứu hộ trên áp ấy anh cần em hỗ trợ gì không anh nhỉ? anh ơi, xe của em nó bị vào cái ổ gà nó xịt cả hai lốp trước, lốp sau của bên bên bên bên phụ ấy sập ổ gà rách lốp đúng không anh? vâng, một một cái rách, một cái nổ, một cái rách vâng ạ anh đang đi xe vê ép năm đúng không ạ? em đang đi vê ép năm, em đang ở xa-pa vâng vâng, anh đọc cho em mình địa chỉ nhá vê ép năm có phải địa chỉ ở chỗ ngũ hành ngũ chỉ sơn ạ? ngũ chỉ sơn đúng rồi ạ anh đi bằng xa-pa đúng không anh? vâng vâng, ngay đầu ấy phải là 29f ba trăm sáu mươi ba ạ? 25f ạ 25f ạ 25f ba trăm sáu mươi ba anh tên là gì anh nhỉ? em tên là đào quang lục ạ anh lục ạ dạ anh ơi, bảo chút xíu là mình có cần phải báo bảo hiểm không anh?",work,1,usable,user4,2026-05-25T07:03:51.966555+00:00,1,/kaggle/working/asr_quality_classifier/data/audio/data2/50006220251109231648_000_9fa5da69-294a-4fa9-833b-b00a28da818d/clone4.wav,1,0,0.74,False Negative,0.26
user4,50006220251112110457_006_376fddcf-490d-4c3b-a40b-e30ce2e86819/clone8.wav,50006220251112110457_006_376fddcf-490d-4c3b-a40b-e30ce2e86819,clone8.wav,chị không nhớ từ hồi hình như tháng bảy tháng gì đó cái hồi từ mà cái chị ơi vâng thì em tư vấn cho chị nhá cái này thì mình bị hết hạn tại khi mà mình thuê pin ấy thì vinfast bên em sẽ trả tiền ra cái khoản số tiền này để mà bên theo dõi cái pin của chị nhưng mà khi mà pin đã mua pin rồi thì bên em sẽ không được quyền theo dõi nữa cái này thì em mời chị ra chị qua bên đại lý của bên em nhá mình mua trên một gói esim giá sẽ là một trăm năm mươi sáu nghìn đồng một năm chị nhá để mình sử dụng ạ một trăm mấy? một trăm năm mươi sáu nghìn đồng một năm chị nhá ờ ờ ờ ờ ờ ờ,work,1,usable,user4,2026-05-25T08:45:36.663235+00:00,1,/kaggle/working/asr_quality_classifier/data/audio/data2/50006220251112110457_006_376fddcf-490d-4c3b-a40b-e30ce2e86819/clone8.wav,1,0,0.74,False Negative,0.26
user2,50006220251114090916_002_b24f9497-6020-45c2-a29c-dbbbb9f4b891/clone5.wav,50006220251114090916_002_b24f9497-6020-45c2-a29c-dbbbb9f4b891,clone5.wav,"a-lô, ạ a-lô, em chào anh ạ anh em mình cái này hỗ trợ gì không anh nhỉ? em thấy mình gọi nhỡ bên em ấy ạ à, em đang muốn là chuyển cái đơn của em về cái vinfast bảo châu ấy đơn của mình ạ? anh đặt đơn vào số nào ấy nhỉ? dạ? anh đặt xe vào số nào ấy nhỉ? không, dạ ba nghìn tám trăm tám mươi lăm",work,1,usable,user2,2026-05-25T04:58:59.269552+00:00,1,/kaggle/working/asr_quality_classifier/data/audio/data2/50006220251114090916_002_b24f9497-6020-45c2-a29c-dbbbb9f4b891/clone5.wav,1,0,0.74,False Negative,0.26
user1,50006220251114090916_006_1da91d1b-d7aa-4b41-a7c9-71373e0621f4/clone1.wav,50006220251114090916_006_1da91d1b-d7aa-4b41-a7c9-71373e0621f4,clone1.wav,"ờ, cái này thì em tư vấn cho mình là tại vì o i o của vinfast ấy thì các bạn sẽ không cho vinfast chăm sóc khách hàng bên em là chuyển đơn hàng của khách hàng nữa mà các bạn o i o các bạn sẽ tự động chuyển đơn hàng của khách hàng à thì theo về khu vực của mình theo cái gọi là khu vực phân phối ở khu vực mình sinh sống và cái phân bổ xe tại khu vực đó thì có gì anh chờ thêm anh nhá o i o chuyển xong thì các bạn sẽ báo mình và mình có thể xem thôi chứ bây giờ bên em không được quyền là chuyển đơn của khách hàng qua đại lý mà khách hàng yêu cầu mà o i o sẽ tự chuyển anh ạ",work,1,usable,user1,2026-05-25T08:39:12.992725+00:00,1,/kaggle/working/asr_quality_classifier/data/audio/data2/50006220251114090916_006_1da91d1b-d7aa-4b41-a7c9-71373e0621f4/clone1.wav,1,0,0.74,False Negative,0.26
user1,50006220251106152700_003_c0c74d79-39a2-4360-8379-382f359ab6bb/clone7.wav,50006220251106152700_003_c0c74d79-39a2-4360-8379-382f359ab6bb,clone7.wav,mà mặc dù anh đã đặt cọc cách đây hai tháng ý dạ mà xin nghỉ là giờ lại không không không được hưởng cái,work,1,usable,user1,2026-05-26T02:41:45.017897+00:00,1,/kaggle/working/asr_quality_classifier/data/audio/data2/50006220251106152700_003_c0c74d79-39a2-4360-8379-382f359ab6bb/clone7.wav,1,0,0.74,False Negative,0.26
user5,50006220251106152700_005_848a877a-1f1b-4484-b804-f48d7e9bc42b/clone8.wav,50006220251106152700_005_848a877a-1f1b-4484-b804-f48d7e9bc42b,clone8.wav,"anh check thông tin đơn hàng của mình rồi, anh giữ máy em xem của anh ạ, anh chờ em một chút",work,1,usable,user5,2026-05-25T07:51:33.132441+00:00,1,/kaggle/working/asr_quality_classifier/data/audio/data2/50006220251106152700_005_848a877a-1f1b-4484-b804-f48d7e9bc42b/clone8.wav,1,0,0.74,False Negative,0.26
user2,50006220251106152700_006_128e4843-47ab-4536-a1b4-3e7af379fcc0/clone1.wav,50006220251106152700_006_128e4843-47ab-4536-a1b4-3e7af379fcc0,clone1.wav,"anh đang ở đâu anh nghỉ việc rồi và mình đang hỏi xem có được hưởng cái chính sách ưu đãi nội bộ đó đúng không đúng không anh? đúng rồi, anh mua xe rồi anh mua đặt cọc cái xe này anh cọc đến hai tháng rồi mà chưa được hưởng ưu đãi tập đoàn",work,1,usable,user2,2026-05-25T04:46:56.976394+00:00,1,/kaggle/working/asr_quality_classifier/data/audio/data2/50006220251106152700_006_128e4843-47ab-4536-a1b4-3e7af379fcc0/clone1.wav,1,0,0.74,False Negative,0.26
user1,50006220251106152700_006_128e4843-47ab-4536-a1b4-3e7af379fcc0/clone3.wav,50006220251106152700_006_128e4843-47ab-4536-a1b4-3e7af379fcc0,clone3.wav,"anh đang ở đâu anh nghỉ việc rồi và mình đang hỏi xem có được hưởng cái chính sách ưu đãi nội bộ đó đúng không đúng không anh? đúng rồi, anh mua xe rồi anh mua đặt cọc cái xe này anh cọc đến hai tháng rồi mà chưa được hưởng ưu đãi tập đoàn",work,1,usable,user1,2026-05-25T07:39:38.914754+00:00,1,/kaggle/working/asr_quality_classifier/data/audio/data2/50006220251106152700_006_128e4843-47ab-4536-a1b4-3e7af379fcc0/clone3.wav,1,0,0.74,False Negative,0.26
user2,50006220251106152700_006_128e4843-47ab-4536-a1b4-3e7af379fcc0/clone5.wav,50006220251106152700_006_128e4843-47ab-4536-a1b4-3e7af379fcc0,clone5.wav,"anh đang ở đâu anh nghỉ việc rồi và mình đang hỏi xem có được hưởng cái chính sách ưu đãi nội bộ đó đúng không đúng không anh? đúng rồi, anh mua xe rồi anh mua đặt cọc cái xe này anh cọc đến hai tháng rồi mà chưa được hưởng ưu đãi tập đoàn",work,1,usable,user2,2026-05-25T08:46:03.728715+00:00,1,/kaggle/working/asr_quality_classifier/data/audio/data2/50006220251106152700_006_128e4843-47ab-4536-a1b4-3e7af379fcc0/clone5.wav,1,0,0.74,False Negative,0.26
user3,50006220251107144630_004_5416ade6-c6c4-4976-81a8-8e9348678a70/clone2.wav,50006220251107144630_004_5416ade6-c6c4-4976-81a8-8e9348678a70,clone2.wav,"thì tính phí nó tính miễn phí là tôi muốn hỏi là tôi muốn hỏi là hỏi thế nào nhỉ? à, thì em xin phép tư vấn để kiểm tra cho mình nhá em thấy là mình đi xe ê-vô rang đúng không anh? đúng rồi, đúng rồi thì em xin phép tư vấn cho mình là đối với các dòng xe các dòng xe của xe máy điện ấy thì mình sẽ được sạc miễn phí nhưng mà chỉ ở tối đa là hai lần một ngày thôi anh ạ",work,1,usable,user3,2026-05-25T08:04:19.213839+00:00,1,/kaggle/working/asr_quality_classifier/data/audio/data2/50006220251107144630_004_5416ade6-c6c4-4976-81a8-8e9348678a70/clone2.wav,1,0,0.74,False Negative,0.26
user4,50006220251107144630_005_cc4c5b3f-46a9-47c8-a0bf-be1d9632fb88/clone5.wav,50006220251107144630_005_cc4c5b3f-46a9-47c8-a0bf-be1d9632fb88,clone5.wav,"à, thì là ví dụ lần thứ ba ấy là bây giờ thế là này thế cái cách nạp tiền á cách nạp tiền để để để trả cái chỗ đó đó đúng rồi, mình nhưng mà mình đã trên mười nghìn chưa anh?",work,1,usable,user4,2026-05-25T09:01:59.524238+00:00,1,/kaggle/working/asr_quality_classifier/data/audio/data2/50006220251107144630_005_cc4c5b3f-46a9-47c8-a0bf-be1d9632fb88/clone5.wav,1,0,0.74,False Negative,0.26
user4,50006220251107193813_001_43466d34-1260-45bf-aee7-9adce9120328/clone7.wav,50006220251107193813_001_43466d34-1260-45bf-aee7-9adce9120328,clone7.wav,ai nhỉ? em từ tổng đài của vinfast ạ em chào anh gọi nhớ bên em đấy ạ mình cần em hỗ trợ gì không anh?,work,1,usable,user4,2026-05-25T06:42:10.585055+00:00,1,/kaggle/working/asr_quality_classifier/data/audio/data2/50006220251107193813_001_43466d34-1260-45bf-aee7-9adce9120328/clone7.wav,1,0,0.74,False Negative,0.26
user3,50011620251108144341_005_39e8c2e7-afeb-4696-851b-92094ee186db/clone1.wav,50011620251108144341_005_39e8c2e7-afeb-4696-851b-92094ee186db,clone1.wav,vâng đây để để em có vào được số không? không vào được số ạ,work,1,usable,user3,2026-05-26T02:59:51.453758+00:00,1,/kaggle/working/asr_quality_classifier/data/audio/data2/50011620251108144341_005_39e8c2e7-afeb-4696-851b-92094ee186db/clone1.wav,1,0,0.74,False Negative,0.26
user5,50011620251108144341_005_39e8c2e7-afeb-4696-851b-92094ee186db/clone6.wav,50011620251108144341_005_39e8c2e7-afeb-4696-851b-92094ee186db,clone6.wav,vâng đây để để em có vào được số không? không vào được số ạ,work,1,usable,user5,2026-05-25T07:36:10.062813+00:00,1,/kaggle/working/asr_quality_classifier/data/audio/data2/50011620251108144341_005_39e8c2e7-afeb-4696-851b-92094ee186db/clone6.wav,1,0,0.74,False Negative,0.26
user2,50006220251103163420_003_33a7e8f7-8962-495a-8dcf-e97cc225b930/clone3.wav,50006220251103163420_003_33a7e8f7-8962-495a-8dcf-e97cc225b930,clone3.wav,"à, hồi nãy vừa mới gọi mà ý là bên tổng đài nó bận ấy bận chưa có chưa chưa có máy nào rảnh không, để để để để em đấy em là gọi lại cho mình đấy và em để chút xíu đã anh gọi lại bên trường tín bên cái cơ sở đang hỗ trợ cho mình ấy để các bạn hỗ trợ giao xe cho anh nhá em đọc cho mình số điện thoại bên đấy nhá à, dạ đúng rồi nhờ nhờ anh cho em số với số điện thoại với một nghìn tám trăm ạ",work,1,usable,user2,2026-05-25T08:22:35.601914+00:00,1,/kaggle/working/asr_quality_classifier/data/audio/data2/50006220251103163420_003_33a7e8f7-8962-495a-8dcf-e97cc225b930/clone3.wav,1,0,0.74,False Negative,0.26
user4,50006220251103163420_003_33a7e8f7-8962-495a-8dcf-e97cc225b930/clone5.wav,50006220251103163420_003_33a7e8f7-8962-495a-8dcf-e97cc225b930,clone5.wav,"à, hồi nãy vừa mới gọi mà ý là bên tổng đài nó bận ấy bận chưa có chưa chưa có máy nào rảnh không, để để để để em đấy em là gọi lại cho mình đấy và em để chút xíu đã anh gọi lại bên trường tín bên cái cơ sở đang hỗ trợ cho mình ấy để các bạn hỗ trợ giao xe cho anh nhá em đọc cho mình số điện thoại bên đấy nhá à, dạ đúng rồi nhờ nhờ anh cho em số với số điện thoại với một nghìn tám trăm ạ",work,1,usable,user4,2026-05-26T02:10:29.426623+00:00,1,/kaggle/working/asr_quality_classifier/data/audio/data2/50006220251103163420_003_33a7e8f7-8962-495a-8dcf-e97cc225b930/clone5.wav,1,0,0.74,False Negative,0.26
user4,50006220251103163420_005_0f368749-499b-4211-b37e-34f45aef5f17/clone4.wav,50006220251103163420_005_0f368749-499b-4211-b37e-34f45aef5f17,clone4.wav,một nghìn tám trăm tám nghìn ba trăm ba mươi bảy ạ,work,1,usable,user4,2026-05-25T07:55:16.999606+00:00,1,/kaggle/working/asr_quality_classifier/data/audio/data2/50006220251103163420_005_0f368749-499b-4211-b37e-34f45aef5f17/clone4.wav,1,0,0.74,False Negative,0.26
user2,50006220251105182436_002_a8713196-4cf6-4b45-af91-dc000ccb51cc/clone1.wav,50006220251105182436_002_a8713196-4cf6-4b45-af91-dc000ccb51cc,clone1.wav,ờ mười chín triệu một nghìn tám trăm bảy mươi bảy ạ một nghìn tám trăm bảy mươi bảy ạ? đúng rồi ạ à rồi ok ok anh chị gọi giúp em nhá dạ vâng rất xin lỗi mình ạ ok chào anh ạ,work,1,usable,user2,2026-05-25T04:45:00.113542+00:00,1,/kaggle/working/asr_quality_classifier/data/audio/data2/50006220251105182436_002_a8713196-4cf6-4b45-af91-dc000ccb51cc/clone1.wav,1,0,0.74,False Negative,0.26
user4,50006220251105182436_002_a8713196-4cf6-4b45-af91-dc000ccb51cc/clone4.wav,50006220251105182436_002_a8713196-4cf6-4b45-af91-dc000ccb51cc,clone4.wav,ờ mười chín triệu một nghìn tám trăm bảy mươi bảy ạ một nghìn tám trăm bảy mươi bảy ạ? đúng rồi ạ à rồi ok ok anh chị gọi giúp em nhá dạ vâng rất xin lỗi mình ạ ok chào anh ạ,work,1,usable,user4,2026-05-26T02:11:33.848587+00:00,1,/kaggle/working/asr_quality_classifier/data/audio/data2/50006220251105182436_002_a8713196-4cf6-4b45-af91-dc000ccb51cc/clone4.wav,1,0,0.74,False Negative,0.26
user4,50006220251106152700_002_c3c240fe-2383-4d94-8a31-755f0e6f91e7/clone8.wav,50006220251106152700_002_c3c240fe-2383-4d94-8a31-755f0e6f91e7,clone8.wav,này nó bảo là xin nghỉ rồi là,work,1,usable,user4,2026-05-26T04:34:38.281238+00:00,1,/kaggle/working/asr_quality_classifier/data/audio/data2/50006220251106152700_002_c3c240fe-2383-4d94-8a31-755f0e6f91e7/clone8.wav,1,0,0.74,False Negative,0.26
user2,50011620251101093047_004_13035d38-f5eb-446e-9910-a5f6360e75ed/clone8.wav,50011620251101093047_004_13035d38-f5eb-446e-9910-a5f6360e75ed,clone8.wav,"à chị chị chị qua kích bình để cho chị đi rồi về đường đang ướt rồi mưa gió mà nhà có vợ con nhỏ nữa thế là mà bạn nói bận quá chưa có có người á nên nhờ bên em chị gọi lại sáng giờ để hỗ trợ bên chị chị qua kích bình cho chị đi với cũng không có ừm xưởng mình chưa thấy giúp anh được cho được cái xưởng ờ dạ, cố gắng hôm nay nếu mà cố gắng được giúp chị với em vâng vâng ờ rồi rồi, cảm ơn anh nhiều nha vâng vâng",work,1,usable,user2,2026-05-25T07:10:16.534622+00:00,1,/kaggle/working/asr_quality_classifier/data/audio/data2/50011620251101093047_004_13035d38-f5eb-446e-9910-a5f6360e75ed/clone8.wav,1,0,0.74,False Negative,0.26
user1,50011620251101132252_007_47d7036f-18da-4c84-ba30-8772a32f310c/clone4.wav,50011620251101132252_007_47d7036f-18da-4c84-ba30-8772a32f310c,clone4.wav,chị dùng không có rộng hết à? một xe mua vào năm hai nghìn không trăm hai mươi ba thì khi mà đấy sẽ đao động khoảng tầm sáu triệu giá nó sẽ đao động khoảng tầm năm triệu thế anh đọc thế anh đọc bảo tám mươi sáu phần trăm mà,work,1,usable,user1,2026-05-25T08:03:13.742744+00:00,1,/kaggle/working/asr_quality_classifier/data/audio/data2/50011620251101132252_007_47d7036f-18da-4c84-ba30-8772a32f310c/clone4.wav,1,0,0.74,False Negative,0.26
user4,50011620251101132252_008_e08dba35-f0ee-421f-aef7-3db0bad956c4/clone4.wav,50011620251101132252_008_e08dba35-f0ee-421f-aef7-3db0bad956c4,clone4.wav,"không, từ không phần trăm đến tám mươi sáu phần trăm chứ không phải là",work,1,usable,user4,2026-05-25T05:17:22.503562+00:00,1,/kaggle/working/asr_quality_classifier/data/audio/data2/50011620251101132252_008_e08dba35-f0ee-421f-aef7-3db0bad956c4/clone4.wav,1,0,0.74,False Negative,0.26
user5,50011620251101132252_011_a24d842d-928a-4391-8130-fca1a2c101e2/clone1.wav,50011620251101132252_011_a24d842d-928a-4391-8130-fca1a2c101e2,clone1.wav,hai nghìn không trăm hai mươi ba xe là năm phẩy bảy triệu này,work,1,usable,user5,2026-05-26T03:11:09.476744+00:00,1,/kaggle/working/asr_quality_classifier/data/audio/data2/50011620251101132252_011_a24d842d-928a-4391-8130-fca1a2c101e2/clone1.wav,1,0,0.74,False Negative,0.26
user6,50011620251101132252_011_a24d842d-928a-4391-8130-fca1a2c101e2/clone7.wav,50011620251101132252_011_a24d842d-928a-4391-8130-fca1a2c101e2,clone7.wav,hai nghìn không trăm hai mươi ba xe là năm phẩy bảy triệu này,work,1,usable,user6,2026-05-26T03:48:52.674043+00:00,1,/kaggle/working/asr_quality_classifier/data/audio/data2/50011620251101132252_011_a24d842d-928a-4391-8130-fca1a2c101e2/clone7.wav,1,0,0.74,False Negative,0.26
user1,50011620251101132252_013_77681cbe-cc62-469f-8f50-61f727068405/clone7.wav,50011620251101132252_013_77681cbe-cc62-469f-8f50-61f727068405,clone7.wav,"à à ok dạ vâng anh cảm ơn nhá, anh hiểu rồi vâng vâng",work,1,usable,user1,2026-05-26T04:37:15.670011+00:00,1,/kaggle/working/asr_quality_classifier/data/audio/data2/50011620251101132252_013_77681cbe-cc62-469f-8f50-61f727068405/clone7.wav,1,0,0.74,False Negative,0.26
user4,50011620251106113457_003_72902986-b6e6-4329-ba57-e4d2d50d623a/clone6.wav,50011620251106113457_003_72902986-b6e6-4329-ba57-e4d2d50d623a,clone6.wav,"nhưng mà em vừa bảo bên quốc oai rồi, họ bảo là bên ki-a gần hơn thì họ đang yêu cầu bên ki-a nếu không thì anh sao lại bên anh sao lại bên nào bên nào bảo gần hơn? em gọi quốc oai hả? em gọi quốc oai quốc oai bảo là chuyển cho về phương đông bảo phương đông thạch thất",work,1,usable,user4,2026-05-25T09:05:32.419128+00:00,1,/kaggle/working/asr_quality_classifier/data/audio/data2/50011620251106113457_003_72902986-b6e6-4329-ba57-e4d2d50d623a/clone6.wav,1,0,0.74,False Negative,0.26
user7,50011620251106113457_004_d6919771-42a2-465c-86e2-373ad9641afb/clone3.wav,50011620251106113457_004_d6919771-42a2-465c-86e2-373ad9641afb,clone3.wav,thì nếu mà thì em có hỏi xem là mình đã làm việc với ở bên đấy chưa ấy nếu mà anh làm việc rồi thì để em trao đổi với xưởng trước bây giờ xưởng xưởng à thế thì em bảo lại à thế để em hỏi để anh hỏi lại xưởng nhá đợi chờ em tí ừ thế anh có để anh hỏi lại xưởng giúp em nhá xong rồi nếu mà bên quốc oai họ nhận thì anh báo lại bên bên em để bên em đẩy về quốc oai thôi ừ còn nếu không bình thường thì nói chung là đằng nào anh cũng sẽ báo lại đúng không? và nếu không thì bên em cứ vẫn để về phương đông thì anh cứ báo bên quốc oai trước giúp em,work,1,usable,user7,2026-05-25T05:17:32.904767+00:00,1,/kaggle/working/asr_quality_classifier/data/audio/data2/50011620251106113457_004_d6919771-42a2-465c-86e2-373ad9641afb/clone3.wav,1,0,0.74,False Negative,0.26
user2,50011120251110171737_007_b399f689-6e13-4ecf-9aae-6c6d4b92f4e3/clone2.wav,50011120251110171737_007_b399f689-6e13-4ecf-9aae-6c6d4b92f4e3,clone2.wav,em thấy là hai ba ngày nay thì bên phía xưởng dịch vụ vẫn liên hệ làm việc trực tiếp cả chủ xe tên là bảo anh ạ qua số điện thoại của anh anh bảo mà không có ấy anh ơi anh bảo á là em là người điều khiển xe hiểu không? thì em bảo có nói là gọi qua cho em nhưng mà cũng không gọi qua cũng chỉ nói sơ sơ là bảo bảo lỗi pin rồi chờ rồi cũng không biết là xử lý cái xe đấy nó như thế nào mà xe của em thì nó nằm xưởng ba ngày nay rồi,work,1,usable,user2,2026-05-25T09:09:40.818725+00:00,1,/kaggle/working/asr_quality_classifier/data/audio/data2/50011120251110171737_007_b399f689-6e13-4ecf-9aae-6c6d4b92f4e3/clone2.wav,1,0,0.74,False Negative,0.26
user5,50011120251110171737_008_0324e6ab-5e01-48a8-9bd6-473f88d52866/clone7.wav,50011120251110171737_008_0324e6ab-5e01-48a8-9bd6-473f88d52866,clone7.wav,cái này thì em thấy ở bên xưởng dịch vụ họ có phản hồi lại là xưởng dịch vụ họ vẫn làm việc trực tiếp cả bên phía chủ xe tên là bảo và số điện thoại của anh là bảy nghìn bảy trăm tám mươi tám anh ạ,work,1,usable,user5,2026-05-26T03:43:41.353086+00:00,1,/kaggle/working/asr_quality_classifier/data/audio/data2/50011120251110171737_008_0324e6ab-5e01-48a8-9bd6-473f88d52866/clone7.wav,1,0,0.74,False Negative,0.26
user7,50011420251102103411_001_b0cca87c-50e6-4463-9e29-07fdb8d88bb8/clone3.wav,50011420251102103411_001_b0cca87c-50e6-4463-9e29-07fdb8d88bb8,clone3.wav,dạ trường hợp này thì bên em phía vinfast không mong muốn có vấn đề này anh nhé còn thông tin tình trạng xe của anh thì xưởng dịch vụ đang là nơi trực tiếp xử lý xe nên phía tổng đài bên em sẽ là gửi thông tin qua xưởng dịch vụ để các bạn ấy kiểm tra đánh giá có cập nhật lại thì em mới có thông tin trao đổi với anh còn thời điểm hiện tại thì em cũng sẽ chưa có thông tin gì để làm việc lại cho mình ok dạ vâng rồi ok nếu mà tét xong ra thì nếu mà anh bị có vấn đề gì á không thì anh ghi âm lại là bên em bên em nói như vậy đúng không? hiện tại bên tét xong đi ừm tình trạng xe thì xưởng dịch vụ đang là nơi trực tiếp kiểm tra xe thì bên em sẽ cần thông tin từ bên phía xưởng dịch vụ kiểm tra đánh giá sau đấy có phản hồi từ xưởng bên em báo lại cho mình được anh nhé ok hiện tại vâng ạ em cảm ơn em chào anh,work,1,usable,user7,2026-05-26T02:01:39.142065+00:00,1,/kaggle/working/asr_quality_classifier/data/audio/data2/50011420251102103411_001_b0cca87c-50e6-4463-9e29-07fdb8d88bb8/clone3.wav,1,0,0.74,False Negative,0.26
user4,50011420251102110514_004_24a06d63-c9ba-452e-8a5f-1629dc3c2a05/clone2.wav,50011420251102110514_004_24a06d63-c9ba-452e-8a5f-1629dc3c2a05,clone2.wav,vâng liên quan đến để phương án để đến qua để xử lý được thì mới sẽ bắt buộc phải đưa xe qua xưởng dịch vụ anh ạ nên trước mắt em sẽ làm việc với xưởng dịch vụ để kiểm tra lại có thông tin bên em sẽ báo lại cho anh,work,1,usable,user4,2026-05-26T01:59:15.287809+00:00,1,/kaggle/working/asr_quality_classifier/data/audio/data2/50011420251102110514_004_24a06d63-c9ba-452e-8a5f-1629dc3c2a05/clone2.wav,1,0,0.74,False Negative,0.26
user1,50011620251101093047_000_e58a49b7-a751-4c97-aaf2-24c9e3d9117a/clone1.wav,50011620251101093047_000_e58a49b7-a751-4c97-aaf2-24c9e3d9117a,clone1.wav,"a-lô vâng, em là chị em ở bên vinfast chị ạ em a thấy mình có gọi nhỡ đến bên em đấy",work,1,usable,user1,2026-05-25T07:17:19.312509+00:00,1,/kaggle/working/asr_quality_classifier/data/audio/data2/50011620251101093047_000_e58a49b7-a751-4c97-aaf2-24c9e3d9117a/clone1.wav,1,0,0.74,False Negative,0.26
user4,50011620251101093047_000_e58a49b7-a751-4c97-aaf2-24c9e3d9117a/clone2.wav,50011620251101093047_000_e58a49b7-a751-4c97-aaf2-24c9e3d9117a,clone2.wav,"a-lô vâng, em là chị em ở bên vinfast chị ạ em a thấy mình có gọi nhỡ đến bên em đấy",work,1,usable,user4,2026-05-25T08:33:34.864620+00:00,1,/kaggle/working/asr_quality_classifier/data/audio/data2/50011620251101093047_000_e58a49b7-a751-4c97-aaf2-24c9e3d9117a/clone2.wav,1,0,0.74,False Negative,0.26
user2,50011620251101093047_000_e58a49b7-a751-4c97-aaf2-24c9e3d9117a/clone8.wav,50011620251101093047_000_e58a49b7-a751-4c97-aaf2-24c9e3d9117a,clone8.wav,"a-lô vâng, em là chị em ở bên vinfast chị ạ em a thấy mình có gọi nhỡ đến bên em đấy",work,1,usable,user2,2026-05-25T08:18:32.691354+00:00,1,/kaggle/working/asr_quality_classifier/data/audio/data2/50011620251101093047_000_e58a49b7-a751-4c97-aaf2-24c9e3d9117a/clone8.wav,1,0,0.74,False Negative,0.26
user6,50011620251101093047_004_13035d38-f5eb-446e-9910-a5f6360e75ed/clone5.wav,50011620251101093047_004_13035d38-f5eb-446e-9910-a5f6360e75ed,clone5.wav,"à chị chị chị qua kích bình để cho chị đi rồi về đường đang ướt rồi mưa gió mà nhà có vợ con nhỏ nữa thế là mà bạn nói bận quá chưa có có người á nên nhờ bên em chị gọi lại sáng giờ để hỗ trợ bên chị chị qua kích bình cho chị đi với cũng không có ừm xưởng mình chưa thấy giúp anh được cho được cái xưởng ờ dạ, cố gắng hôm nay nếu mà cố gắng được giúp chị với em vâng vâng ờ rồi rồi, cảm ơn anh nhiều nha vâng vâng",work,1,usable,user6,2026-05-25T09:36:14.038483+00:00,1,/kaggle/working/asr_quality_classifier/data/audio/data2/50011620251101093047_004_13035d38-f5eb-446e-9910-a5f6360e75ed/clone5.wav,1,0,0.74,False Negative,0.26
user2,50012020251104085506_000_fa9dafea-0b08-407f-bd5a-3934ed3a7348/clone4.wav,50012020251104085506_000_fa9dafea-0b08-407f-bd5a-3934ed3a7348,clone4.wav,"alô chào anh, anh thấy mình có cuộc gọi nhỡ nên gọi lại của vinfast mình cần liên hệ về vấn đề gì ạ? anh muốn hỏi là muốn mua xe vê ét ba mà trả góp thì như nào nhỉ?",work,1,usable,user2,2026-05-26T03:11:38.051988+00:00,1,/kaggle/working/asr_quality_classifier/data/audio/data2/50012020251104085506_000_fa9dafea-0b08-407f-bd5a-3934ed3a7348/clone4.wav,1,0,0.74,False Negative,0.26
user2,50012020251104085506_000_fa9dafea-0b08-407f-bd5a-3934ed3a7348/clone6.wav,50012020251104085506_000_fa9dafea-0b08-407f-bd5a-3934ed3a7348,clone6.wav,"alô chào anh, anh thấy mình có cuộc gọi nhỡ nên gọi lại của vinfast mình cần liên hệ về vấn đề gì ạ? anh muốn hỏi là muốn mua xe vê ét ba mà trả góp thì như nào nhỉ?",work,1,usable,user2,2026-05-25T05:12:03.343266+00:00,1,/kaggle/working/asr_quality_classifier/data/audio/data2/50012020251104085506_000_fa9dafea-0b08-407f-bd5a-3934ed3a7348/clone6.wav,1,0,0.74,False Negative,0.26
user4,50012020251104085506_000_fa9dafea-0b08-407f-bd5a-3934ed3a7348/clone7.wav,50012020251104085506_000_fa9dafea-0b08-407f-bd5a-3934ed3a7348,clone7.wav,"alô chào anh, anh thấy mình có cuộc gọi nhỡ nên gọi lại của vinfast mình cần liên hệ về vấn đề gì ạ? anh muốn hỏi là muốn mua xe vê ét ba mà trả góp thì như nào nhỉ?",work,1,usable,user4,2026-05-26T02:08:04.006790+00:00,1,/kaggle/working/asr_quality_classifier/data/audio/data2/50012020251104085506_000_fa9dafea-0b08-407f-bd5a-3934ed3a7348/clone7.wav,1,0,0.74,False Negative,0.26
user4,50012020251104085506_006_8aaecc81-f91d-4997-afa8-66a534652600/clone1.wav,50012020251104085506_006_8aaecc81-f91d-4997-afa8-66a534652600,clone1.wav,"vinclub này thì có được khuyến mãi gì được gì không? ờ, khuyến mãi riêng của vinclub anh nhá nếu như mà anh là hạng vinclub thì sẽ có áp dụng chương trình riêng của vinclub anh ạ à, rồi thế cứ đến hãng là là hỏi rồi đúng không? đúng rồi, anh cứ qua nhà phân phối để được tư vấn thêm nhá dạ vâng ờ, rồi ok vâng, cảm ơn anh",work,1,usable,user4,2026-05-26T01:46:58.455434+00:00,1,/kaggle/working/asr_quality_classifier/data/audio/data2/50012020251104085506_006_8aaecc81-f91d-4997-afa8-66a534652600/clone1.wav,1,0,0.74,False Negative,0.26
user3,50012020251104170153_000_77594d62-05d1-48f2-a493-3e032a94b96d/clone7.wav,50012020251104170153_000_77594d62-05d1-48f2-a493-3e032a94b96d,clone7.wav,a-lô em chào anh anh thấy mình có cuộc gọi nhỡ lên tổng đài của vinfast à đúng rồi em ơi anh đang cần cứu hộ tí vâng xe anh hết sạch pin ấy,work,1,usable,user3,2026-05-25T08:18:16.959907+00:00,1,/kaggle/working/asr_quality_classifier/data/audio/data2/50012020251104170153_000_77594d62-05d1-48f2-a493-3e032a94b96d/clone7.wav,1,0,0.74,False Negative,0.26
user5,50012020251104170153_008_d30f6b2b-6596-4a8a-9a91-3e8ca06a63f2/clone3.wav,50012020251104170153_008_d30f6b2b-6596-4a8a-9a91-3e8ca06a63f2,clone3.wav,huyện ba vì huyện ba vì bắc kạn,work,1,usable,user5,2026-05-25T07:39:39.820172+00:00,1,/kaggle/working/asr_quality_classifier/data/audio/data2/50012020251104170153_008_d30f6b2b-6596-4a8a-9a91-3e8ca06a63f2/clone3.wav,1,0,0.74,False Negative,0.26
user2,50012020251104170153_010_773c3361-3016-4f8b-8ecc-a60428544608/clone1.wav,50012020251104170153_010_773c3361-3016-4f8b-8ecc-a60428544608,clone1.wav,"ba vì bắc kạn đúng không ạ? đúng rồi, đúng rồi",work,1,usable,user2,2026-05-25T05:08:49.763156+00:00,1,/kaggle/working/asr_quality_classifier/data/audio/data2/50012020251104170153_010_773c3361-3016-4f8b-8ecc-a60428544608/clone1.wav,1,0,0.74,False Negative,0.26
user1,50012020251104170153_012_93f0016e-1e55-4f88-94c7-1f59a1e467ca/clone1.wav,50012020251104170153_012_93f0016e-1e55-4f88-94c7-1f59a1e467ca,clone1.wav,cảm ơn em một chuyến,work,1,usable,user1,2026-05-26T03:04:11.309877+00:00,1,/kaggle/working/asr_quality_classifier/data/audio/data2/50012020251104170153_012_93f0016e-1e55-4f88-94c7-1f59a1e467ca/clone1.wav,1,0,0.74,False Negative,0.26
user5,50011620251108173755_008_902b0ff8-1ecd-4047-9060-6efe646f58a9/clone8.wav,50011620251108173755_008_902b0ff8-1ecd-4047-9060-6efe646f58a9,clone8.wav,"tại vì mình á xe mình cũng xe tỉnh, xe",work,1,usable,user5,2026-05-25T09:39:10.982541+00:00,1,/kaggle/working/asr_quality_classifier/data/audio/data2/50011620251108173755_008_902b0ff8-1ecd-4047-9060-6efe646f58a9/clone8.wav,1,0,0.74,False Negative,0.26
user3,50011620251112102428_002_5918bebb-ca62-4f5e-94cb-c51a3cc03fb2/clone7.wav,50011620251112102428_002_5918bebb-ca62-4f5e-94cb-c51a3cc03fb2,clone7.wav,"có nghĩa là bây giờ không chuyển được số đúng không? đúng rồi, không chuyển được số số trả đi rồi chị để xe hai hôm nay ở đấy ở dưới nhà rồi của chị là xe vê ép ba à? vê ép ba chị có đang ở gần xe không? bây giờ chị đang để xe tắt rồi đúng không? đúng rồi, chị tắt rồi có nghĩa là xe để hai ngày không đi rồi á? đúng rồi",work,1,usable,user3,2026-05-25T07:56:10.649723+00:00,1,/kaggle/working/asr_quality_classifier/data/audio/data2/50011620251112102428_002_5918bebb-ca62-4f5e-94cb-c51a3cc03fb2/clone7.wav,1,0,0.74,False Negative,0.26
user4,50011620251112102428_002_5918bebb-ca62-4f5e-94cb-c51a3cc03fb2/clone8.wav,50011620251112102428_002_5918bebb-ca62-4f5e-94cb-c51a3cc03fb2,clone8.wav,"có nghĩa là bây giờ không chuyển được số đúng không? đúng rồi, không chuyển được số số trả đi rồi chị để xe hai hôm nay ở đấy ở dưới nhà rồi của chị là xe vê ép ba à? vê ép ba chị có đang ở gần xe không? bây giờ chị đang để xe tắt rồi đúng không? đúng rồi, chị tắt rồi có nghĩa là xe để hai ngày không đi rồi á? đúng rồi",work,1,usable,user4,2026-05-25T06:50:49.381143+00:00,1,/kaggle/working/asr_quality_classifier/data/audio/data2/50011620251112102428_002_5918bebb-ca62-4f5e-94cb-c51a3cc03fb2/clone8.wav,1,0,0.74,False Negative,0.26
user2,50011620251112102428_004_0be7b369-399f-42b3-ad1e-4da13217ea6c/clone8.wav,50011620251112102428_004_0be7b369-399f-42b3-ad1e-4da13217ea6c,clone8.wav,"dạ vâng, thế thì đợi em chút chị hiền",work,1,usable,user2,2026-05-25T08:21:19.486362+00:00,1,/kaggle/working/asr_quality_classifier/data/audio/data2/50011620251112102428_004_0be7b369-399f-42b3-ad1e-4da13217ea6c/clone8.wav,1,0,0.74,False Negative,0.26
user7,50011620251112102428_012_be0e55bf-cd0d-4ca9-a4e9-768d8b947182/clone1.wav,50011620251112102428_012_be0e55bf-cd0d-4ca9-a4e9-768d8b947182,clone1.wav,"giang biên, giang biên lon biên vâng vâng, ở gần chị có vinfast chỗ vin-com là gần chị nhất chị nhá em gửi thông tin qua xưởng để các bạn xử lý chị chờ các bạn bên xưởng họ liên hệ giúp em nhá ok vâng, cảm ơn chị em chào",work,1,usable,user7,2026-05-26T04:18:50.734892+00:00,1,/kaggle/working/asr_quality_classifier/data/audio/data2/50011620251112102428_012_be0e55bf-cd0d-4ca9-a4e9-768d8b947182/clone1.wav,1,0,0.74,False Negative,0.26
user7,50011620251112102428_012_be0e55bf-cd0d-4ca9-a4e9-768d8b947182/clone5.wav,50011620251112102428_012_be0e55bf-cd0d-4ca9-a4e9-768d8b947182,clone5.wav,"giang biên, giang biên lon biên vâng vâng, ở gần chị có vinfast chỗ vin-com là gần chị nhất chị nhá em gửi thông tin qua xưởng để các bạn xử lý chị chờ các bạn bên xưởng họ liên hệ giúp em nhá ok vâng, cảm ơn chị em chào",work,1,usable,user7,2026-05-26T04:18:50.735011+00:00,1,/kaggle/working/asr_quality_classifier/data/audio/data2/50011620251112102428_012_be0e55bf-cd0d-4ca9-a4e9-768d8b947182/clone5.wav,1,0,0.74,False Negative,0.26
user5,50011620251112102428_012_be0e55bf-cd0d-4ca9-a4e9-768d8b947182/clone6.wav,50011620251112102428_012_be0e55bf-cd0d-4ca9-a4e9-768d8b947182,clone6.wav,"giang biên, giang biên lon biên vâng vâng, ở gần chị có vinfast chỗ vin-com là gần chị nhất chị nhá em gửi thông tin qua xưởng để các bạn xử lý chị chờ các bạn bên xưởng họ liên hệ giúp em nhá ok vâng, cảm ơn chị em chào",work,1,usable,user5,2026-05-25T08:40:57.306266+00:00,1,/kaggle/working/asr_quality_classifier/data/audio/data2/50011620251112102428_012_be0e55bf-cd0d-4ca9-a4e9-768d8b947182/clone6.wav,1,0,0.74,False Negative,0.26
user1,50011620251112102428_012_be0e55bf-cd0d-4ca9-a4e9-768d8b947182/clone8.wav,50011620251112102428_012_be0e55bf-cd0d-4ca9-a4e9-768d8b947182,clone8.wav,"giang biên, giang biên lon biên vâng vâng, ở gần chị có vinfast chỗ vin-com là gần chị nhất chị nhá em gửi thông tin qua xưởng để các bạn xử lý chị chờ các bạn bên xưởng họ liên hệ giúp em nhá ok vâng, cảm ơn chị em chào",work,1,usable,user1,2026-05-25T09:35:03.796439+00:00,1,/kaggle/working/asr_quality_classifier/data/audio/data2/50011620251112102428_012_be0e55bf-cd0d-4ca9-a4e9-768d8b947182/clone8.wav,1,0,0.74,False Negative,0.26
user4,50011620251108144341_006_fbdaa509-b43a-46b8-91ef-2ed02839139a/clone4.wav,50011620251108144341_006_fbdaa509-b43a-46b8-91ef-2ed02839139a,clone4.wav,nó ghi là pin bị lỗi và lỗi hệ thống điều khiển xe dạ vâng mình đã gặp lỗi này bao giờ chưa? em chưa đây là lần đầu tiên xe được mấy vạn rồi anh nhỉ?,work,1,usable,user4,2026-05-26T03:35:38.862841+00:00,1,/kaggle/working/asr_quality_classifier/data/audio/data2/50011620251108144341_006_fbdaa509-b43a-46b8-91ef-2ed02839139a/clone4.wav,1,0,0.74,False Negative,0.26
user6,50011620251108144341_006_fbdaa509-b43a-46b8-91ef-2ed02839139a/clone7.wav,50011620251108144341_006_fbdaa509-b43a-46b8-91ef-2ed02839139a,clone7.wav,nó ghi là pin bị lỗi và lỗi hệ thống điều khiển xe dạ vâng mình đã gặp lỗi này bao giờ chưa? em chưa đây là lần đầu tiên xe được mấy vạn rồi anh nhỉ?,work,1,usable,user6,2026-05-25T08:23:56.254382+00:00,1,/kaggle/working/asr_quality_classifier/data/audio/data2/50011620251108144341_006_fbdaa509-b43a-46b8-91ef-2ed02839139a/clone7.wav,1,0,0.74,False Negative,0.26
user3,50011620251108154520_005_0f8113ae-0677-4f27-90e7-cc4564925b1c/clone6.wav,50011620251108154520_005_0f8113ae-0677-4f27-90e7-cc4564925b1c,clone6.wav,"mình ừm gọi gọi gọi kỹ thuật đến tại nhà sửa là mất phí phải không ạ? vâng, đúng rồi bây giờ nếu mà qua hỗ trợ tại nhà là sẽ mất phí ừm vâng ừm hẳn mà bị sập với rồi bây giờ mà à kỹ thuật tới sập mà nó không lên cái pin lên để thì cái đó đang trong thời hạn bảo hành còn bảo hành đúng không anh?",work,1,usable,user3,2026-05-25T07:11:20.506286+00:00,1,/kaggle/working/asr_quality_classifier/data/audio/data2/50011620251108154520_005_0f8113ae-0677-4f27-90e7-cc4564925b1c/clone6.wav,1,0,0.74,False Negative,0.26
user3,50011620251108173755_001_9a394760-2e9c-4a95-8a02-cd509024d10a/clone6.wav,50011620251108173755_001_9a394760-2e9c-4a95-8a02-cd509024d10a,clone6.wav,a-lô à? a-lô ờ mình nghê rồi đó vâng anh chào anh em ở bên vinfast anh chào mình có gọi nhỡ bên em anh ạ,work,1,usable,user3,2026-05-25T05:22:10.156524+00:00,1,/kaggle/working/asr_quality_classifier/data/audio/data2/50011620251108173755_001_9a394760-2e9c-4a95-8a02-cd509024d10a/clone6.wav,1,0,0.74,False Negative,0.26
user6,50011620251108173755_002_c98aa4be-b34d-43e8-99b4-c3f04c591f1c/clone5.wav,50011620251108173755_002_c98aa4be-b34d-43e8-99b4-c3f04c591f1c,clone5.wav,đúng rồi mình có cái cái nhu cầu dịch vụ mình lấy xe xăng đổi xe điện đó mình hoạt động mình xe xăng ép em đó bây giờ mình muốn lấy xe xăng mà mình đổi chiếc xe điện để mình có thể mình chạy đắt hơn mình có thể là vậy nhưng mà bây giờ tạm thời mình đổi trước mình vẫn chạy xe xăng ép em mình đổi ở đâu à em? hiện tại ở trong bình dương bên em chưa có dịch vụ thu cũ đổi mới anh nhá cái đấy mình chờ thêm giúp em,work,1,usable,user6,2026-05-26T03:01:19.655385+00:00,1,/kaggle/working/asr_quality_classifier/data/audio/data2/50011620251108173755_002_c98aa4be-b34d-43e8-99b4-c3f04c591f1c/clone5.wav,1,0,0.74,False Negative,0.26
user2,50011620251108173755_002_c98aa4be-b34d-43e8-99b4-c3f04c591f1c/clone6.wav,50011620251108173755_002_c98aa4be-b34d-43e8-99b4-c3f04c591f1c,clone6.wav,đúng rồi mình có cái cái nhu cầu dịch vụ mình lấy xe xăng đổi xe điện đó mình hoạt động mình xe xăng ép em đó bây giờ mình muốn lấy xe xăng mà mình đổi chiếc xe điện để mình có thể mình chạy đắt hơn mình có thể là vậy nhưng mà bây giờ tạm thời mình đổi trước mình vẫn chạy xe xăng ép em mình đổi ở đâu à em? hiện tại ở trong bình dương bên em chưa có dịch vụ thu cũ đổi mới anh nhá cái đấy mình chờ thêm giúp em,work,1,usable,user2,2026-05-25T08:38:41.593249+00:00,1,/kaggle/working/asr_quality_classifier/data/audio/data2/50011620251108173755_002_c98aa4be-b34d-43e8-99b4-c3f04c591f1c/clone6.wav,1,0,0.74,False Negative,0.26
user1,50011620251108173755_005_033dced0-7529-45b4-b2d8-087e366c5944/clone1.wav,50011620251108173755_005_033dced0-7529-45b4-b2d8-087e366c5944,clone1.wav,hiện tại là bên em chưa triển khai lại cái chương trình đó mình chờ thêm thông báo mới nhất từ bên em nhá,work,1,usable,user1,2026-05-26T03:17:48.461103+00:00,1,/kaggle/working/asr_quality_classifier/data/audio/data2/50011620251108173755_005_033dced0-7529-45b4-b2d8-087e366c5944/clone1.wav,1,0,0.74,False Negative,0.26
user4,50011620251108173755_008_902b0ff8-1ecd-4047-9060-6efe646f58a9/clone5.wav,50011620251108173755_008_902b0ff8-1ecd-4047-9060-6efe646f58a9,clone5.wav,"tại vì mình á xe mình cũng xe tỉnh, xe",work,1,usable,user4,2026-05-26T02:40:39.911867+00:00,1,/kaggle/working/asr_quality_classifier/data/audio/data2/50011620251108173755_008_902b0ff8-1ecd-4047-9060-6efe646f58a9/clone5.wav,1,0,0.74,False Negative,0.26
user7,50006220251107203432_003_6e3eb2d0-4333-442e-898c-d921f8ad4b81/clone7.wav,50006220251107203432_003_6e3eb2d0-4333-442e-898c-d921f8ad4b81,clone7.wav,"vê ép ba mươi tư vâng, anh xe mình mua lâu chưa anh?",work,1,usable,user7,2026-05-26T03:41:06.204172+00:00,1,/kaggle/working/asr_quality_classifier/data/audio/data2/50006220251107203432_003_6e3eb2d0-4333-442e-898c-d921f8ad4b81/clone7.wav,1,0,0.74,False Negative,0.26
user3,50006220251107203432_003_6e3eb2d0-4333-442e-898c-d921f8ad4b81/clone8.wav,50006220251107203432_003_6e3eb2d0-4333-442e-898c-d921f8ad4b81,clone8.wav,"vê ép ba mươi tư vâng, anh xe mình mua lâu chưa anh?",work,1,usable,user3,2026-05-19T08:04:52.761788+00:00,1,/kaggle/working/asr_quality_classifier/data/audio/data2/50006220251107203432_003_6e3eb2d0-4333-442e-898c-d921f8ad4b81/clone8.wav,1,0,0.74,False Negative,0.26
user4,50006220251107203432_007_92a27146-3ce6-4868-88a2-8dbdb4d7329f/clone2.wav,50006220251107203432_007_92a27146-3ce6-4868-88a2-8dbdb4d7329f,clone2.wav,"chưa báo, chưa để mình báo, mình nó kêu gọi bảo hiểm á, mình chủ chủ xưởng á à, đang báo bảo hiểm rồi đúng không? à, mình nó kêu coi gọi tổng đài đi rồi tổng đài nó gọi xe cứu hộ ở gần nhất, coi cái xưởng nào gần nhất thì nó a-lô cho mình vâng, thì em bảo các bạn gần nhất ra bên quận bảy các bạn có hỗ trợ cho anh nhá rồi rồi rồi, okay rồi, có gì anh đọc cho em cái bảo hiểm tiếp cho em nhá dạ vâng ạ rồi rồi rồi rồi dạ vâng ạ, em chào anh ạ rồi chào anh",work,1,usable,user4,2026-05-26T03:15:55.023120+00:00,1,/kaggle/working/asr_quality_classifier/data/audio/data2/50006220251107203432_007_92a27146-3ce6-4868-88a2-8dbdb4d7329f/clone2.wav,1,0,0.74,False Negative,0.26
user1,50006220251107204026_000_80fc1aed-72bc-488b-b850-e0f48060f1bc/clone5.wav,50006220251107204026_000_80fc1aed-72bc-488b-b850-e0f48060f1bc,clone5.wav,"alô, ạ anh em từ tổng đài của vinfast ạ em từ mình còn nhớ bên em ấy ạ không biết mình cần em hỗ trợ gì không anh nhỉ?",work,1,usable,user1,2026-05-26T04:37:23.217574+00:00,1,/kaggle/working/asr_quality_classifier/data/audio/data2/50006220251107204026_000_80fc1aed-72bc-488b-b850-e0f48060f1bc/clone5.wav,1,0,0.74,False Negative,0.26
user5,50006220251107204026_000_80fc1aed-72bc-488b-b850-e0f48060f1bc/clone7.wav,50006220251107204026_000_80fc1aed-72bc-488b-b850-e0f48060f1bc,clone7.wav,"alô, ạ anh em từ tổng đài của vinfast ạ em từ mình còn nhớ bên em ấy ạ không biết mình cần em hỗ trợ gì không anh nhỉ?",work,1,usable,user5,2026-05-25T09:33:59.636406+00:00,1,/kaggle/working/asr_quality_classifier/data/audio/data2/50006220251107204026_000_80fc1aed-72bc-488b-b850-e0f48060f1bc/clone7.wav,1,0,0.74,False Negative,0.26
user7,50006220251107204026_000_80fc1aed-72bc-488b-b850-e0f48060f1bc/clone8.wav,50006220251107204026_000_80fc1aed-72bc-488b-b850-e0f48060f1bc,clone8.wav,"alô, ạ anh em từ tổng đài của vinfast ạ em từ mình còn nhớ bên em ấy ạ không biết mình cần em hỗ trợ gì không anh nhỉ?",work,1,usable,user7,2026-05-25T08:33:23.186411+00:00,1,/kaggle/working/asr_quality_classifier/data/audio/data2/50006220251107204026_000_80fc1aed-72bc-488b-b850-e0f48060f1bc/clone8.wav,1,0,0.74,False Negative,0.26
user7,50006220251107204026_007_b632906e-51e2-460e-85d1-0e7dc2cb2910/clone1.wav,50006220251107204026_007_b632906e-51e2-460e-85d1-0e7dc2cb2910,clone1.wav,"mẫu xe gửi em ưng ý lắm à, em hiểu rồi em hiểu rồi thế anh cứ nhập thông tin vào, xem thông tin vào ví dụ xe nào ưng ý thì mình ghi thông tin vào đó để các bạn hỗ trợ sau đó các bạn chuyển về đại lý xong thì mình qua đại lý thì các bạn hỗ trợ giao xe nhé",work,1,usable,user7,2026-05-25T07:14:53.573138+00:00,1,/kaggle/working/asr_quality_classifier/data/audio/data2/50006220251107204026_007_b632906e-51e2-460e-85d1-0e7dc2cb2910/clone1.wav,1,0,0.74,False Negative,0.26
user7,50011620251108144341_005_39e8c2e7-afeb-4696-851b-92094ee186db/clone7.wav,50011620251108144341_005_39e8c2e7-afeb-4696-851b-92094ee186db,clone7.wav,vâng đây để để em có vào được số không? không vào được số ạ,work,1,usable,user7,2026-05-26T03:02:02.978115+00:00,1,/kaggle/working/asr_quality_classifier/data/audio/data2/50011620251108144341_005_39e8c2e7-afeb-4696-851b-92094ee186db/clone7.wav,1,0,0.74,False Negative,0.26
user7,50006020251109111034_004_0060fb66-e13e-4fb4-a14c-cbd7e705e8c7/clone7.wav,50006020251109111034_004_0060fb66-e13e-4fb4-a14c-cbd7e705e8c7,clone7.wav,bây giờ anh đọc cho em hả? em đọc không được ạ kể cả anh đọc em cung cấp thông tin cũng không cung cấp được ạ vì cuộc gọi đang có ghi âm ạ,work,1,usable,user7,2026-05-26T04:28:18.638426+00:00,1,/kaggle/working/asr_quality_classifier/data/audio/data2/50006020251109111034_004_0060fb66-e13e-4fb4-a14c-cbd7e705e8c7/clone7.wav,1,0,0.74,False Negative,0.26
user6,50006020251109111034_004_0060fb66-e13e-4fb4-a14c-cbd7e705e8c7/clone8.wav,50006020251109111034_004_0060fb66-e13e-4fb4-a14c-cbd7e705e8c7,clone8.wav,bây giờ anh đọc cho em hả? em đọc không được ạ kể cả anh đọc em cung cấp thông tin cũng không cung cấp được ạ vì cuộc gọi đang có ghi âm ạ,work,1,usable,user6,2026-05-25T09:56:03.287702+00:00,1,/kaggle/working/asr_quality_classifier/data/audio/data2/50006020251109111034_004_0060fb66-e13e-4fb4-a14c-cbd7e705e8c7/clone8.wav,1,0,0.74,False Negative,0.26
user2,50006020251111094006_000_79a31bff-3909-4ef9-a0b7-17a497ff703f/clone1.wav,50006020251111094006_000_79a31bff-3909-4ef9-a0b7-17a497ff703f,clone1.wav,"đâu? vâng, chào anh chị ở bên đại lý vinfast em thấy có nhỡ số anh gọi lại ạ à, à dạ bạn ơi cho mình hỏi là mình có cái tài khoản e xim của à của vinfast ấy thì kiểm tra tình trạng pin với bảo hành của cho em hết hạn lâu rồi nên bây giờ mình muốn gia hạn này bằng cách nào ạ? ừm, dạ hiện tại anh đang sử dụng xe máy điện nếu mà anh có nhu cầu muốn gia hạn dịch vụ e xim để theo dõi thông tin trên trên áp thì mình sẽ qua phía bên đại lý vinfast gần nhất để đăng ký gia hạn e xim anh nhá",work,1,usable,user2,2026-05-25T08:39:09.364481+00:00,1,/kaggle/working/asr_quality_classifier/data/audio/data2/50006020251111094006_000_79a31bff-3909-4ef9-a0b7-17a497ff703f/clone1.wav,1,0,0.74,False Negative,0.26
user2,50006020251111094006_000_79a31bff-3909-4ef9-a0b7-17a497ff703f/clone7.wav,50006020251111094006_000_79a31bff-3909-4ef9-a0b7-17a497ff703f,clone7.wav,"đâu? vâng, chào anh chị ở bên đại lý vinfast em thấy có nhỡ số anh gọi lại ạ à, à dạ bạn ơi cho mình hỏi là mình có cái tài khoản e xim của à của vinfast ấy thì kiểm tra tình trạng pin với bảo hành của cho em hết hạn lâu rồi nên bây giờ mình muốn gia hạn này bằng cách nào ạ? ừm, dạ hiện tại anh đang sử dụng xe máy điện nếu mà anh có nhu cầu muốn gia hạn dịch vụ e xim để theo dõi thông tin trên trên áp thì mình sẽ qua phía bên đại lý vinfast gần nhất để đăng ký gia hạn e xim anh nhá",work,1,usable,user2,2026-05-25T07:06:47.823169+00:00,1,/kaggle/working/asr_quality_classifier/data/audio/data2/50006020251111094006_000_79a31bff-3909-4ef9-a0b7-17a497ff703f/clone7.wav,1,0,0.74,False Negative,0.26
user2,50006020251111094006_001_a90a901d-f399-4cb7-94df-54d39fc8510b/clone8.wav,50006020251111094006_001_a90a901d-f399-4cb7-94df-54d39fc8510b,clone8.wav,"à, cứ thế nào cũng được đúng không anh chị? ô tô cũng được đúng không anh chị? không ạ, xe máy điện anh ạ",work,1,usable,user2,2026-05-25T05:05:33.912558+00:00,1,/kaggle/working/asr_quality_classifier/data/audio/data2/50006020251111094006_001_a90a901d-f399-4cb7-94df-54d39fc8510b/clone8.wav,1,0,0.74,False Negative,0.26
user3,50006020251111094006_002_9af2497d-5f37-483e-86bb-8fe502186ec3/clone4.wav,50006020251111094006_002_9af2497d-5f37-483e-86bb-8fe502186ec3,clone4.wav,"mà mình ở bảo lộc định vị giùm mình bảo lộc với di linh chỗ nào ạ? ở tỉnh nào anh? à, tỉnh lâm đồng thành phố bảo lộc ngày xưa ấy dạ, thì anh có thể qua phía bên khu vực bảo lộc bên em chưa có điểm dịch vụ ở đây anh có thể tham khảo bên đức trọng hoặc thành phố đà lạt ạ mình gần bên nào gần hơn anh?",work,1,usable,user3,2026-05-26T03:10:01.179854+00:00,1,/kaggle/working/asr_quality_classifier/data/audio/data2/50006020251111094006_002_9af2497d-5f37-483e-86bb-8fe502186ec3/clone4.wav,1,0,0.74,False Negative,0.26
user7,50006020251111094006_003_fce229f3-7827-42e6-ad93-243d9cae3af9/clone2.wav,50006020251111094006_003_fce229f3-7827-42e6-ad93-243d9cae3af9,clone2.wav,"ôi trời ơi, xa ôi vậy thì đi một trăm cây mới lên được trước nhá, thử liên hệ đi ạ xem bạn ấy có hỗ trợ từ từ xa không anh ạ",work,1,usable,user7,2026-05-26T03:23:44.458527+00:00,1,/kaggle/working/asr_quality_classifier/data/audio/data2/50006020251111094006_003_fce229f3-7827-42e6-ad93-243d9cae3af9/clone2.wav,1,0,0.74,False Negative,0.26
user7,50006020251111094006_003_fce229f3-7827-42e6-ad93-243d9cae3af9/clone3.wav,50006020251111094006_003_fce229f3-7827-42e6-ad93-243d9cae3af9,clone3.wav,"ôi trời ơi, xa ôi vậy thì đi một trăm cây mới lên được trước nhá, thử liên hệ đi ạ xem bạn ấy có hỗ trợ từ từ xa không anh ạ",work,1,usable,user7,2026-05-26T03:23:44.458670+00:00,1,/kaggle/working/asr_quality_classifier/data/audio/data2/50006020251111094006_003_fce229f3-7827-42e6-ad93-243d9cae3af9/clone3.wav,1,0,0.74,False Negative,0.26
user2,50012020251113150913_001_5bc92e47-c137-4462-be1d-e74d342f431e/clone6.wav,50012020251113150913_001_5bc92e47-c137-4462-be1d-e74d342f431e,clone6.wav,bấm bốn để bắt đầu lại từ đầu,work,1,usable,user2,2026-05-26T01:49:17.357856+00:00,1,/kaggle/working/asr_quality_classifier/data/audio/data2/50012020251113150913_001_5bc92e47-c137-4462-be1d-e74d342f431e/clone6.wav,1,0,0.74,False Negative,0.26
user7,50012020251113150913_003_8c813d1c-57e3-4811-af4f-56d277fb24d6/clone2.wav,50012020251113150913_003_8c813d1c-57e3-4811-af4f-56d277fb24d6,clone2.wav,bấm một để được gặp nhân viên của chúng tôi và để lại lời nhắn hôm nay anh có đọc một lần để bên em,work,1,usable,user7,2026-05-25T08:51:38.884792+00:00,1,/kaggle/working/asr_quality_classifier/data/audio/data2/50012020251113150913_003_8c813d1c-57e3-4811-af4f-56d277fb24d6/clone2.wav,1,0,0.74,False Negative,0.26
user2,50012020251113150913_003_8c813d1c-57e3-4811-af4f-56d277fb24d6/clone6.wav,50012020251113150913_003_8c813d1c-57e3-4811-af4f-56d277fb24d6,clone6.wav,bấm một để được gặp nhân viên của chúng tôi và để lại lời nhắn hôm nay anh có đọc một lần để bên em,work,1,usable,user2,2026-05-25T08:55:03.666079+00:00,1,/kaggle/working/asr_quality_classifier/data/audio/data2/50012020251113150913_003_8c813d1c-57e3-4811-af4f-56d277fb24d6/clone6.wav,1,0,0.74,False Negative,0.26
user2,50006020251109111034_001_d2d50db9-add1-403e-b0f1-61673b9d1677/clone3.wav,50006020251109111034_001_d2d50db9-add1-403e-b0f1-61673b9d1677,clone3.wav,thôi hết cuộc gọi bên đó em gọi lại bên vinfast em thấy cuộc gọi nhỡ từ số này em gọi lại em ơi à anh có mua cái xe nhưng mà kiểm tra thông tin xuất hóa đơn bảo hành nó lại không có tại vì đợt đó bên công ty đó xuất hóa đơn là xuất chưa xong á anh kiểm tra số khung giùm anh nhé,work,1,usable,user2,2026-05-25T08:41:44.367894+00:00,1,/kaggle/working/asr_quality_classifier/data/audio/data2/50006020251109111034_001_d2d50db9-add1-403e-b0f1-61673b9d1677/clone3.wav,1,0,0.74,False Negative,0.26
user4,50006020251109111034_001_d2d50db9-add1-403e-b0f1-61673b9d1677/clone4.wav,50006020251109111034_001_d2d50db9-add1-403e-b0f1-61673b9d1677,clone4.wav,thôi hết cuộc gọi bên đó em gọi lại bên vinfast em thấy cuộc gọi nhỡ từ số này em gọi lại em ơi à anh có mua cái xe nhưng mà kiểm tra thông tin xuất hóa đơn bảo hành nó lại không có tại vì đợt đó bên công ty đó xuất hóa đơn là xuất chưa xong á anh kiểm tra số khung giùm anh nhé,work,1,usable,user4,2026-05-26T03:02:36.374589+00:00,1,/kaggle/working/asr_quality_classifier/data/audio/data2/50006020251109111034_001_d2d50db9-add1-403e-b0f1-61673b9d1677/clone4.wav,1,0,0.74,False Negative,0.26
user7,50006020251109111034_001_d2d50db9-add1-403e-b0f1-61673b9d1677/clone6.wav,50006020251109111034_001_d2d50db9-add1-403e-b0f1-61673b9d1677,clone6.wav,thôi hết cuộc gọi bên đó em gọi lại bên vinfast em thấy cuộc gọi nhỡ từ số này em gọi lại em ơi à anh có mua cái xe nhưng mà kiểm tra thông tin xuất hóa đơn bảo hành nó lại không có tại vì đợt đó bên công ty đó xuất hóa đơn là xuất chưa xong á anh kiểm tra số khung giùm anh nhé,work,1,usable,user7,2026-05-26T02:10:32.104263+00:00,1,/kaggle/working/asr_quality_classifier/data/audio/data2/50006020251109111034_001_d2d50db9-add1-403e-b0f1-61673b9d1677/clone6.wav,1,0,0.74,False Negative,0.26
user6,50006020251109111034_003_0a990091-9780-4bed-b920-0c4df94775b2/clone4.wav,50006020251109111034_003_0a990091-9780-4bed-b920-0c4df94775b2,clone4.wav,thì em đọc cái số khung mới biết là xe cho em hả? căn cước cho em họ tên cho em? nếu mà như vậy thì anh giúp em gửi thông tin liên quan về vấn đề xác nhận thông tin của chủ sở hữu gửi về i-meo cho bên vinfast ạ,work,1,usable,user6,2026-05-26T04:10:00.630090+00:00,1,/kaggle/working/asr_quality_classifier/data/audio/data2/50006020251109111034_003_0a990091-9780-4bed-b920-0c4df94775b2/clone4.wav,1,0,0.74,False Negative,0.26
user3,50006020251109111034_003_0a990091-9780-4bed-b920-0c4df94775b2/clone8.wav,50006020251109111034_003_0a990091-9780-4bed-b920-0c4df94775b2,clone8.wav,thì em đọc cái số khung mới biết là xe cho em hả? căn cước cho em họ tên cho em? nếu mà như vậy thì anh giúp em gửi thông tin liên quan về vấn đề xác nhận thông tin của chủ sở hữu gửi về i-meo cho bên vinfast ạ,work,1,usable,user3,2026-05-26T04:17:26.942029+00:00,1,/kaggle/working/asr_quality_classifier/data/audio/data2/50006020251109111034_003_0a990091-9780-4bed-b920-0c4df94775b2/clone8.wav,1,0,0.74,False Negative,0.26
user7,50012020251109185728_002_e5fae9f5-8fc8-4122-823f-a5643675c559/clone4.wav,50012020251109185728_002_e5fae9f5-8fc8-4122-823f-a5643675c559,clone4.wav,à là phải bảo cho xêu kích hoạt tài khoản hả chị? à đúng rồi anh ạ anh phải bảo cho xêu để kích hoạt tài khoản cho anh trước nhá hiện tại anh đang mua xe theo số điện thoại anh đang gọi lên trên tổng đài đúng không anh? ờ đúng rồi anh đợi máy một chút giúp em rồi rồi,work,1,usable,user7,2026-05-25T08:50:25.711125+00:00,1,/kaggle/working/asr_quality_classifier/data/audio/data2/50012020251109185728_002_e5fae9f5-8fc8-4122-823f-a5643675c559/clone4.wav,1,0,0.74,False Negative,0.26
user2,50012020251109185728_003_4f0a52c8-be87-46c3-9d51-90e5d3648f1c/clone5.wav,50012020251109185728_003_4f0a52c8-be87-46c3-9d51-90e5d3648f1c,clone5.wav,xe vinfast vê ép ba đúng không ạ? ừ đúng rồi ạ,work,1,usable,user2,2026-05-26T02:01:16.294408+00:00,1,/kaggle/working/asr_quality_classifier/data/audio/data2/50012020251109185728_003_4f0a52c8-be87-46c3-9d51-90e5d3648f1c/clone5.wav,1,0,0.74,False Negative,0.26
user2,50012020251109185728_004_e302acf0-b874-4416-aa1d-c3681d572900/clone1.wav,50012020251109185728_004_e302acf0-b874-4416-aa1d-c3681d572900,clone1.wav,anh đợi máy một chút rồi ạ,work,1,usable,user2,2026-05-25T08:23:24.144773+00:00,1,/kaggle/working/asr_quality_classifier/data/audio/data2/50012020251109185728_004_e302acf0-b874-4416-aa1d-c3681d572900/clone1.wav,1,0,0.74,False Negative,0.26
user7,50012020251109185728_004_e302acf0-b874-4416-aa1d-c3681d572900/clone8.wav,50012020251109185728_004_e302acf0-b874-4416-aa1d-c3681d572900,clone8.wav,anh đợi máy một chút rồi ạ,work,1,usable,user7,2026-05-26T04:17:48.993015+00:00,1,/kaggle/working/asr_quality_classifier/data/audio/data2/50012020251109185728_004_e302acf0-b874-4416-aa1d-c3681d572900/clone8.wav,1,0,0.74,False Negative,0.26
user3,50012020251109185728_007_2a9352f2-9b9d-4756-a4b5-5563ef7a78a7/clone1.wav,50012020251109185728_007_2a9352f2-9b9d-4756-a4b5-5563ef7a78a7,clone1.wav,hả? vậy hả? vâng khi nào mà có tài khoản mới sạc xe được anh ạ,work,1,usable,user3,2026-05-25T08:19:21.378594+00:00,1,/kaggle/working/asr_quality_classifier/data/audio/data2/50012020251109185728_007_2a9352f2-9b9d-4756-a4b5-5563ef7a78a7/clone1.wav,1,0,0.74,False Negative,0.26
user1,50012020251109185728_007_2a9352f2-9b9d-4756-a4b5-5563ef7a78a7/clone4.wav,50012020251109185728_007_2a9352f2-9b9d-4756-a4b5-5563ef7a78a7,clone4.wav,hả? vậy hả? vâng khi nào mà có tài khoản mới sạc xe được anh ạ,work,1,usable,user1,2026-05-26T01:55:30.456768+00:00,1,/kaggle/working/asr_quality_classifier/data/audio/data2/50012020251109185728_007_2a9352f2-9b9d-4756-a4b5-5563ef7a78a7/clone4.wav,1,0,0.74,False Negative,0.26
user5,50012020251109185728_007_2a9352f2-9b9d-4756-a4b5-5563ef7a78a7/clone5.wav,50012020251109185728_007_2a9352f2-9b9d-4756-a4b5-5563ef7a78a7,clone5.wav,hả? vậy hả? vâng khi nào mà có tài khoản mới sạc xe được anh ạ,work,1,usable,user5,2026-05-25T08:02:30.459369+00:00,1,/kaggle/working/asr_quality_classifier/data/audio/data2/50012020251109185728_007_2a9352f2-9b9d-4756-a4b5-5563ef7a78a7/clone5.wav,1,0,0.74,False Negative,0.26
user7,50012020251113150913_000_0b23207d-4310-4bc6-b90c-40b15c7df287/clone3.wav,50012020251113150913_000_0b23207d-4310-4bc6-b90c-40b15c7df287,clone3.wav,bấm một để tiếp tục nếu quý khách muốn được gặp nhân viên của chúng tôi thì bấm hai và để lại lời nhắn bấm ba để được yêu cầu gọi lại,work,1,usable,user7,2026-05-25T08:33:01.408404+00:00,1,/kaggle/working/asr_quality_classifier/data/audio/data2/50012020251113150913_000_0b23207d-4310-4bc6-b90c-40b15c7df287/clone3.wav,1,0,0.74,False Negative,0.26
user5,50012020251106173631_003_4cd1faa9-8e83-474b-be3f-c1f4e492ad65/clone1.wav,50012020251106173631_003_4cd1faa9-8e83-474b-be3f-c1f4e492ad65,clone1.wav,anh thấy anh có gọi bên anh có gọi nhỡ đâu,work,1,usable,user5,2026-05-25T07:38:03.674626+00:00,1,/kaggle/working/asr_quality_classifier/data/audio/data2/50012020251106173631_003_4cd1faa9-8e83-474b-be3f-c1f4e492ad65/clone1.wav,1,0,0.74,False Negative,0.26
user1,50012020251106173631_003_4cd1faa9-8e83-474b-be3f-c1f4e492ad65/clone5.wav,50012020251106173631_003_4cd1faa9-8e83-474b-be3f-c1f4e492ad65,clone5.wav,anh thấy anh có gọi bên anh có gọi nhỡ đâu,work,1,usable,user1,2026-05-25T09:44:08.514780+00:00,1,/kaggle/working/asr_quality_classifier/data/audio/data2/50012020251106173631_003_4cd1faa9-8e83-474b-be3f-c1f4e492ad65/clone5.wav,1,0,0.74,False Negative,0.26
user4,50012020251108163554_004_bb750c30-bc3d-4cc6-9385-a5f03a652ae7/clone5.wav,50012020251108163554_004_bb750c30-bc3d-4cc6-9385-a5f03a652ae7,clone5.wav,"anh muốn là ví dụ cắm vào sạc của trạm vin thì làm sao không cắm được nhỉ? anh chỉ cần quét mã cu e-rờ thôi là được còn hiện tại anh đã có mã cu e-rờ rồi, à mã xóp i đê rồi anh đăng nhập lại giúp em và thì mình vừa đăng nhập thành công của anh gần nhất là ngày ngày hai mươi chín tháng chín hai nghìn không trăm hai mươi lăm anh chưa đăng nhập thành công theo số điện thoại này đâu anh ạ anh kiểm tra lại nhá giờ anh thoát ra đăng nhập lại à? đúng rồi, theo đúng số điện thoại anh đang gọi lên trên tổng đài giúp em rồi rồi, ok",work,1,usable,user4,2026-05-25T08:38:02.672499+00:00,1,/kaggle/working/asr_quality_classifier/data/audio/data2/50012020251108163554_004_bb750c30-bc3d-4cc6-9385-a5f03a652ae7/clone5.wav,1,0,0.74,False Negative,0.26
user2,50012020251108220354_003_8f6ebb85-9fe8-465c-97c8-bd532d7b69a1/clone3.wav,50012020251108220354_003_8f6ebb85-9fe8-465c-97c8-bd532d7b69a1,clone3.wav,khi em đánh về nhà thì em đỗ lại,work,1,usable,user2,2026-05-25T08:54:09.058676+00:00,1,/kaggle/working/asr_quality_classifier/data/audio/data2/50012020251108220354_003_8f6ebb85-9fe8-465c-97c8-bd532d7b69a1/clone3.wav,1,0,0.74,False Negative,0.26
user1,50012020251108220354_005_78c3889f-37a9-4991-ad6b-95260725dbdc/clone2.wav,50012020251108220354_005_78c3889f-37a9-4991-ad6b-95260725dbdc,clone2.wav,"máy vẫn chạy thì khi em tháo một cái cọc ở ắc quy ra thì máy nó vẫn cứ chạy, để một lúc sau thì tự nhiên nó mới là bị hiển thị là lên nhưng mà đang đi như thế nó rất là vui điện vì không có đèn để mình đi ý xe đang ở nhà đúng ạ? đúng rồi, xe đang ở nhà",work,1,usable,user1,2026-05-25T08:03:51.833467+00:00,1,/kaggle/working/asr_quality_classifier/data/audio/data2/50012020251108220354_005_78c3889f-37a9-4991-ad6b-95260725dbdc/clone2.wav,1,0,0.74,False Negative,0.26
user2,50012020251108220354_005_78c3889f-37a9-4991-ad6b-95260725dbdc/clone3.wav,50012020251108220354_005_78c3889f-37a9-4991-ad6b-95260725dbdc,clone3.wav,"máy vẫn chạy thì khi em tháo một cái cọc ở ắc quy ra thì máy nó vẫn cứ chạy, để một lúc sau thì tự nhiên nó mới là bị hiển thị là lên nhưng mà đang đi như thế nó rất là vui điện vì không có đèn để mình đi ý xe đang ở nhà đúng ạ? đúng rồi, xe đang ở nhà",work,1,usable,user2,2026-05-26T03:08:55.260214+00:00,1,/kaggle/working/asr_quality_classifier/data/audio/data2/50012020251108220354_005_78c3889f-37a9-4991-ad6b-95260725dbdc/clone3.wav,1,0,0.74,False Negative,0.26
user6,50012020251109185728_001_cc0239ef-7f6f-49e8-8142-3215bdf96635/clone2.wav,50012020251109185728_001_cc0239ef-7f6f-49e8-8142-3215bdf96635,clone2.wav,anh lấy xe ô tô hay xe máy ạ? ồ xe ô tô ạ xe ô tô ạ ờ anh đã bảo với xêu kích hoạt tài khoản cho anh chưa?,work,1,usable,user6,2026-05-25T07:48:17.250256+00:00,1,/kaggle/working/asr_quality_classifier/data/audio/data2/50012020251109185728_001_cc0239ef-7f6f-49e8-8142-3215bdf96635/clone2.wav,1,0,0.74,False Negative,0.26
user7,50012020251109185728_002_e5fae9f5-8fc8-4122-823f-a5643675c559/clone3.wav,50012020251109185728_002_e5fae9f5-8fc8-4122-823f-a5643675c559,clone3.wav,à là phải bảo cho xêu kích hoạt tài khoản hả chị? à đúng rồi anh ạ anh phải bảo cho xêu để kích hoạt tài khoản cho anh trước nhá hiện tại anh đang mua xe theo số điện thoại anh đang gọi lên trên tổng đài đúng không anh? ờ đúng rồi anh đợi máy một chút giúp em rồi rồi,work,1,usable,user7,2026-05-25T08:50:25.711001+00:00,1,/kaggle/working/asr_quality_classifier/data/audio/data2/50012020251109185728_002_e5fae9f5-8fc8-4122-823f-a5643675c559/clone3.wav,1,0,0.74,False Negative,0.26
user3,50012120251104172043_003_30ba2c2d-87fd-45f2-b049-55f342f8ee03/clone7.wav,50012120251104172043_003_30ba2c2d-87fd-45f2-b049-55f342f8ee03,clone7.wav,thế là bên chị có gọi điện là hỗ trợ về vấn đề lấy xe ấy đúng ạ vâng ừ em thấy bên phía đại lý báo là có tiếp nhận thông tin và sẽ hoàn thành đơn ấy không biết là đại lý liên hệ với mình chưa?,work,1,usable,user3,2026-05-26T03:09:20.468593+00:00,1,/kaggle/working/asr_quality_classifier/data/audio/data2/50012120251104172043_003_30ba2c2d-87fd-45f2-b049-55f342f8ee03/clone7.wav,1,0,0.74,False Negative,0.26
user5,50012120251104172043_004_8964b55e-07d2-4e67-8563-9d3be8f99da4/clone7.wav,50012120251104172043_004_8964b55e-07d2-4e67-8563-9d3be8f99da4,clone7.wav,"đại lý bảo chị là đến lấy xe nhưng chị muốn lấy cái màu xanh ô-líp mà màu xanh ô-líp thì đang không có chị đang phân vân giữa màu vàng và màu đỏ thì chị bảo là thôi để đến hai ba hôm nữa thì chị qua đấy chị lấy ngày ki-a ngày ki-a chị qua chị lấy chị hẹn đại lý ngày ki-a lấy vâng thế có gì thì mình cân nhắc giúp em nhá chị ví dụ như là chị không muốn lấy hai cái màu đấy, chị vẫn muốn đặt cái màu chị vẫn muốn lấy cái màu của chị thì sao? thế thì chị màu chị đặt thêm thôi chị ạ",work,1,usable,user5,2026-05-26T03:02:07.939928+00:00,1,/kaggle/working/asr_quality_classifier/data/audio/data2/50012120251104172043_004_8964b55e-07d2-4e67-8563-9d3be8f99da4/clone7.wav,1,0,0.74,False Negative,0.26
user2,50012120251106192348_000_7ac40b54-ea4d-410e-bfae-7c9d61ce95ee/clone1.wav,50012120251106192348_000_7ac40b54-ea4d-410e-bfae-7c9d61ce95ee,clone1.wav,"a-lô a-lô, chào anh liên hệ cho mình tổng đài vinfast, em thấy mình có cuộc gọi nhỡ liên hệ lại ạ dạ vâng, tôi muốn hỏi cái cái tôi đang lấy li-mu-zin ấy mà nhưng mà từ từ cái lúc mà mà mà xuất hóa đơn đến lúc mà mà có được cái xê o xê bởi vì thấy bảo cái xê o xê mà sao nó lâu thế",work,1,usable,user2,2026-05-26T03:07:27.591469+00:00,1,/kaggle/working/asr_quality_classifier/data/audio/data2/50012120251106192348_000_7ac40b54-ea4d-410e-bfae-7c9d61ce95ee/clone1.wav,1,0,0.74,False Negative,0.26
user2,50012120251106192348_000_7ac40b54-ea4d-410e-bfae-7c9d61ce95ee/clone3.wav,50012120251106192348_000_7ac40b54-ea4d-410e-bfae-7c9d61ce95ee,clone3.wav,"a-lô a-lô, chào anh liên hệ cho mình tổng đài vinfast, em thấy mình có cuộc gọi nhỡ liên hệ lại ạ dạ vâng, tôi muốn hỏi cái cái tôi đang lấy li-mu-zin ấy mà nhưng mà từ từ cái lúc mà mà mà xuất hóa đơn đến lúc mà mà có được cái xê o xê bởi vì thấy bảo cái xê o xê mà sao nó lâu thế",work,1,usable,user2,2026-05-25T08:31:21.519330+00:00,1,/kaggle/working/asr_quality_classifier/data/audio/data2/50012120251106192348_000_7ac40b54-ea4d-410e-bfae-7c9d61ce95ee/clone3.wav,1,0,0.74,False Negative,0.26
user6,50012120251106192348_000_7ac40b54-ea4d-410e-bfae-7c9d61ce95ee/clone6.wav,50012120251106192348_000_7ac40b54-ea4d-410e-bfae-7c9d61ce95ee,clone6.wav,"a-lô a-lô, chào anh liên hệ cho mình tổng đài vinfast, em thấy mình có cuộc gọi nhỡ liên hệ lại ạ dạ vâng, tôi muốn hỏi cái cái tôi đang lấy li-mu-zin ấy mà nhưng mà từ từ cái lúc mà mà mà xuất hóa đơn đến lúc mà mà có được cái xê o xê bởi vì thấy bảo cái xê o xê mà sao nó lâu thế",work,1,usable,user6,2026-05-25T08:08:46.378276+00:00,1,/kaggle/working/asr_quality_classifier/data/audio/data2/50012120251106192348_000_7ac40b54-ea4d-410e-bfae-7c9d61ce95ee/clone6.wav,1,0,0.74,False Negative,0.26
user7,50012120251106192348_011_b2586b54-6897-45cd-9314-63083f127ae2/clone2.wav,50012120251106192348_011_b2586b54-6897-45cd-9314-63083f127ae2,clone2.wav,"ừm ừm, vâng rồi cảm ơn em vâng em cảm ơn anh",work,1,usable,user7,2026-05-26T02:56:00.592788+00:00,1,/kaggle/working/asr_quality_classifier/data/audio/data2/50012120251106192348_011_b2586b54-6897-45cd-9314-63083f127ae2/clone2.wav,1,0,0.74,False Negative,0.26
user2,50012120251106192348_011_b2586b54-6897-45cd-9314-63083f127ae2/clone8.wav,50012120251106192348_011_b2586b54-6897-45cd-9314-63083f127ae2,clone8.wav,"ừm ừm, vâng rồi cảm ơn em vâng em cảm ơn anh",work,1,usable,user2,2026-05-26T01:49:45.901736+00:00,1,/kaggle/working/asr_quality_classifier/data/audio/data2/50012120251106192348_011_b2586b54-6897-45cd-9314-63083f127ae2/clone8.wav,1,0,0.74,False Negative,0.26
user7,50012120251106194455_007_8f2109aa-cda5-41a6-97f2-6f5a51d489fe/clone8.wav,50012120251106194455_007_8f2109aa-cda5-41a6-97f2-6f5a51d489fe,clone8.wav,ừm bên phía xưởng các bạn ấy sẽ làm việc bên phía nhà máy thì mới có thời gian cụ thể được à vâng ý kiến của họ chứ còn tổng đài bên em chưa thấy kiểm tra được anh ạ à dạ dạ vâng cũng không thể kiểm tra được là thông tin của tài xế rồi này ki-a hay là phương tiện của tài xế tài xế anh ạ à dạ dạ dạ vâng ạ dạ em cảm ơn tổng đài ạ vâng ạ dạ dạ em chào tổng đài vâng ạ dạ,work,1,usable,user7,2026-05-26T04:22:58.320090+00:00,1,/kaggle/working/asr_quality_classifier/data/audio/data2/50012120251106194455_007_8f2109aa-cda5-41a6-97f2-6f5a51d489fe/clone8.wav,1,0,0.74,False Negative,0.26
user2,50012120251101175545_009_9486cf5b-ef54-41f9-9846-2c0cdf04002c/clone6.wav,50012120251101175545_009_9486cf5b-ef54-41f9-9846-2c0cdf04002c,clone6.wav,anh chủ xe chứ ai,work,1,usable,user2,2026-05-25T05:04:20.380330+00:00,1,/kaggle/working/asr_quality_classifier/data/audio/data2/50012120251101175545_009_9486cf5b-ef54-41f9-9846-2c0cdf04002c/clone6.wav,1,0,0.74,False Negative,0.26
user7,50012120251103113237_001_7652e6ed-2440-46fa-864e-3f978046b52f/clone5.wav,50012120251103113237_001_7652e6ed-2440-46fa-864e-3f978046b52f,clone5.wav,sân bay đà nẵng một đó em vâng anh thì hiện tại đây anh có một cái xe mà bốn mươi ba giờ mười ba nghìn hai trăm chín mươi tư bị va chạm tai nạn tại pha nam phước á nam phước điện bàn á là lúc năm giờ không phút sáng á thì xe hiện tại là xe cú hộ không di chuyển được mà khu vực đó là nước nó ngập nó đang lên mà sáng giờ bên tài xế anh có gọi bên tổng đài mình để để nhờ cứu hộ và vào kéo xe về mà chưa thấy được hỗ trợ,work,1,usable,user7,2026-05-26T04:29:54.834376+00:00,1,/kaggle/working/asr_quality_classifier/data/audio/data2/50012120251103113237_001_7652e6ed-2440-46fa-864e-3f978046b52f/clone5.wav,1,0,0.74,False Negative,0.26
user2,50012120251103113237_003_7ba4cdda-ff39-4598-ac21-6ac1dd4e959e/clone4.wav,50012120251103113237_003_7ba4cdda-ff39-4598-ac21-6ac1dd4e959e,clone4.wav,ba trăm ba mươi tư đúng không anh? đúng rồi tại vì anh ơi mong anh thông cảm giúp em vì tình hình bão lũ anh ạ ảnh hưởng ấy là cứu hộ thì các bạn ấy cũng sẽ phải cứu hộ lần lượt thôi bởi vì do quá tải anh ạ nhưng vấn đề là đây là hiện tại là khu vực đó là nước đang ngập đang dâng cao mà nếu để xe đó mà không cứu hộ là nước ngập lên xe rồi thì cái vấn đề đó là ai chịu anh? em đã liên hệ với bên phía xưởng dịch vụ rồi anh ạ cái này để em nhắc lại bên phía xưởng dịch vụ để các bạn hỗ trợ anh ạ,work,1,usable,user2,2026-05-26T02:06:19.657043+00:00,1,/kaggle/working/asr_quality_classifier/data/audio/data2/50012120251103113237_003_7ba4cdda-ff39-4598-ac21-6ac1dd4e959e/clone4.wav,1,0,0.74,False Negative,0.26
user3,50012120251103113237_005_bf7dfa9b-7210-4e58-8c11-0fa57c378cbe/clone3.wav,50012120251103113237_005_bf7dfa9b-7210-4e58-8c11-0fa57c378cbe,clone3.wav,nên nhờ em hỗ trợ giùm cho cái xe nào đó để vô kéo xe về cho anh về giùm anh vâng thì mình đợi thêm giúp em để em nhắc vào bên phía xưởng anh nhá rồi cảm ơn anh cảm ơn anh,work,1,usable,user3,2026-05-25T08:03:42.707254+00:00,1,/kaggle/working/asr_quality_classifier/data/audio/data2/50012120251103113237_005_bf7dfa9b-7210-4e58-8c11-0fa57c378cbe/clone3.wav,1,0,0.74,False Negative,0.26
user1,50012120251103174734_005_d11e4066-e309-4077-81c6-bc9f9032eaf5/clone7.wav,50012120251103174734_005_d11e4066-e309-4077-81c6-bc9f9032eaf5,clone7.wav,gì có thông tin gì ạ,work,1,usable,user1,2026-05-26T05:07:43.321104+00:00,1,/kaggle/working/asr_quality_classifier/data/audio/data2/50012120251103174734_005_d11e4066-e309-4077-81c6-bc9f9032eaf5/clone7.wav,1,0,0.74,False Negative,0.26
user4,50012120251103174734_006_72b10273-8a6a-4793-b2e8-18de570ef51f/clone8.wav,50012120251103174734_006_72b10273-8a6a-4793-b2e8-18de570ef51f,clone8.wav,em thấy là đơn hàng của mình đã được về bên phía đại lý rồi em sẽ cung cấp số bên phía đại lý anh liên hệ trực tiếp qua giúp em các bạn ấy hỗ trợ kiểm tra tình trạng tồn xe nếu mà có sẵn thì bàn giao xe cho mình anh nhá vâng tức là là là bàn giao về đại lý rồi ạ đúng rồi ạ xe của mình à đơn của mình về bên phía cơ sở kiến an tạm phong ấy anh vâng đúng rồi ạ vâng em đọc số của bên phía cơ sở nhá anh liên hệ trực tiếp qua giúp em ạ vâng vâng đợi đợi em tí vâng,work,1,usable,user4,2026-05-25T08:42:14.802022+00:00,1,/kaggle/working/asr_quality_classifier/data/audio/data2/50012120251103174734_006_72b10273-8a6a-4793-b2e8-18de570ef51f/clone8.wav,1,0,0.74,False Negative,0.26
user3,50012120251103174734_009_e494ffb8-f861-4d0b-b5a4-863f32126aad/clone2.wav,50012120251103174734_009_e494ffb8-f861-4d0b-b5a4-863f32126aad,clone2.wav,vâng ba trăm sáu mươi bảy,work,1,usable,user3,2026-05-26T03:15:38.585893+00:00,1,/kaggle/working/asr_quality_classifier/data/audio/data2/50012120251103174734_009_e494ffb8-f861-4d0b-b5a4-863f32126aad/clone2.wav,1,0,0.74,False Negative,0.26
user2,50012120251104172043_002_ff444e54-d15e-4368-bc6f-588e128d11ba/clone1.wav,50012120251104172043_002_ff444e54-d15e-4368-bc6f-588e128d11ba,clone1.wav,không bên em có gọi điện cho chị ý chị đang bảo là không biết có vấn đề gì ạ,work,1,usable,user2,2026-05-25T05:11:53.783891+00:00,1,/kaggle/working/asr_quality_classifier/data/audio/data2/50012120251104172043_002_ff444e54-d15e-4368-bc6f-588e128d11ba/clone1.wav,1,0,0.74,False Negative,0.26
user4,50006120251103161326_004_eb670ec3-935e-482d-b497-1caaa78ec452/clone7.wav,50006120251103161326_004_eb670ec3-935e-482d-b497-1caaa78ec452,clone7.wav,dạ vâng mình thoát này đi mình thao tác lại giúp em,work,1,usable,user4,2026-05-25T07:40:24.103668+00:00,1,/kaggle/working/asr_quality_classifier/data/audio/data2/50006120251103161326_004_eb670ec3-935e-482d-b497-1caaa78ec452/clone7.wav,1,0,0.74,False Negative,0.26
user3,50006120251103161326_004_eb670ec3-935e-482d-b497-1caaa78ec452/clone8.wav,50006120251103161326_004_eb670ec3-935e-482d-b497-1caaa78ec452,clone8.wav,dạ vâng mình thoát này đi mình thao tác lại giúp em,work,1,usable,user3,2026-05-26T03:04:16.790925+00:00,1,/kaggle/working/asr_quality_classifier/data/audio/data2/50006120251103161326_004_eb670ec3-935e-482d-b497-1caaa78ec452/clone8.wav,1,0,0.74,False Negative,0.26
user7,50006220251102194004_000_64da12e9-f986-4abe-8765-4e3aa60a2e0b/clone5.wav,50006220251102194004_000_64da12e9-f986-4abe-8765-4e3aa60a2e0b,clone5.wav,"a-lô, ạ anh ơi, em tổng đài của vinfast ạ em thấy mình gọi đến bên em ấy, không biết anh cần em hỗ trợ gì không đây nhỉ?",work,1,usable,user7,2026-05-26T03:06:03.894433+00:00,1,/kaggle/working/asr_quality_classifier/data/audio/data2/50006220251102194004_000_64da12e9-f986-4abe-8765-4e3aa60a2e0b/clone5.wav,1,0,0.74,False Negative,0.26
user4,50006220251102194004_001_fa840ae5-797e-4688-84b9-443abd718a1d/clone7.wav,50006220251102194004_001_fa840ae5-797e-4688-84b9-443abd718a1d,clone7.wav,"à, anh muốn hỏi á là anh đã có mua chiếc xe a phê-lích hai nghìn không trăm hai mươi lăm á dạ thì à anh muốn hỏi là bây giờ anh muốn kết nối vô cái điện thoại anh coi thì nên làm gì gì á",work,1,usable,user4,2026-05-26T02:29:03.908243+00:00,1,/kaggle/working/asr_quality_classifier/data/audio/data2/50006220251102194004_001_fa840ae5-797e-4688-84b9-443abd718a1d/clone7.wav,1,0,0.74,False Negative,0.26
user3,50006220251102194004_005_e5416a8c-b077-455b-b173-9306fa768e5b/clone2.wav,50006220251102194004_005_e5416a8c-b077-455b-b173-9306fa768e5b,clone2.wav,"à, rồi ví dụ bây giờ ví dụ cái này mai mốt là anh muốn muốn muốn muốn muốn kết nối vô vô trong cái chiếc xe này thì ví dụ như ấy thì mình có cách nào làm không hay là nó sẽ có cái tính năng lắp thêm cái cái gọi là bộ bộ vị ngoài anh ạ thì nó sẽ vào tầm trên ba triệu anh ạ cái này thì anh qua đại lý trực tiếp ấy các bạn sẽ tư vấn cho mình và phí hàng năm của nó sẽ là một trăm năm mươi sáu nghìn một năm anh nhá",work,1,usable,user3,2026-05-26T03:38:04.045607+00:00,1,/kaggle/working/asr_quality_classifier/data/audio/data2/50006220251102194004_005_e5416a8c-b077-455b-b173-9306fa768e5b/clone2.wav,1,0,0.74,False Negative,0.26
user5,50006220251102194004_005_e5416a8c-b077-455b-b173-9306fa768e5b/clone5.wav,50006220251102194004_005_e5416a8c-b077-455b-b173-9306fa768e5b,clone5.wav,"à, rồi ví dụ bây giờ ví dụ cái này mai mốt là anh muốn muốn muốn muốn muốn kết nối vô vô trong cái chiếc xe này thì ví dụ như ấy thì mình có cách nào làm không hay là nó sẽ có cái tính năng lắp thêm cái cái gọi là bộ bộ vị ngoài anh ạ thì nó sẽ vào tầm trên ba triệu anh ạ cái này thì anh qua đại lý trực tiếp ấy các bạn sẽ tư vấn cho mình và phí hàng năm của nó sẽ là một trăm năm mươi sáu nghìn một năm anh nhá",work,1,usable,user5,2026-05-25T09:30:26.383200+00:00,1,/kaggle/working/asr_quality_classifier/data/audio/data2/50006220251102194004_005_e5416a8c-b077-455b-b173-9306fa768e5b/clone5.wav,1,0,0.74,False Negative,0.26
user3,50012020251114095054_005_9f9d7551-976d-45f6-a264-1187b725983c/clone7.wav,50012020251114095054_005_9f9d7551-976d-45f6-a264-1187b725983c,clone7.wav,vâng em thấy có thông tin rồi cứu hộ xe ích ép em nổ lốp hai túi khí và tầm khoảng một giờ không phút sáng ngày hôm nay xe kéo về xưởng cho anh dạ kéo về rồi ạ xe kéo về rồi thì anh giục bên a ích ép em để bảo hiểm qua làm việc tiếp,work,1,usable,user3,2026-05-26T03:04:08.171901+00:00,1,/kaggle/working/asr_quality_classifier/data/audio/data2/50012020251114095054_005_9f9d7551-976d-45f6-a264-1187b725983c/clone7.wav,1,0,0.74,False Negative,0.26
user2,50012120251101175545_001_8880ee57-2b5f-4e09-af30-c66d24e6a17b/clone7.wav,50012120251101175545_001_8880ee57-2b5f-4e09-af30-c66d24e6a17b,clone7.wav,"a-lô, em chào anh em là hiền liên hệ cho mình tổng đài vinfast ạ em có nhận được một yêu cầu hỗ trợ khẩn cấp từ trên xe của mình báo lên ấy không biết là xe gặp vấn đề gì vậy anh?",work,1,usable,user2,2026-05-26T01:56:56.348870+00:00,1,/kaggle/working/asr_quality_classifier/data/audio/data2/50012120251101175545_001_8880ee57-2b5f-4e09-af30-c66d24e6a17b/clone7.wav,1,0,0.74,False Negative,0.26
user1,50006020251111094006_004_674c2efa-1582-427a-b0bf-1a7559b2aa68/clone1.wav,50006020251111094006_004_674c2efa-1582-427a-b0bf-1a7559b2aa68,clone1.wav,"dạ, dạ, dạ số điện thoại ở bên an phát ở bên thành phố đà lạt em cung cấp cho ạ",work,1,usable,user1,2026-05-26T03:17:41.095503+00:00,1,/kaggle/working/asr_quality_classifier/data/audio/data2/50006020251111094006_004_674c2efa-1582-427a-b0bf-1a7559b2aa68/clone1.wav,1,0,0.74,False Negative,0.26
user7,50006020251111094006_007_516974b5-96bc-410a-8ced-270d73fad5c3/clone1.wav,50006020251111094006_007_516974b5-96bc-410a-8ced-270d73fad5c3,clone1.wav,"tám trăm bảy mươi chín anh nhá từ từ đã, tám trăm bảy mươi chín",work,1,usable,user7,2026-05-25T05:05:38.670185+00:00,1,/kaggle/working/asr_quality_classifier/data/audio/data2/50006020251111094006_007_516974b5-96bc-410a-8ced-270d73fad5c3/clone1.wav,1,0,0.74,False Negative,0.26
user1,50006020251111101001_001_d7265ef4-2f7e-46b8-8f17-4e703abf657c/clone2.wav,50006020251111101001_001_d7265ef4-2f7e-46b8-8f17-4e703abf657c,clone2.wav,a-lô chào anh em tổng đài bên vi ettel ạ lúc nãy mình có liên hệ trao đổi phần bảo hiểm của bản cứng ạ,work,1,usable,user1,2026-05-25T09:33:35.820236+00:00,1,/kaggle/working/asr_quality_classifier/data/audio/data2/50006020251111101001_001_d7265ef4-2f7e-46b8-8f17-4e703abf657c/clone2.wav,1,0,0.74,False Negative,0.26
user1,50006020251111101001_003_167b1842-4751-4316-ad16-8ece325b3488/clone5.wav,50006020251111101001_003_167b1842-4751-4316-ad16-8ece325b3488,clone5.wav,"thì nếu mà trong ngày hôm nay anh theo dõi thêm thì địa bên đã đăng ký là sẽ nhận ở địa chỉ này đấy anh ạ à ok là đội mười hai thôn đồng lý, lương bằng, tỉnh hưng yên",work,1,usable,user1,2026-05-26T03:56:13.572724+00:00,1,/kaggle/working/asr_quality_classifier/data/audio/data2/50006020251111101001_003_167b1842-4751-4316-ad16-8ece325b3488/clone5.wav,1,0,0.74,False Negative,0.26
user1,50006120251103161326_003_6d853660-5447-4ddd-88ef-a3ed129d999e/clone4.wav,50006120251103161326_003_6d853660-5447-4ddd-88ef-a3ed129d999e,clone4.wav,hiện mêu của em đây rồi ạ chị ơi mình có thể thoát áp đi sau đó mình thao tác vào lại từ đầu giúp em chị nhá tại vì các bạn chuyển chủ xong thì mình có thể thoát áp đi để mình kiểm tra lại chị ạ mình đăng nhập theo i-meo mà mình đã đăng ký sau đó mình kiểm tra ở trên áp xem mình thị thông tin xe của mình chưa xe đã có kết nối với áp chưa ạ?,work,1,usable,user1,2026-05-26T03:17:30.737635+00:00,1,/kaggle/working/asr_quality_classifier/data/audio/data2/50006120251103161326_003_6d853660-5447-4ddd-88ef-a3ed129d999e/clone4.wav,1,0,0.74,False Negative,0.26
user2,50006120251103161326_003_6d853660-5447-4ddd-88ef-a3ed129d999e/clone7.wav,50006120251103161326_003_6d853660-5447-4ddd-88ef-a3ed129d999e,clone7.wav,hiện mêu của em đây rồi ạ chị ơi mình có thể thoát áp đi sau đó mình thao tác vào lại từ đầu giúp em chị nhá tại vì các bạn chuyển chủ xong thì mình có thể thoát áp đi để mình kiểm tra lại chị ạ mình đăng nhập theo i-meo mà mình đã đăng ký sau đó mình kiểm tra ở trên áp xem mình thị thông tin xe của mình chưa xe đã có kết nối với áp chưa ạ?,work,1,usable,user2,2026-05-25T04:59:18.608582+00:00,1,/kaggle/working/asr_quality_classifier/data/audio/data2/50006120251103161326_003_6d853660-5447-4ddd-88ef-a3ed129d999e/clone7.wav,1,0,0.74,False Negative,0.26
user2,50006120251103161326_004_eb670ec3-935e-482d-b497-1caaa78ec452/clone1.wav,50006120251103161326_004_eb670ec3-935e-482d-b497-1caaa78ec452,clone1.wav,dạ vâng mình thoát này đi mình thao tác lại giúp em,work,1,usable,user2,2026-05-25T04:58:43.519240+00:00,1,/kaggle/working/asr_quality_classifier/data/audio/data2/50006120251103161326_004_eb670ec3-935e-482d-b497-1caaa78ec452/clone1.wav,1,0,0.74,False Negative,0.26
user3,50006120251103161326_004_eb670ec3-935e-482d-b497-1caaa78ec452/clone6.wav,50006120251103161326_004_eb670ec3-935e-482d-b497-1caaa78ec452,clone6.wav,dạ vâng mình thoát này đi mình thao tác lại giúp em,work,1,usable,user3,2026-05-25T05:18:10.849905+00:00,1,/kaggle/working/asr_quality_classifier/data/audio/data2/50006120251103161326_004_eb670ec3-935e-482d-b497-1caaa78ec452/clone6.wav,1,0,0.74,False Negative,0.26
user7,50005820251110203323_008_8be4ab6f-ad36-40f6-b6af-3e8bf1656c0d/clone3.wav,50005820251110203323_008_8be4ab6f-ad36-40f6-b6af-3e8bf1656c0d,clone3.wav,xe bây giờ nó phải hỏi mãi mở mở ra được rồi nhưng mà khởi động lên cũng được được rồi nhưng mà nó hiện tượng đấy là cái kiểu gì đấy nhỉ?,work,1,usable,user7,2026-05-26T04:18:34.054979+00:00,1,/kaggle/working/asr_quality_classifier/data/audio/data2/50005820251110203323_008_8be4ab6f-ad36-40f6-b6af-3e8bf1656c0d/clone3.wav,1,0,0.74,False Negative,0.26
user3,50005820251110203323_009_153595fa-64fb-4d5c-b337-4f0148d52544/clone3.wav,50005820251110203323_009_153595fa-64fb-4d5c-b337-4f0148d52544,clone3.wav,cái này em khuyên anh là nên qua xưởng dịch vụ kiểm kiểm tra chuyên sâu hơn chứ còn trên tổng đài bên em thì là chưa tư vấn cụ thể xem là chìa khóa của mình có vấn đề gì không hay là về vấn đề nguồn điện ở xe nên là cái này chắc là mình cứ qua xưởng dịch vụ gần nhất giúp em để các bạn hỗ trợ kiểm tra cho sẽ yên tâm hơn đấy ạ ừ ừ ừ dạ vâng nên được cân nhắc thì nó bị lỗi lỗi nên lỗi anh ạ dạ vâng nên anh có thể trong vòng xe là đã di chuyển rồi thì mình nên cân nhắc qua xưởng sớm giúp em để kiểm tra nhá ừ ừ ừ dạ vâng em cảm ơn dạ vâng chào anh ạ rồi,work,1,usable,user3,2026-05-25T07:16:23.970658+00:00,1,/kaggle/working/asr_quality_classifier/data/audio/data2/50005820251110203323_009_153595fa-64fb-4d5c-b337-4f0148d52544/clone3.wav,1,0,0.74,False Negative,0.26
user3,50005820251110203323_009_153595fa-64fb-4d5c-b337-4f0148d52544/clone5.wav,50005820251110203323_009_153595fa-64fb-4d5c-b337-4f0148d52544,clone5.wav,cái này em khuyên anh là nên qua xưởng dịch vụ kiểm kiểm tra chuyên sâu hơn chứ còn trên tổng đài bên em thì là chưa tư vấn cụ thể xem là chìa khóa của mình có vấn đề gì không hay là về vấn đề nguồn điện ở xe nên là cái này chắc là mình cứ qua xưởng dịch vụ gần nhất giúp em để các bạn hỗ trợ kiểm tra cho sẽ yên tâm hơn đấy ạ ừ ừ ừ dạ vâng nên được cân nhắc thì nó bị lỗi lỗi nên lỗi anh ạ dạ vâng nên anh có thể trong vòng xe là đã di chuyển rồi thì mình nên cân nhắc qua xưởng sớm giúp em để kiểm tra nhá ừ ừ ừ dạ vâng em cảm ơn dạ vâng chào anh ạ rồi,work,1,usable,user3,2026-05-25T07:46:24.233290+00:00,1,/kaggle/working/asr_quality_classifier/data/audio/data2/50005820251110203323_009_153595fa-64fb-4d5c-b337-4f0148d52544/clone5.wav,1,0,0.74,False Negative,0.26
user7,50005820251111195718_001_03ef6efa-77a4-45a7-aa14-abee4c210eb6/clone6.wav,50005820251111195718_001_03ef6efa-77a4-45a7-aa14-abee4c210eb6,clone6.wav,dạ nhỡ của chị gọi lên tổng đài vinfast của bên em mình cần em hỗ trợ về vấn đề gì ạ?,work,1,usable,user7,2026-05-26T03:39:43.459131+00:00,1,/kaggle/working/asr_quality_classifier/data/audio/data2/50005820251111195718_001_03ef6efa-77a4-45a7-aa14-abee4c210eb6/clone6.wav,1,0,0.74,False Negative,0.26
user4,50005820251111195718_002_8ec8361c-71c8-4fe4-8977-6ee37850d0ba/clone5.wav,50005820251111195718_002_8ec8361c-71c8-4fe4-8977-6ee37850d0ba,clone5.wav,vâng hiện tại đấy ạ thì hôm qua em có nhận được cái đường linh của vinfast về,work,1,usable,user4,2026-05-26T01:57:23.285648+00:00,1,/kaggle/working/asr_quality_classifier/data/audio/data2/50005820251111195718_002_8ec8361c-71c8-4fe4-8977-6ee37850d0ba/clone5.wav,1,0,0.74,False Negative,0.26
user1,50005820251111195718_002_8ec8361c-71c8-4fe4-8977-6ee37850d0ba/clone7.wav,50005820251111195718_002_8ec8361c-71c8-4fe4-8977-6ee37850d0ba,clone7.wav,vâng hiện tại đấy ạ thì hôm qua em có nhận được cái đường linh của vinfast về,work,1,usable,user1,2026-05-25T07:59:48.786274+00:00,1,/kaggle/working/asr_quality_classifier/data/audio/data2/50005820251111195718_002_8ec8361c-71c8-4fe4-8977-6ee37850d0ba/clone7.wav,1,0,0.74,False Negative,0.26
user3,50005820251112090229_005_55327837-7042-4dc1-8e56-7b6c1948be1a/clone6.wav,50005820251112090229_005_55327837-7042-4dc1-8e56-7b6c1948be1a,clone6.wav,"hiện tại là đơn em kiểm tra theo cái số điện thoại này, đơn của mình hiện tại là đang ở bên phía",work,1,usable,user3,2026-05-25T08:07:25.330775+00:00,1,/kaggle/working/asr_quality_classifier/data/audio/data2/50005820251112090229_005_55327837-7042-4dc1-8e56-7b6c1948be1a/clone6.wav,1,0,0.74,False Negative,0.26
user7,50006020251103122109_001_9932fdc5-b6bc-47e6-9839-0e1894d028e7/clone3.wav,50006020251103122109_001_9932fdc5-b6bc-47e6-9839-0e1894d028e7,clone3.wav,thế nếu mà mất thì nhiều thời gian không chị? nếu mà cứu về thời gian thì xưởng dịch vụ sẽ thông tin đến cho khách hàng ạ xe hiện tại bên em chưa có chính sách là xử lý tại chỗ,work,1,usable,user7,2026-05-25T07:30:27.556582+00:00,1,/kaggle/working/asr_quality_classifier/data/audio/data2/50006020251103122109_001_9932fdc5-b6bc-47e6-9839-0e1894d028e7/clone3.wav,1,0,0.74,False Negative,0.26
user5,50012420251107105833_001_ca5ee1a3-271f-410b-8c86-dce76e1a5c4e/clone7.wav,50012420251107105833_001_ca5ee1a3-271f-410b-8c86-dce76e1a5c4e,clone7.wav,"a-lô ạ, vâng em bên tổng đài vinfast anh ơi em thấy là mình có cuộc gọi nhỡ từ bên em ấy không biết là mình xử lý chưa?",work,1,usable,user5,2026-05-26T04:22:44.713135+00:00,1,/kaggle/working/asr_quality_classifier/data/audio/data2/50012420251107105833_001_ca5ee1a3-271f-410b-8c86-dce76e1a5c4e/clone7.wav,1,0,0.74,False Negative,0.26
user1,50012420251107105833_006_0e03e589-7c3c-434c-abd1-804791d729c8/clone4.wav,50012420251107105833_006_0e03e589-7c3c-434c-abd1-804791d729c8,clone4.wav,thành phố bắc ninh thì em kiểm tra là có cái địa chỉ là ở chỗ,work,1,usable,user1,2026-05-26T03:07:06.999878+00:00,1,/kaggle/working/asr_quality_classifier/data/audio/data2/50012420251107105833_006_0e03e589-7c3c-434c-abd1-804791d729c8/clone4.wav,1,0,0.74,False Negative,0.26
user3,50012420251107105833_009_7015832c-0244-41b3-8fbe-5a9a8f1a6524/clone2.wav,50012420251107105833_009_7015832c-0244-41b3-8fbe-5a9a8f1a6524,clone2.wav,"năm trăm năm mươi sáu cầu ngà hoặc hai trăm bảy mươi sáu trần hưng đạo à? vâng mình cứ mình cứ lên mình tìm địa chỉ ở vinfast xem mình đến đâu mình thì nó sẽ ra những cái cơ sở mình qua bên nào cũng được anh nhá à thế à? bên nào nhưng mà ví dụ như là như là đến đấy thì để để kiểm tra thôi gì? vâng nhưng mà mình cảm thấy nó ổn thì có phải đến không? vẫn phải đến anh ạ, vẫn phải đến để họ ghi lại cái lịch sử anh đi mang đi bảo dưỡng cho nó đúng các cái kỳ mốc sau là thế thế thì mới được bảo hành à? vâng ok ok",work,1,usable,user3,2026-05-26T03:24:38.470827+00:00,1,/kaggle/working/asr_quality_classifier/data/audio/data2/50012420251107105833_009_7015832c-0244-41b3-8fbe-5a9a8f1a6524/clone2.wav,1,0,0.74,False Negative,0.26
user5,50012420251107105833_009_7015832c-0244-41b3-8fbe-5a9a8f1a6524/clone7.wav,50012420251107105833_009_7015832c-0244-41b3-8fbe-5a9a8f1a6524,clone7.wav,"năm trăm năm mươi sáu cầu ngà hoặc hai trăm bảy mươi sáu trần hưng đạo à? vâng mình cứ mình cứ lên mình tìm địa chỉ ở vinfast xem mình đến đâu mình thì nó sẽ ra những cái cơ sở mình qua bên nào cũng được anh nhá à thế à? bên nào nhưng mà ví dụ như là như là đến đấy thì để để kiểm tra thôi gì? vâng nhưng mà mình cảm thấy nó ổn thì có phải đến không? vẫn phải đến anh ạ, vẫn phải đến để họ ghi lại cái lịch sử anh đi mang đi bảo dưỡng cho nó đúng các cái kỳ mốc sau là thế thế thì mới được bảo hành à? vâng ok ok",work,1,usable,user5,2026-05-25T08:04:06.806883+00:00,1,/kaggle/working/asr_quality_classifier/data/audio/data2/50012420251107105833_009_7015832c-0244-41b3-8fbe-5a9a8f1a6524/clone7.wav,1,0,0.74,False Negative,0.26
user5,50005820251107162922_002_e54f7803-21a7-411e-ac54-36a9eda0f002/clone4.wav,50005820251107162922_002_e54f7803-21a7-411e-ac54-36a9eda0f002,clone4.wav,"của của em á, nhưng mà bên mình kiểm tra thì nói là thiếu xuất xưởng ở",work,1,usable,user5,2026-05-25T08:44:35.878746+00:00,1,/kaggle/working/asr_quality_classifier/data/audio/data2/50005820251107162922_002_e54f7803-21a7-411e-ac54-36a9eda0f002/clone4.wav,1,0,0.74,False Negative,0.26
user4,50005820251107162922_006_2f7b2637-128d-4738-ae35-f504fdac902a/clone5.wav,50005820251107162922_006_2f7b2637-128d-4738-ae35-f504fdac902a,clone5.wav,dạ dạ dạ vâng bởi vì em thực sự là không muốn làm mất thời gian mình gọi lên mà vẫn chưa có phản hồi như vậy thì để em báo lại về phía bên bộ phận liên quan quản lý cấp cao của bên em các bạn ấy kiểm tra nhá,work,1,usable,user4,2026-05-25T05:25:57.172338+00:00,1,/kaggle/working/asr_quality_classifier/data/audio/data2/50005820251107162922_006_2f7b2637-128d-4738-ae35-f504fdac902a/clone5.wav,1,0,0.74,False Negative,0.26
user7,50005820251110203323_004_abbedad9-cdda-42c8-b89a-3fa82fd2df99/clone3.wav,50005820251110203323_004_abbedad9-cdda-42c8-b89a-3fa82fd2df99,clone3.wav,"thế là nhá, em mở mở ra thì lúc ấy không gọi được tổng đài nên gọi đồng chí xêu mà bán hàng nó bảo là thử lấy cái chìa khóa phụ cái chìa khóa khóa khóa cơ ấy vâng vâng thế là mở ra vâng mở ra thì mở mãi không ra được thế là",work,1,usable,user7,2026-05-25T07:24:06.108077+00:00,1,/kaggle/working/asr_quality_classifier/data/audio/data2/50005820251110203323_004_abbedad9-cdda-42c8-b89a-3fa82fd2df99/clone3.wav,1,0,0.74,False Negative,0.26
user4,50005820251110203323_004_abbedad9-cdda-42c8-b89a-3fa82fd2df99/clone4.wav,50005820251110203323_004_abbedad9-cdda-42c8-b89a-3fa82fd2df99,clone4.wav,"thế là nhá, em mở mở ra thì lúc ấy không gọi được tổng đài nên gọi đồng chí xêu mà bán hàng nó bảo là thử lấy cái chìa khóa phụ cái chìa khóa khóa khóa cơ ấy vâng vâng thế là mở ra vâng mở ra thì mở mãi không ra được thế là",work,1,usable,user4,2026-05-25T07:01:18.298773+00:00,1,/kaggle/working/asr_quality_classifier/data/audio/data2/50005820251110203323_004_abbedad9-cdda-42c8-b89a-3fa82fd2df99/clone4.wav,1,0,0.74,False Negative,0.26
user4,50012420251107083424_006_ff64cceb-abc1-4c57-b4ad-add871e9532f/clone6.wav,50012420251107083424_006_ff64cceb-abc1-4c57-b4ad-add871e9532f,clone6.wav,"đơn hàng của em, anh ạ",work,1,usable,user4,2026-05-25T08:35:35.581523+00:00,1,/kaggle/working/asr_quality_classifier/data/audio/data2/50012420251107083424_006_ff64cceb-abc1-4c57-b4ad-add871e9532f/clone6.wav,1,0,0.74,False Negative,0.26
user4,50012420251107083424_006_ff64cceb-abc1-4c57-b4ad-add871e9532f/clone7.wav,50012420251107083424_006_ff64cceb-abc1-4c57-b4ad-add871e9532f,clone7.wav,"đơn hàng của em, anh ạ",work,1,usable,user4,2026-05-25T08:35:35.581659+00:00,1,/kaggle/working/asr_quality_classifier/data/audio/data2/50012420251107083424_006_ff64cceb-abc1-4c57-b4ad-add871e9532f/clone7.wav,1,0,0.74,False Negative,0.26
user7,50012420251107083424_007_abbeb5c4-0604-4f1d-94f2-9066a64c3d11/clone1.wav,50012420251107083424_007_abbeb5c4-0604-4f1d-94f2-9066a64c3d11,clone1.wav,"cái trường hợp của mình ấy, cái đơn hàng bên em đã yêu cầu",work,1,usable,user7,2026-05-25T07:48:43.245455+00:00,1,/kaggle/working/asr_quality_classifier/data/audio/data2/50012420251107083424_007_abbeb5c4-0604-4f1d-94f2-9066a64c3d11/clone1.wav,1,0,0.74,False Negative,0.26
user3,50012420251107083424_007_abbeb5c4-0604-4f1d-94f2-9066a64c3d11/clone4.wav,50012420251107083424_007_abbeb5c4-0604-4f1d-94f2-9066a64c3d11,clone4.wav,"cái trường hợp của mình ấy, cái đơn hàng bên em đã yêu cầu",work,1,usable,user3,2026-05-26T04:18:41.188023+00:00,1,/kaggle/working/asr_quality_classifier/data/audio/data2/50012420251107083424_007_abbeb5c4-0604-4f1d-94f2-9066a64c3d11/clone4.wav,1,0,0.74,False Negative,0.26
user3,50012420251107101935_007_0abe8767-3c7f-4095-9314-a495366bec49/clone6.wav,50012420251107101935_007_0abe8767-3c7f-4095-9314-a495366bec49,clone6.wav,"mạc cửu luôn á? dạ, mạc cửu rạch giá",work,1,usable,user3,2026-05-26T03:14:33.766985+00:00,1,/kaggle/working/asr_quality_classifier/data/audio/data2/50012420251107101935_007_0abe8767-3c7f-4095-9314-a495366bec49/clone6.wav,1,0,0.74,False Negative,0.26
user3,50012420251107101935_008_374c6334-a8d5-4335-8620-1fb6ce94f6a1/clone7.wav,50012420251107101935_008_374c6334-a8d5-4335-8620-1fb6ce94f6a1,clone7.wav,thế địa chỉ cũ là ở đâu đấy?,work,1,usable,user3,2026-05-26T03:22:01.126775+00:00,1,/kaggle/working/asr_quality_classifier/data/audio/data2/50012420251107101935_008_374c6334-a8d5-4335-8620-1fb6ce94f6a1/clone7.wav,1,0,0.74,False Negative,0.26
user2,50012420251107101935_011_a42aafc6-a662-4314-9970-eb5a489b3620/clone4.wav,50012420251107101935_011_a42aafc6-a662-4314-9970-eb5a489b3620,clone4.wav,"vĩnh quang đúng không? dạ đúng rồi, vĩnh quang",work,1,usable,user2,2026-05-25T04:55:12.058322+00:00,1,/kaggle/working/asr_quality_classifier/data/audio/data2/50012420251107101935_011_a42aafc6-a662-4314-9970-eb5a489b3620/clone4.wav,1,0,0.74,False Negative,0.26
user6,50012420251107101935_011_a42aafc6-a662-4314-9970-eb5a489b3620/clone8.wav,50012420251107101935_011_a42aafc6-a662-4314-9970-eb5a489b3620,clone8.wav,"vĩnh quang đúng không? dạ đúng rồi, vĩnh quang",work,1,usable,user6,2026-05-26T02:59:20.395860+00:00,1,/kaggle/working/asr_quality_classifier/data/audio/data2/50012420251107101935_011_a42aafc6-a662-4314-9970-eb5a489b3620/clone8.wav,1,0,0.74,False Negative,0.26
user4,50012120251107172800_004_41923f53-50d6-446c-9504-37eea076cc5b/clone2.wav,50012120251107172800_004_41923f53-50d6-446c-9504-37eea076cc5b,clone2.wav,tức là mình đặt đơn nhưng mà bị hủy á hay là sao? mình đặt đơn rồi đặt đặt cọc hai triệu rồi mà giờ lại đi là nói bị hủy đơn hàng của chị bị hủy á chị phải điện lên điện lên tổng đài để hỏi á mà giờ chị ờ cái này chị vui lòng liên hệ tổng đài bằng đúng số điện thoại chính chủ giúp em nhá để bên em hỗ trợ kiểm tra đơn hàng cho ạ thì giờ chị điện mà ráng chị không có số của tổng đài á ráng chị có biết à? tổng đài là một tỷ chín trăm triệu hai trăm ba mươi hai nghìn ba trăm tám mươi chín bấm số nhất nhánh số hai giúp em nhá một mấy? một tỷ chín trăm triệu hai trăm ba mươi hai nghìn ba trăm tám mươi chín bấm phím số nhất chị ạ hai trăm hai trăm hai trăm ba mươi hai nghìn ba trăm tám mươi chín,work,1,usable,user4,2026-05-25T08:31:42.914606+00:00,1,/kaggle/working/asr_quality_classifier/data/audio/data2/50012120251107172800_004_41923f53-50d6-446c-9504-37eea076cc5b/clone2.wav,1,0,0.74,False Negative,0.26
user2,50012120251107191618_002_1dc58c1d-fea6-4551-b10d-d9cc0cc10fce/clone5.wav,50012120251107191618_002_1dc58c1d-fea6-4551-b10d-d9cc0cc10fce,clone5.wav,"ừ, ờ tức là mình anh anh tự đặt lịch thế hả? cái đó mình cũng có thể đặt lịch ở trên áp anh ạ đặt lịch đưa xe qua xưởng dịch vụ kiểm tra giúp em nhá",work,1,usable,user2,2026-05-25T09:05:29.878630+00:00,1,/kaggle/working/asr_quality_classifier/data/audio/data2/50012120251107191618_002_1dc58c1d-fea6-4551-b10d-d9cc0cc10fce/clone5.wav,1,0,0.74,False Negative,0.26
user6,50012120251110111813_000_c33809e3-d955-4c65-955c-2134a0ee7a9b/clone2.wav,50012120251110111813_000_c33809e3-d955-4c65-955c-2134a0ee7a9b,clone2.wav,a-lô dạ a-lô dạ anh anh liên hệ cho mình tổng đài vinfast em thấy mình có cuộc gọi nhỡ liên hệ lại ạ dạ đúng rồi ạ,work,1,usable,user6,2026-05-25T07:15:39.379174+00:00,1,/kaggle/working/asr_quality_classifier/data/audio/data2/50012120251110111813_000_c33809e3-d955-4c65-955c-2134a0ee7a9b/clone2.wav,1,0,0.74,False Negative,0.26
user6,50012120251110111813_011_f43d5734-1388-426d-b5ff-c6ce4ee05256/clone7.wav,50012120251110111813_011_f43d5734-1388-426d-b5ff-c6ce4ee05256,clone7.wav,"thôn yên thành, thôn diên lạc đó",work,1,usable,user6,2026-05-25T05:27:44.270872+00:00,1,/kaggle/working/asr_quality_classifier/data/audio/data2/50012120251110111813_011_f43d5734-1388-426d-b5ff-c6ce4ee05256/clone7.wav,1,0,0.74,False Negative,0.26
user6,50012420251102092630_001_0a0622e2-7a05-4799-8f04-4a7512977c67/clone1.wav,50012420251102092630_001_0a0622e2-7a05-4799-8f04-4a7512977c67,clone1.wav,xe của mình đang bị làm sao đấy anh?,work,1,usable,user6,2026-05-25T08:05:06.932392+00:00,1,/kaggle/working/asr_quality_classifier/data/audio/data2/50012420251102092630_001_0a0622e2-7a05-4799-8f04-4a7512977c67/clone1.wav,1,0,0.74,False Negative,0.26
user6,50012420251102092630_001_0a0622e2-7a05-4799-8f04-4a7512977c67/clone4.wav,50012420251102092630_001_0a0622e2-7a05-4799-8f04-4a7512977c67,clone4.wav,xe của mình đang bị làm sao đấy anh?,work,1,usable,user6,2026-05-25T08:05:06.932532+00:00,1,/kaggle/working/asr_quality_classifier/data/audio/data2/50012420251102092630_001_0a0622e2-7a05-4799-8f04-4a7512977c67/clone4.wav,1,0,0.74,False Negative,0.26
user2,50012420251102092630_011_b1619960-7940-4316-9603-fc5e4d1b4572/clone4.wav,50012420251102092630_011_b1619960-7940-4316-9603-fc5e4d1b4572,clone4.wav,hình như là tám tám vạn bốn anh ạ tám vạn bốn em báo về bên vinfast ở sờ-mát xi-ti để họ sửa cho anh luôn nhá vâng vâng vâng vâng bên em tư vấn về chính sách cũ trước bên em sẽ hỗ trợ miễn phí kéo xe về xưởng dịch vụ gần nhất trong thời gian xe của anh đang bảo hành trừ một số trường hợp sau như sau: xe có tủ các của hàng được triệu hồi của vinfast xe bị thay đổi kết cấu ngoại hình cho phép xe sử dụng sai mục đích hoặc là cố lái xe trong điều kiện khắc nghiệt đấy vâng vâng vâng vâng vâng vâng,work,1,usable,user2,2026-05-25T05:03:23.757641+00:00,1,/kaggle/working/asr_quality_classifier/data/audio/data2/50012420251102092630_011_b1619960-7940-4316-9603-fc5e4d1b4572/clone4.wav,1,0,0.74,False Negative,0.26
user4,50012420251107083424_005_080d6338-26cf-45c9-bbab-3e59b6ca732f/clone6.wav,50012420251107083424_005_080d6338-26cf-45c9-bbab-3e59b6ca732f,clone6.wav,mà cửa hàng đấy vẫn chưa nhận được,work,1,usable,user4,2026-05-26T05:17:49.424618+00:00,1,/kaggle/working/asr_quality_classifier/data/audio/data2/50012420251107083424_005_080d6338-26cf-45c9-bbab-3e59b6ca732f/clone6.wav,1,0,0.74,False Negative,0.26
user2,50012520251105145908_005_38d16834-b083-40ad-ad32-2374686305fe/clone4.wav,50012520251105145908_005_38d16834-b083-40ad-ad32-2374686305fe,clone4.wav,"ờ, cái này thì bên em bây giờ mới nhận được thông tin bên em sẽ gửi lại cho bên phía đại lý ngay đây thì các bạn ấy chắc là bạn tư vấn bán hàng cũng sẽ liên hệ lại với mình ạ dạ ừm",work,1,usable,user2,2026-05-25T08:52:45.379194+00:00,1,/kaggle/working/asr_quality_classifier/data/audio/data2/50012520251105145908_005_38d16834-b083-40ad-ad32-2374686305fe/clone4.wav,1,0,0.74,False Negative,0.26
user2,50012520251111165854_003_e01eb4c3-2277-4ec6-9b5a-192bb4ea485d/clone3.wav,50012520251111165854_003_e01eb4c3-2277-4ec6-9b5a-192bb4ea485d,clone3.wav,chưa có bất kỳ thông tin gì cả anh?,work,1,usable,user2,2026-05-25T09:02:05.547033+00:00,1,/kaggle/working/asr_quality_classifier/data/audio/data2/50012520251111165854_003_e01eb4c3-2277-4ec6-9b5a-192bb4ea485d/clone3.wav,1,0,0.74,False Negative,0.26
user1,50012520251111165854_008_6d0ac941-78f3-46e3-a615-1119c1e4ee0d/clone7.wav,50012520251111165854_008_6d0ac941-78f3-46e3-a615-1119c1e4ee0d,clone7.wav,"ừm, nó vấn đề bên bên bên nhà máy á, tức là nó không có một cái gì cụ thể hết là biết là khi nào mà mà xe bắt đầu vận chuyển đi hết cứ hỏi tới là cứ hẹn hò này này ki-a đồ cứ không biết nguyên nhân bị cái gì luôn dạ vâng, thế cái này thì em làm việc với bên",work,1,usable,user1,2026-05-26T04:25:58.626021+00:00,1,/kaggle/working/asr_quality_classifier/data/audio/data2/50012520251111165854_008_6d0ac941-78f3-46e3-a615-1119c1e4ee0d/clone7.wav,1,0,0.74,False Negative,0.26
user4,50012720251107180705_000_72d47ce4-2797-40c5-a128-4b22dde156c2/clone5.wav,50012720251107180705_000_72d47ce4-2797-40c5-a128-4b22dde156c2,clone5.wav,"alô dạ vâng, em gọi lại từ tổng đài vinfast",work,1,usable,user4,2026-05-25T06:50:54.732687+00:00,1,/kaggle/working/asr_quality_classifier/data/audio/data2/50012720251107180705_000_72d47ce4-2797-40c5-a128-4b22dde156c2/clone5.wav,1,0,0.74,False Negative,0.26
user6,50012720251107180705_010_e65d1d61-047c-40e7-8471-75c91d10d264/clone6.wav,50012720251107180705_010_e65d1d61-047c-40e7-8471-75c91d10d264,clone6.wav,"mỹ lợi, thủ đức đúng không anh? đúng rồi",work,1,usable,user6,2026-05-26T04:12:49.204027+00:00,1,/kaggle/working/asr_quality_classifier/data/audio/data2/50012720251107180705_010_e65d1d61-047c-40e7-8471-75c91d10d264/clone6.wav,1,0,0.74,False Negative,0.26
user1,50012720251107180705_010_e65d1d61-047c-40e7-8471-75c91d10d264/clone7.wav,50012720251107180705_010_e65d1d61-047c-40e7-8471-75c91d10d264,clone7.wav,"mỹ lợi, thủ đức đúng không anh? đúng rồi",work,1,usable,user1,2026-05-25T09:32:36.325019+00:00,1,/kaggle/working/asr_quality_classifier/data/audio/data2/50012720251107180705_010_e65d1d61-047c-40e7-8471-75c91d10d264/clone7.wav,1,0,0.74,False Negative,0.26
user4,50012720251107180705_011_25b503f0-9849-4628-bb80-06bb8611fef9/clone6.wav,50012720251107180705_011_25b503f0-9849-4628-bb80-06bb8611fef9,clone6.wav,"vâng, em xin phép xác nhận là địa chỉ của thạnh mỹ lợi, thủ đức, thành phố hồ chí minh anh nhá đúng rồi dạ vâng, em xin phép gọi điện qua phía xưởng dịch vụ gần nhất để các bạn ấy hỗ trợ mình để ý điện thoại giúp em ạ còn nếu trong trường hợp là quá ba mươi phút mình vẫn chưa được xưởng dịch vụ nào liên hệ thì mình gọi lại tổng đài chăm sóc cho em nhá để bên em kiểm tra lại thông tin và tiến độ xử lý rồi rồi em cảm ơn anh nhiều dạ vâng ạ em chào anh ừ",work,1,usable,user4,2026-05-25T05:20:48.868156+00:00,1,/kaggle/working/asr_quality_classifier/data/audio/data2/50012720251107180705_011_25b503f0-9849-4628-bb80-06bb8611fef9/clone6.wav,1,0,0.74,False Negative,0.26
user2,50012720251108155445_001_f5c12c41-b417-4c3a-a81c-edf23602f4c3/clone8.wav,50012720251108155445_001_f5c12c41-b417-4c3a-a81c-edf23602f4c3,clone8.wav,"biển đằng trước cũng hai mươi tám nghìn chín trăm tám mươi sáu à không ạ, ý là cái đầu số ạ, biển tỉnh ạ, tỉnh gì ạ? 37k ạ 37k em thấy là tọa độ thì đang ở trên đường cao tốc quốc lộ bốn mươi lăm nghi sơn thì em gọi điện qua bên phía xưởng dịch vụ thanh hóa để các bạn hỗ trợ rồi chị nhá dạ dạ ạ dạ vâng ạ, thì có thông tin thì chị cứ gọi lên tổng đài giúp em bằng số này nhá để bên em liên hệ dạ vâng ạ dạ em chào chị",work,1,usable,user2,2026-05-25T08:42:56.265615+00:00,1,/kaggle/working/asr_quality_classifier/data/audio/data2/50012720251108155445_001_f5c12c41-b417-4c3a-a81c-edf23602f4c3/clone8.wav,1,0,0.74,False Negative,0.26
user1,50012420251112183451_010_1aec6356-c1c5-4c3c-8c45-22a28cd2525d/clone1.wav,50012420251112183451_010_1aec6356-c1c5-4c3c-8c45-22a28cd2525d,clone1.wav,"thì anh cũng quên chưa hỏi là à à thu ở khoản nào, thu cái gì? à à vâng vâng thế thì mình hỏi lại rõ ràng cái vấn đề đấy ạ thì bên em có cơ sở để bên em làm việc với với cả bên họ",work,1,usable,user1,2026-05-26T03:17:04.476103+00:00,1,/kaggle/working/asr_quality_classifier/data/audio/data2/50012420251112183451_010_1aec6356-c1c5-4c3c-8c45-22a28cd2525d/clone1.wav,1,0,0.74,False Negative,0.26
user1,50012420251112183451_010_1aec6356-c1c5-4c3c-8c45-22a28cd2525d/clone2.wav,50012420251112183451_010_1aec6356-c1c5-4c3c-8c45-22a28cd2525d,clone2.wav,"thì anh cũng quên chưa hỏi là à à thu ở khoản nào, thu cái gì? à à vâng vâng thế thì mình hỏi lại rõ ràng cái vấn đề đấy ạ thì bên em có cơ sở để bên em làm việc với với cả bên họ",work,1,usable,user1,2026-05-25T08:40:22.882629+00:00,1,/kaggle/working/asr_quality_classifier/data/audio/data2/50012420251112183451_010_1aec6356-c1c5-4c3c-8c45-22a28cd2525d/clone2.wav,1,0,0.74,False Negative,0.26
user3,50012420251112183451_010_1aec6356-c1c5-4c3c-8c45-22a28cd2525d/clone8.wav,50012420251112183451_010_1aec6356-c1c5-4c3c-8c45-22a28cd2525d,clone8.wav,"thì anh cũng quên chưa hỏi là à à thu ở khoản nào, thu cái gì? à à vâng vâng thế thì mình hỏi lại rõ ràng cái vấn đề đấy ạ thì bên em có cơ sở để bên em làm việc với với cả bên họ",work,1,usable,user3,2026-05-25T07:15:52.061765+00:00,1,/kaggle/working/asr_quality_classifier/data/audio/data2/50012420251112183451_010_1aec6356-c1c5-4c3c-8c45-22a28cd2525d/clone8.wav,1,0,0.74,False Negative,0.26
user4,50012520251103161514_008_10bf677c-7c5b-4e6e-8361-3b5f1434ef65/clone2.wav,50012520251103161514_008_10bf677c-7c5b-4e6e-8361-3b5f1434ef65,clone2.wav,"em rất là xin lỗi anh nhá em sẽ làm rõ lại ngay vâng vâng, có thông tin em sẽ báo lại bên mình ạ em cảm ơn anh ạ dạ",work,1,usable,user4,2026-05-25T08:35:17.923820+00:00,1,/kaggle/working/asr_quality_classifier/data/audio/data2/50012520251103161514_008_10bf677c-7c5b-4e6e-8361-3b5f1434ef65/clone2.wav,1,0,0.74,False Negative,0.26
user3,50012520251103161514_008_10bf677c-7c5b-4e6e-8361-3b5f1434ef65/clone6.wav,50012520251103161514_008_10bf677c-7c5b-4e6e-8361-3b5f1434ef65,clone6.wav,"em rất là xin lỗi anh nhá em sẽ làm rõ lại ngay vâng vâng, có thông tin em sẽ báo lại bên mình ạ em cảm ơn anh ạ dạ",work,1,usable,user3,2026-05-25T07:32:47.747867+00:00,1,/kaggle/working/asr_quality_classifier/data/audio/data2/50012520251103161514_008_10bf677c-7c5b-4e6e-8361-3b5f1434ef65/clone6.wav,1,0,0.74,False Negative,0.26
user5,50012520251105115752_000_b3b7e1b6-7f1f-442b-b7be-fa4dc2c4491b/clone5.wav,50012520251105115752_000_b3b7e1b6-7f1f-442b-b7be-fa4dc2c4491b,clone5.wav,dạ a-lô vâng anh trai anh phú anh là có nghê em nói chuyện từ bên phía phòng chăm sóc khách hàng ý phát đấy ạ à dạ vâng anh có liên quan đến cái trường hợp xe vê ép ba nhà mình anh phú em thấy anh bảo là hiện tại bên phía đại lý các bạn ấy chưa hẹn lại với mình liên quan đến cái vấn đề phụ tùng này dạ đúng rồi bộ bộ nguồn đúng ạ dạ đúng em chỉ biết bộ nguồn thôi dạ vâng vâng bộ nguồn dạ vâng cái trường hợp này anh chờ em một chút nhá và cái số điện thoại của anh phú em đang gọi có phải số điện thoại anh mình mua xe không anh? dạ số mua xe em số khác số của vợ em vâng tại vì em có kiểm tra lại em muốn xin thêm về cái phần thông tin số khung nhà mình ấy thì anh đọc giúp em số khung vâng anh đọc giúp em cái số điện thoại mà mình mua xe nhá à tám trăm chín mươi chín rồi ạ tám trăm bảy mươi ba rồi ạ năm trăm chín mươi lăm,work,1,usable,user5,2026-05-25T07:02:10.565702+00:00,1,/kaggle/working/asr_quality_classifier/data/audio/data2/50012520251105115752_000_b3b7e1b6-7f1f-442b-b7be-fa4dc2c4491b/clone5.wav,1,0,0.74,False Negative,0.26
user3,50012520251105115752_000_b3b7e1b6-7f1f-442b-b7be-fa4dc2c4491b/clone8.wav,50012520251105115752_000_b3b7e1b6-7f1f-442b-b7be-fa4dc2c4491b,clone8.wav,dạ a-lô vâng anh trai anh phú anh là có nghê em nói chuyện từ bên phía phòng chăm sóc khách hàng ý phát đấy ạ à dạ vâng anh có liên quan đến cái trường hợp xe vê ép ba nhà mình anh phú em thấy anh bảo là hiện tại bên phía đại lý các bạn ấy chưa hẹn lại với mình liên quan đến cái vấn đề phụ tùng này dạ đúng rồi bộ bộ nguồn đúng ạ dạ đúng em chỉ biết bộ nguồn thôi dạ vâng vâng bộ nguồn dạ vâng cái trường hợp này anh chờ em một chút nhá và cái số điện thoại của anh phú em đang gọi có phải số điện thoại anh mình mua xe không anh? dạ số mua xe em số khác số của vợ em vâng tại vì em có kiểm tra lại em muốn xin thêm về cái phần thông tin số khung nhà mình ấy thì anh đọc giúp em số khung vâng anh đọc giúp em cái số điện thoại mà mình mua xe nhá à tám trăm chín mươi chín rồi ạ tám trăm bảy mươi ba rồi ạ năm trăm chín mươi lăm,work,1,usable,user3,2026-05-25T05:17:13.502244+00:00,1,/kaggle/working/asr_quality_classifier/data/audio/data2/50012520251105115752_000_b3b7e1b6-7f1f-442b-b7be-fa4dc2c4491b/clone8.wav,1,0,0.74,False Negative,0.26
user3,50012520251105145908_004_e4ddb733-97f4-40fa-a186-2e4389c63a34/clone3.wav,50012520251105145908_004_e4ddb733-97f4-40fa-a186-2e4389c63a34,clone3.wav,"không, nhưng mà kiểu chờ trong bao lâu ấy?",work,1,usable,user3,2026-05-25T07:13:49.828034+00:00,1,/kaggle/working/asr_quality_classifier/data/audio/data2/50012520251105145908_004_e4ddb733-97f4-40fa-a186-2e4389c63a34/clone3.wav,1,0,0.74,False Negative,0.26
user4,50006020251108210343_002_5aa90cee-803f-4320-8d55-d9b57152a10f/clone8.wav,50006020251108210343_002_5aa90cee-803f-4320-8d55-d9b57152a10f,clone8.wav,"đấy là là là lúc lúc chiều hình như có người bên hyun-đai ninh bình gọi ra anh anh gọi lại ấy vâng, dạ em thấy là cái đây khoảng tầm hai phút trước có thấy một bạn ấy có liên hệ với anh về vấn đề xin lỗi về thời gian bàn giao xe ạ và xác nhận xem là tư vấn bán hàng đã liên hệ với anh chưa để vấn đề hỗ trợ được chưa anh? à, tức là xe cũng tư vấn à bảo là xe đã về đến vĩnh khang rồi",work,1,usable,user4,2026-05-25T07:50:13.191744+00:00,1,/kaggle/working/asr_quality_classifier/data/audio/data2/50006020251108210343_002_5aa90cee-803f-4320-8d55-d9b57152a10f/clone8.wav,1,0,0.74,False Negative,0.26
user2,50012420251112183305_004_72b755fb-2da7-40da-979d-fd37d69b242f/clone1.wav,50012420251112183305_004_72b755fb-2da7-40da-979d-fd37d69b242f,clone1.wav,anh ghi lại số này để em đọc số cho,work,1,usable,user2,2026-05-25T09:05:14.826789+00:00,1,/kaggle/working/asr_quality_classifier/data/audio/data2/50012420251112183305_004_72b755fb-2da7-40da-979d-fd37d69b242f/clone1.wav,1,0,0.74,False Negative,0.26
user3,50012420251112183305_010_15dde1d2-8e56-4a19-abce-f7a3f8052ab2/clone5.wav,50012420251112183305_010_15dde1d2-8e56-4a19-abce-f7a3f8052ab2,clone5.wav,dạ rồi bảy trăm lẻ chín,work,1,usable,user3,2026-05-26T03:49:54.086076+00:00,1,/kaggle/working/asr_quality_classifier/data/audio/data2/50012420251112183305_010_15dde1d2-8e56-4a19-abce-f7a3f8052ab2/clone5.wav,1,0,0.74,False Negative,0.26
user4,50012420251112183451_003_751e87df-15c0-4bcb-8f21-7fc96f7b622c/clone3.wav,50012420251112183451_003_751e87df-15c0-4bcb-8f21-7fc96f7b622c,clone3.wav,thu cao hơn so với mức quy định thì anh cũng không biết là thu thì các bạn thu cũng bình thường mà,work,1,usable,user4,2026-05-25T09:04:38.011792+00:00,1,/kaggle/working/asr_quality_classifier/data/audio/data2/50012420251112183451_003_751e87df-15c0-4bcb-8f21-7fc96f7b622c/clone3.wav,1,0,0.74,False Negative,0.26
user1,50012420251112183451_003_751e87df-15c0-4bcb-8f21-7fc96f7b622c/clone8.wav,50012420251112183451_003_751e87df-15c0-4bcb-8f21-7fc96f7b622c,clone8.wav,thu cao hơn so với mức quy định thì anh cũng không biết là thu thì các bạn thu cũng bình thường mà,work,1,usable,user1,2026-05-25T09:47:43.716445+00:00,1,/kaggle/working/asr_quality_classifier/data/audio/data2/50012420251112183451_003_751e87df-15c0-4bcb-8f21-7fc96f7b622c/clone8.wav,1,0,0.74,False Negative,0.26
user1,50012420251112183451_004_ebe4ef74-4859-45f3-bf1f-666027b749eb/clone2.wav,50012420251112183451_004_ebe4ef74-4859-45f3-bf1f-666027b749eb,clone2.wav,tức là hiện tại là mình xử lý được rồi đúng không ạ? nhưng mà mình đang thắc mắc thôi đúng không ạ?,work,1,usable,user1,2026-05-26T03:56:34.345327+00:00,1,/kaggle/working/asr_quality_classifier/data/audio/data2/50012420251112183451_004_ebe4ef74-4859-45f3-bf1f-666027b749eb/clone2.wav,1,0,0.74,False Negative,0.26
user2,50012420251112183451_008_ca59e8d7-6ff7-4ede-b5b3-ec707f780b01/clone2.wav,50012420251112183451_008_ca59e8d7-6ff7-4ede-b5b3-ec707f780b01,clone2.wav,ô tức là anh là xe vê ép sáu anh bảo dưỡng ở xưởng vinfast ở phú thụy thì anh thấy ở bên đấy gọi cho anh là thông báo là bên xưởng thu thu phí dịch vụ hay gì đó,work,1,usable,user2,2026-05-25T08:39:33.309108+00:00,1,/kaggle/working/asr_quality_classifier/data/audio/data2/50012420251112183451_008_ca59e8d7-6ff7-4ede-b5b3-ec707f780b01/clone2.wav,1,0,0.74,False Negative,0.26
user5,50012420251112183451_008_ca59e8d7-6ff7-4ede-b5b3-ec707f780b01/clone4.wav,50012420251112183451_008_ca59e8d7-6ff7-4ede-b5b3-ec707f780b01,clone4.wav,ô tức là anh là xe vê ép sáu anh bảo dưỡng ở xưởng vinfast ở phú thụy thì anh thấy ở bên đấy gọi cho anh là thông báo là bên xưởng thu thu phí dịch vụ hay gì đó,work,1,usable,user5,2026-05-26T04:43:37.081465+00:00,1,/kaggle/working/asr_quality_classifier/data/audio/data2/50012420251112183451_008_ca59e8d7-6ff7-4ede-b5b3-ec707f780b01/clone4.wav,1,0,0.74,False Negative,0.26
user2,50006020251103122109_001_9932fdc5-b6bc-47e6-9839-0e1894d028e7/clone4.wav,50006020251103122109_001_9932fdc5-b6bc-47e6-9839-0e1894d028e7,clone4.wav,thế nếu mà mất thì nhiều thời gian không chị? nếu mà cứu về thời gian thì xưởng dịch vụ sẽ thông tin đến cho khách hàng ạ xe hiện tại bên em chưa có chính sách là xử lý tại chỗ,work,1,usable,user2,2026-05-25T08:29:09.902199+00:00,1,/kaggle/working/asr_quality_classifier/data/audio/data2/50006020251103122109_001_9932fdc5-b6bc-47e6-9839-0e1894d028e7/clone4.wav,1,0,0.74,False Negative,0.26
user6,50006020251103122109_001_9932fdc5-b6bc-47e6-9839-0e1894d028e7/clone8.wav,50006020251103122109_001_9932fdc5-b6bc-47e6-9839-0e1894d028e7,clone8.wav,thế nếu mà mất thì nhiều thời gian không chị? nếu mà cứu về thời gian thì xưởng dịch vụ sẽ thông tin đến cho khách hàng ạ xe hiện tại bên em chưa có chính sách là xử lý tại chỗ,work,1,usable,user6,2026-05-25T08:53:43.858204+00:00,1,/kaggle/working/asr_quality_classifier/data/audio/data2/50006020251103122109_001_9932fdc5-b6bc-47e6-9839-0e1894d028e7/clone8.wav,1,0,0.74,False Negative,0.26
user7,50006020251103122109_002_93719600-fbae-49e8-afee-dee0ddef5b3b/clone5.wav,50006020251103122109_002_93719600-fbae-49e8-afee-dee0ddef5b3b,clone5.wav,"à thế bây giờ nếu mà em mang sang xưởng dịch vụ thì em tự ra đến đấy thì sao? qua đến nếu mà xe anh đi được thì anh qua nhưng mà phải chờ xử lý anh ạ, chứ chưa có thể xử lý được ngay vì xử lý theo lần lượt ạ",work,1,usable,user7,2026-05-25T08:24:28.169659+00:00,1,/kaggle/working/asr_quality_classifier/data/audio/data2/50006020251103122109_002_93719600-fbae-49e8-afee-dee0ddef5b3b/clone5.wav,1,0,0.74,False Negative,0.26
user3,50006020251103122109_004_27bc97e6-9495-4048-827d-c0fd6ed25109/clone2.wav,50006020251103122109_004_27bc97e6-9495-4048-827d-c0fd6ed25109,clone2.wav,em bây giờ em đang bơm chắc là cố lết được đến đấy,work,1,usable,user3,2026-05-25T07:12:35.832496+00:00,1,/kaggle/working/asr_quality_classifier/data/audio/data2/50006020251103122109_004_27bc97e6-9495-4048-827d-c0fd6ed25109/clone2.wav,1,0,0.74,False Negative,0.26
user3,50006020251105095442_001_6cce9380-3260-43ee-a1bc-c82dad958ffd/clone8.wav,50006020251105095442_001_6cce9380-3260-43ee-a1bc-c82dad958ffd,clone8.wav,anh đọc đi chị chỉ i-meo cho em đấy ạ mành vip sáu trăm ba mươi sáu a còng gi-mêucom,work,1,usable,user3,2026-05-26T03:05:52.278599+00:00,1,/kaggle/working/asr_quality_classifier/data/audio/data2/50006020251105095442_001_6cce9380-3260-43ee-a1bc-c82dad958ffd/clone8.wav,1,0,0.74,False Negative,0.26
user7,50006020251106110502_001_0534b289-84d6-4b89-abba-5ad4c97cbdf2/clone1.wav,50006020251106110502_001_0534b289-84d6-4b89-abba-5ad4c97cbdf2,clone1.wav,"ờ em thấy mình có tạo yêu cầu hỗ trợ anh, em thấy mình có một bạn nam bên vừa có tiếp nhận đến cho mình rồi ấy ạ đúng rồi, chính xác dạ vâng, cái trường hợp này thì bạn ấy đang có báo với cả đơn vị ở xưởng dịch vụ rồi ạ, thì mình vui lòng chờ thêm đơn vị sẽ có liên hệ với anh trong vòng mười đến mười lăm phút nữa anh nhá ừm nhưng mà có nót cho mình cái yêu cầu là dán khắc phục cho nó hoàn chỉnh chứ bị hết ba lần lỗi mình không có thời gian để mình cứ đi tới đi lui rồi mình mệt lắm dạ vâng, về trường hợp mà xe bị lỗi lần thứ ba này thì ờ về vấn đề xử lý thì khi về xưởng dịch vụ bạn ấy sẽ có cho và xác nhận đến cho mình còn vấn đề mà phản ánh chất lượng sản phẩm về xe thì bên em sẽ đưa cho bộ phận liên quan để ờ làm việc lại không, mình không có cần đánh giá chất lượng mình chỉ cần yêu cầu là bên đó kiểm tra kỹ trước khi giao cho khách để khách sử dụng một thời gian ngắn rồi nó lại bị nữa thì nó lại phiền phức hai bên nữa dạ vâng mình chỉ muốn ờ chỉ cần yêu cầu nhấn mạnh cái phần đó là được rồi dạ vâng, thế anh vui lòng chờ ý là có sửa gì mình không cần biết nhưng mà sửa sao mà ờ để cho khách có yêu cầu để khách sử dụng chứ đâu phải khách cứ ăn cả ngày cứ đi điện lên trên trên trên công ty để phản ánh đâu cho mệt đâu đó mình chỉ sợ vậy thôi, phải không?",work,1,usable,user7,2026-05-26T02:59:21.660166+00:00,1,/kaggle/working/asr_quality_classifier/data/audio/data2/50006020251106110502_001_0534b289-84d6-4b89-abba-5ad4c97cbdf2/clone1.wav,1,0,0.74,False Negative,0.26
user5,50006020251106110502_001_0534b289-84d6-4b89-abba-5ad4c97cbdf2/clone2.wav,50006020251106110502_001_0534b289-84d6-4b89-abba-5ad4c97cbdf2,clone2.wav,"ờ em thấy mình có tạo yêu cầu hỗ trợ anh, em thấy mình có một bạn nam bên vừa có tiếp nhận đến cho mình rồi ấy ạ đúng rồi, chính xác dạ vâng, cái trường hợp này thì bạn ấy đang có báo với cả đơn vị ở xưởng dịch vụ rồi ạ, thì mình vui lòng chờ thêm đơn vị sẽ có liên hệ với anh trong vòng mười đến mười lăm phút nữa anh nhá ừm nhưng mà có nót cho mình cái yêu cầu là dán khắc phục cho nó hoàn chỉnh chứ bị hết ba lần lỗi mình không có thời gian để mình cứ đi tới đi lui rồi mình mệt lắm dạ vâng, về trường hợp mà xe bị lỗi lần thứ ba này thì ờ về vấn đề xử lý thì khi về xưởng dịch vụ bạn ấy sẽ có cho và xác nhận đến cho mình còn vấn đề mà phản ánh chất lượng sản phẩm về xe thì bên em sẽ đưa cho bộ phận liên quan để ờ làm việc lại không, mình không có cần đánh giá chất lượng mình chỉ cần yêu cầu là bên đó kiểm tra kỹ trước khi giao cho khách để khách sử dụng một thời gian ngắn rồi nó lại bị nữa thì nó lại phiền phức hai bên nữa dạ vâng mình chỉ muốn ờ chỉ cần yêu cầu nhấn mạnh cái phần đó là được rồi dạ vâng, thế anh vui lòng chờ ý là có sửa gì mình không cần biết nhưng mà sửa sao mà ờ để cho khách có yêu cầu để khách sử dụng chứ đâu phải khách cứ ăn cả ngày cứ đi điện lên trên trên trên công ty để phản ánh đâu cho mệt đâu đó mình chỉ sợ vậy thôi, phải không?",work,1,usable,user5,2026-05-26T03:27:05.880573+00:00,1,/kaggle/working/asr_quality_classifier/data/audio/data2/50006020251106110502_001_0534b289-84d6-4b89-abba-5ad4c97cbdf2/clone2.wav,1,0,0.74,False Negative,0.26
user6,50006020251106110502_001_0534b289-84d6-4b89-abba-5ad4c97cbdf2/clone7.wav,50006020251106110502_001_0534b289-84d6-4b89-abba-5ad4c97cbdf2,clone7.wav,"ờ em thấy mình có tạo yêu cầu hỗ trợ anh, em thấy mình có một bạn nam bên vừa có tiếp nhận đến cho mình rồi ấy ạ đúng rồi, chính xác dạ vâng, cái trường hợp này thì bạn ấy đang có báo với cả đơn vị ở xưởng dịch vụ rồi ạ, thì mình vui lòng chờ thêm đơn vị sẽ có liên hệ với anh trong vòng mười đến mười lăm phút nữa anh nhá ừm nhưng mà có nót cho mình cái yêu cầu là dán khắc phục cho nó hoàn chỉnh chứ bị hết ba lần lỗi mình không có thời gian để mình cứ đi tới đi lui rồi mình mệt lắm dạ vâng, về trường hợp mà xe bị lỗi lần thứ ba này thì ờ về vấn đề xử lý thì khi về xưởng dịch vụ bạn ấy sẽ có cho và xác nhận đến cho mình còn vấn đề mà phản ánh chất lượng sản phẩm về xe thì bên em sẽ đưa cho bộ phận liên quan để ờ làm việc lại không, mình không có cần đánh giá chất lượng mình chỉ cần yêu cầu là bên đó kiểm tra kỹ trước khi giao cho khách để khách sử dụng một thời gian ngắn rồi nó lại bị nữa thì nó lại phiền phức hai bên nữa dạ vâng mình chỉ muốn ờ chỉ cần yêu cầu nhấn mạnh cái phần đó là được rồi dạ vâng, thế anh vui lòng chờ ý là có sửa gì mình không cần biết nhưng mà sửa sao mà ờ để cho khách có yêu cầu để khách sử dụng chứ đâu phải khách cứ ăn cả ngày cứ đi điện lên trên trên trên công ty để phản ánh đâu cho mệt đâu đó mình chỉ sợ vậy thôi, phải không?",work,1,usable,user6,2026-05-25T09:36:48.701235+00:00,1,/kaggle/working/asr_quality_classifier/data/audio/data2/50006020251106110502_001_0534b289-84d6-4b89-abba-5ad4c97cbdf2/clone7.wav,1,0,0.74,False Negative,0.26
user2,50005720251102171852_012_64b292c2-8fdb-45a6-93b0-49838b36cbce/clone4.wav,50005720251102171852_012_64b292c2-8fdb-45a6-93b0-49838b36cbce,clone4.wav,à dạ vâng ạ hiện tại thì,work,1,usable,user2,2026-05-25T05:13:51.843275+00:00,1,/kaggle/working/asr_quality_classifier/data/audio/data2/50005720251102171852_012_64b292c2-8fdb-45a6-93b0-49838b36cbce/clone4.wav,1,0,0.74,False Negative,0.26
user3,50005720251102171852_013_3f1ca5e2-0635-4009-99e0-7828f32f899d/clone5.wav,50005720251102171852_013_3f1ca5e2-0635-4009-99e0-7828f32f899d,clone5.wav,di chuyển được có mình hiện lỗi nữa không ạ?,work,1,usable,user3,2026-05-25T08:21:26.023037+00:00,1,/kaggle/working/asr_quality_classifier/data/audio/data2/50005720251102171852_013_3f1ca5e2-0635-4009-99e0-7828f32f899d/clone5.wav,1,0,0.74,False Negative,0.26
user4,50005720251104105708_000_acf46bea-b74b-40d9-875b-bf993c0af2db/clone1.wav,50005720251104105708_000_acf46bea-b74b-40d9-875b-bf993c0af2db,clone1.wav,"a-lô vâng chào chị, em là thế cho mình đến với chăm sóc khách hàng của vinfast ạ em thấy là mình có cuộc gọi nhỡ lên đây không biết là mình cần hỗ trợ thông tin gì ạ? chị đang muốn hỏi cái đơn hàng của chị giải quyết như thế nào rồi? à dạ vâng ạ, chị thơm đúng không ạ? đúng rồi vâng chị đợi một lát giúp em một chút nhá",work,1,usable,user4,2026-05-26T03:36:10.444845+00:00,1,/kaggle/working/asr_quality_classifier/data/audio/data2/50005720251104105708_000_acf46bea-b74b-40d9-875b-bf993c0af2db/clone1.wav,1,0,0.74,False Negative,0.26
user2,50005720251104105708_000_acf46bea-b74b-40d9-875b-bf993c0af2db/clone3.wav,50005720251104105708_000_acf46bea-b74b-40d9-875b-bf993c0af2db,clone3.wav,"a-lô vâng chào chị, em là thế cho mình đến với chăm sóc khách hàng của vinfast ạ em thấy là mình có cuộc gọi nhỡ lên đây không biết là mình cần hỗ trợ thông tin gì ạ? chị đang muốn hỏi cái đơn hàng của chị giải quyết như thế nào rồi? à dạ vâng ạ, chị thơm đúng không ạ? đúng rồi vâng chị đợi một lát giúp em một chút nhá",work,1,usable,user2,2026-05-25T05:13:44.483168+00:00,1,/kaggle/working/asr_quality_classifier/data/audio/data2/50005720251104105708_000_acf46bea-b74b-40d9-875b-bf993c0af2db/clone3.wav,1,0,0.74,False Negative,0.26
user4,50005720251104105708_000_acf46bea-b74b-40d9-875b-bf993c0af2db/clone6.wav,50005720251104105708_000_acf46bea-b74b-40d9-875b-bf993c0af2db,clone6.wav,"a-lô vâng chào chị, em là thế cho mình đến với chăm sóc khách hàng của vinfast ạ em thấy là mình có cuộc gọi nhỡ lên đây không biết là mình cần hỗ trợ thông tin gì ạ? chị đang muốn hỏi cái đơn hàng của chị giải quyết như thế nào rồi? à dạ vâng ạ, chị thơm đúng không ạ? đúng rồi vâng chị đợi một lát giúp em một chút nhá",work,1,usable,user4,2026-05-26T03:36:10.444984+00:00,1,/kaggle/working/asr_quality_classifier/data/audio/data2/50005720251104105708_000_acf46bea-b74b-40d9-875b-bf993c0af2db/clone6.wav,1,0,0.74,False Negative,0.26
user7,50005720251104105708_002_d3711c36-1816-4d66-abbb-a719c8b94443/clone5.wav,50005720251104105708_002_d3711c36-1816-4d66-abbb-a719c8b94443,clone5.wav,"dạ vâng ạ vâng hiện tại thì em thấy là các bạn đang a xử lý cho mình rồi, cũng như là các quản lý liên quan cũng đang check trường hợp của chị ạ thì mình để ý máy cho em sẽ bảo các bạn liên hệ lại sớm",work,1,usable,user7,2026-05-26T02:08:28.496463+00:00,1,/kaggle/working/asr_quality_classifier/data/audio/data2/50005720251104105708_002_d3711c36-1816-4d66-abbb-a719c8b94443/clone5.wav,1,0,0.74,False Negative,0.26
user6,50005720251104105708_002_d3711c36-1816-4d66-abbb-a719c8b94443/clone7.wav,50005720251104105708_002_d3711c36-1816-4d66-abbb-a719c8b94443,clone7.wav,"dạ vâng ạ vâng hiện tại thì em thấy là các bạn đang a xử lý cho mình rồi, cũng như là các quản lý liên quan cũng đang check trường hợp của chị ạ thì mình để ý máy cho em sẽ bảo các bạn liên hệ lại sớm",work,1,usable,user6,2026-05-25T09:51:50.686889+00:00,1,/kaggle/working/asr_quality_classifier/data/audio/data2/50005720251104105708_002_d3711c36-1816-4d66-abbb-a719c8b94443/clone7.wav,1,0,0.74,False Negative,0.26
user4,50005720251104105708_004_2a1730ea-aece-44ec-ad0d-f617767bf29d/clone1.wav,50005720251104105708_004_2a1730ea-aece-44ec-ad0d-f617767bf29d,clone1.wav,ờ bên em chỉ hiện tại là chăm sóc khách hàng và chỉ hỗ trợ chuyển thông tin của mình sang bên xử lý khiếu nại thôi ạ về việc đưa ra phương án xử lý thì bên em chưa có thẩm quyền bên em sẽ bảo các bạn ấy gọi lại cho mình để bảo với phương án xử lý chị nhá,work,1,usable,user4,2026-05-25T08:24:52.633671+00:00,1,/kaggle/working/asr_quality_classifier/data/audio/data2/50005720251104105708_004_2a1730ea-aece-44ec-ad0d-f617767bf29d/clone1.wav,1,0,0.74,False Negative,0.26
user5,50005420251111201551_002_446b1c8e-4a02-4b8b-88c2-db95a92a1795/clone8.wav,50005420251111201551_002_446b1c8e-4a02-4b8b-88c2-db95a92a1795,clone8.wav,"ừ, nói chung tùy lỗi không biết là nó có lỗi liên quan đến phải thay phụ tùng hay không, bảo bảo hành thay phụ tùng hay không thì em cũng không chắc mình được nhưng nói chung là kẹt cửa kính thì không phải là bọn em xử lý thay tư vấn cho mình từ xa được chị ạ nói chung không xuống được luôn đúng không ạ? cứ cứ ở trên đấy mãi thôi vâng, vâng ngày trước là mình vẫn bấm được bình thường đúng không ạ?",work,1,usable,user5,2026-05-26T03:48:46.252442+00:00,1,/kaggle/working/asr_quality_classifier/data/audio/data2/50005420251111201551_002_446b1c8e-4a02-4b8b-88c2-db95a92a1795/clone8.wav,1,0,0.74,False Negative,0.26
user7,50005720251101163604_006_b22a9f86-9d8f-4455-9c4e-9668a473a75b/clone8.wav,50005720251101163604_006_b22a9f86-9d8f-4455-9c4e-9668a473a75b,clone8.wav,hỗ trợ dừng cái phần cái xe nó nổi cái đám mây ở trên đó,work,1,usable,user7,2026-05-25T07:22:19.800867+00:00,1,/kaggle/working/asr_quality_classifier/data/audio/data2/50005720251101163604_006_b22a9f86-9d8f-4455-9c4e-9668a473a75b/clone8.wav,1,0,0.74,False Negative,0.26
user4,50005720251101163604_010_9443bc27-e433-4898-bc85-367c0c26dc99/clone6.wav,50005720251101163604_010_9443bc27-e433-4898-bc85-367c0c26dc99,clone6.wav,"đăng nhập bằng số điện thoại, tên, mật khẩu ạ",work,1,usable,user4,2026-05-25T06:42:59.152918+00:00,1,/kaggle/working/asr_quality_classifier/data/audio/data2/50005720251101163604_010_9443bc27-e433-4898-bc85-367c0c26dc99/clone6.wav,1,0,0.74,False Negative,0.26
user5,50005720251101163604_010_9443bc27-e433-4898-bc85-367c0c26dc99/clone8.wav,50005720251101163604_010_9443bc27-e433-4898-bc85-367c0c26dc99,clone8.wav,"đăng nhập bằng số điện thoại, tên, mật khẩu ạ",work,1,usable,user5,2026-05-25T07:17:05.528888+00:00,1,/kaggle/working/asr_quality_classifier/data/audio/data2/50005720251101163604_010_9443bc27-e433-4898-bc85-367c0c26dc99/clone8.wav,1,0,0.74,False Negative,0.26
user3,50005720251102171852_002_e1b01d20-939d-43df-b636-f20bd5730460/clone7.wav,50005720251102171852_002_e1b01d20-939d-43df-b636-f20bd5730460,clone7.wav,chưa em ạ à dạ vâng ạ anh huân đúng không ạ? cho em hỏi là mình dòng xe vê ép mấy ạ?,work,1,usable,user3,2026-05-25T05:27:59.779281+00:00,1,/kaggle/working/asr_quality_classifier/data/audio/data2/50005720251102171852_002_e1b01d20-939d-43df-b636-f20bd5730460/clone7.wav,1,0,0.74,False Negative,0.26
user3,50005720251102171852_004_53e6b073-238f-4c0c-af98-448a9125540e/clone8.wav,50005720251102171852_004_53e6b073-238f-4c0c-af98-448a9125540e,clone8.wav,vâng ba mươi lít sáu mươi bảy nghìn năm trăm lẻ tám sáu mươi bảy nghìn năm trăm lẻ tám bị báo lỗi sạc mười hai v à anh? đúng rồi dạ vâng,work,1,usable,user3,2026-05-26T03:01:45.575049+00:00,1,/kaggle/working/asr_quality_classifier/data/audio/data2/50005720251102171852_004_53e6b073-238f-4c0c-af98-448a9125540e/clone8.wav,1,0,0.74,False Negative,0.26
user2,50005720251102171852_011_1b4c3a07-fce6-4939-b54c-cb6e679d8223/clone1.wav,50005720251102171852_011_1b4c3a07-fce6-4939-b54c-cb6e679d8223,clone1.wav,ờ cho em xin là xe của mình hiện tại có đang di chuyển được không anh hay là dừng luôn rồi ạ? ờ anh vừa di chuyển được rồi đã di chuyển được rồi đúng không ạ?,work,1,usable,user2,2026-05-25T05:06:17.964878+00:00,1,/kaggle/working/asr_quality_classifier/data/audio/data2/50005720251102171852_011_1b4c3a07-fce6-4939-b54c-cb6e679d8223/clone1.wav,1,0,0.74,False Negative,0.26
user4,50005720251102171852_011_1b4c3a07-fce6-4939-b54c-cb6e679d8223/clone7.wav,50005720251102171852_011_1b4c3a07-fce6-4939-b54c-cb6e679d8223,clone7.wav,ờ cho em xin là xe của mình hiện tại có đang di chuyển được không anh hay là dừng luôn rồi ạ? ờ anh vừa di chuyển được rồi đã di chuyển được rồi đúng không ạ?,work,1,usable,user4,2026-05-25T08:37:31.334464+00:00,1,/kaggle/working/asr_quality_classifier/data/audio/data2/50005720251102171852_011_1b4c3a07-fce6-4939-b54c-cb6e679d8223/clone7.wav,1,0,0.74,False Negative,0.26
user3,50012820251112165948_001_c03f6e7c-79d8-44cc-9912-272879de3718/clone6.wav,50012820251112165948_001_c03f6e7c-79d8-44cc-9912-272879de3718,clone6.wav,chị này đi về rồi thì bạn bảo phải có người ra phải giải quyết được cho chị vâng vâng vâng bọn em còn phải kiểm tra vâng vâng vâng chị bảo phải vừa gọi lại chị bảo phải có xem xem xét cho chị luôn không chị cứ ngồi cửa hàng chị chờ vâng vâng thôi chị ạ vâng thế nên bọn em nhận được cái i-meo ảnh chuyển khoản của chị rồi chị nhá đang báo lại cái bên phía kinh doanh ô tô sao mà họ đẩy đơn hàng về nhưng mà lại đẩy không lại đẩy cái đơn hàng với cả tiền cọc thôi không đẩy cả cái tiền mười lăm triệu hôm mình thanh toán ở điểm giao xe nhưng mà nhưng mà cái đấy sao vô lý tại vì chuyển khoản chị nói thật có chậm thì chỉ một hai ngày chứ bây giờ chị chuyển đến gần hai tháng rồi rồi mà vẫn chưa nhận được cái đơn chị phải đi đi lại lại mất thời gian quá vâng vâng không định làm gì cả làm để đi ra cơ đấy xong bắt đầu lấy xe các bạn lại gọi xe celica chị,work,1,usable,user3,2026-05-26T03:01:08.018373+00:00,1,/kaggle/working/asr_quality_classifier/data/audio/data2/50012820251112165948_001_c03f6e7c-79d8-44cc-9912-272879de3718/clone6.wav,1,0,0.74,False Negative,0.26
user5,50013020251111092652_004_1c8dd489-1ec1-4c34-9db5-fdadd0ba5d6b/clone6.wav,50013020251111092652_004_1c8dd489-1ec1-4c34-9db5-fdadd0ba5d6b,clone6.wav,"bạn đang làm việc với tên là cái gì nhỉ? tuấn phong à? vũ văn tuấn phong tuấn phong, dạ không rõ các bạn bên đại lý họ đang báo xử lý như thế nào rồi vậy anh?",work,1,usable,user5,2026-05-25T09:39:28.940988+00:00,1,/kaggle/working/asr_quality_classifier/data/audio/data2/50013020251111092652_004_1c8dd489-1ec1-4c34-9db5-fdadd0ba5d6b/clone6.wav,1,0,0.74,False Negative,0.26
user3,50013020251114141111_003_04aa356f-7554-481e-afd1-f26f0ea83fd5/clone3.wav,50013020251114141111_003_04aa356f-7554-481e-afd1-f26f0ea83fd5,clone3.wav,mà mua xe cách đây mấy tháng rồi,work,1,usable,user3,2026-05-26T04:19:32.592259+00:00,1,/kaggle/working/asr_quality_classifier/data/audio/data2/50013020251114141111_003_04aa356f-7554-481e-afd1-f26f0ea83fd5/clone3.wav,1,0,0.74,False Negative,0.26
user6,50013020251114141111_003_04aa356f-7554-481e-afd1-f26f0ea83fd5/clone4.wav,50013020251114141111_003_04aa356f-7554-481e-afd1-f26f0ea83fd5,clone4.wav,mà mua xe cách đây mấy tháng rồi,work,1,usable,user6,2026-05-25T07:48:59.899929+00:00,1,/kaggle/working/asr_quality_classifier/data/audio/data2/50013020251114141111_003_04aa356f-7554-481e-afd1-f26f0ea83fd5/clone4.wav,1,0,0.74,False Negative,0.26
user5,50013020251114141111_003_04aa356f-7554-481e-afd1-f26f0ea83fd5/clone7.wav,50013020251114141111_003_04aa356f-7554-481e-afd1-f26f0ea83fd5,clone7.wav,mà mua xe cách đây mấy tháng rồi,work,1,usable,user5,2026-05-25T05:29:17.092479+00:00,1,/kaggle/working/asr_quality_classifier/data/audio/data2/50013020251114141111_003_04aa356f-7554-481e-afd1-f26f0ea83fd5/clone7.wav,1,0,0.74,False Negative,0.26
user5,50013020251114141111_006_3ce9c85c-f063-41c3-9878-92cdcd1553b2/clone4.wav,50013020251114141111_006_3ce9c85c-f063-41c3-9878-92cdcd1553b2,clone4.wav,à thế thì để mình bảo bên ki-a bạn bạn ấy bảo với khách thì ok để mình bảo bạn ấy có gì cập nhật thêm tiến độ giúp em với bên đấy vẫn đang nói chuyện với khách nhưng mà khách hiểu khách không tin bạn ấy nữa hay sao ấy,work,1,usable,user5,2026-05-26T04:49:21.142538+00:00,1,/kaggle/working/asr_quality_classifier/data/audio/data2/50013020251114141111_006_3ce9c85c-f063-41c3-9878-92cdcd1553b2/clone4.wav,1,0,0.74,False Negative,0.26
user4,50013020251114141111_006_3ce9c85c-f063-41c3-9878-92cdcd1553b2/clone8.wav,50013020251114141111_006_3ce9c85c-f063-41c3-9878-92cdcd1553b2,clone8.wav,à thế thì để mình bảo bên ki-a bạn bạn ấy bảo với khách thì ok để mình bảo bạn ấy có gì cập nhật thêm tiến độ giúp em với bên đấy vẫn đang nói chuyện với khách nhưng mà khách hiểu khách không tin bạn ấy nữa hay sao ấy,work,1,usable,user4,2026-05-26T03:20:36.740913+00:00,1,/kaggle/working/asr_quality_classifier/data/audio/data2/50013020251114141111_006_3ce9c85c-f063-41c3-9878-92cdcd1553b2/clone8.wav,1,0,0.74,False Negative,0.26
user3,50013120251104165936_003_b4584ce7-8315-4ec3-a82a-ff77d0477bae/clone8.wav,50013120251104165936_003_b4584ce7-8315-4ec3-a82a-ff77d0477bae,clone8.wav,họ dạ vâng ạ tức là mình vừa nãy mình cũng gọi đến bằng số khác rồi đúng không anh?,work,1,usable,user3,2026-05-25T05:20:14.428967+00:00,1,/kaggle/working/asr_quality_classifier/data/audio/data2/50013120251104165936_003_b4584ce7-8315-4ec3-a82a-ff77d0477bae/clone8.wav,1,0,0.74,False Negative,0.26
user7,50012720251110141432_001_c42a0cee-97ef-4134-821d-3e1e539e0662/clone4.wav,50012720251110141432_001_c42a0cee-97ef-4134-821d-3e1e539e0662,clone4.wav,cố định là sao đấy?,work,1,usable,user7,2026-05-25T05:25:32.110996+00:00,1,/kaggle/working/asr_quality_classifier/data/audio/data2/50012720251110141432_001_c42a0cee-97ef-4134-821d-3e1e539e0662/clone4.wav,1,0,0.74,False Negative,0.26
user4,50012720251110141432_001_c42a0cee-97ef-4134-821d-3e1e539e0662/clone5.wav,50012720251110141432_001_c42a0cee-97ef-4134-821d-3e1e539e0662,clone5.wav,cố định là sao đấy?,work,1,usable,user4,2026-05-25T08:53:50.688145+00:00,1,/kaggle/working/asr_quality_classifier/data/audio/data2/50012720251110141432_001_c42a0cee-97ef-4134-821d-3e1e539e0662/clone5.wav,1,0,0.74,False Negative,0.26
user1,50012720251111105814_004_5f431455-8aa7-42b0-b1ca-0e124deab42a/clone2.wav,50012720251111105814_004_5f431455-8aa7-42b0-b1ca-0e124deab42a,clone2.wav,"thay cái vỏ cho anh để anh chạy về anh kiểm tra lại bên phía bảo hiểm xem là có cần phải gọi qua tổng đài không nhá bởi vì là nếu mà cả hai bên gọi điện thì sẽ mất hai lần cứu hộ đấy ạ nên mình gọi lại kiểm tra bảo hiểm giúp em xem là bảo hiểm tự gọi cứu hộ cho anh hay là cần phải gọi qua tổng đài giúp em ạ à có nghĩa là bảo hiểm nói là bảo hiểm kêu bên vinfast đấy em rồi vinfast nó nó đem vỏ xuống nó thay cho anh về chạy đỡ chứ không có cứu hộ không không kéo à vâng, vậy thì anh có thể làm việc trực tiếp với bảo hiểm giúp em nhá có thể là bảo hiểm gọi xe cứu hộ cho mình rồi đấy ạ ờ anh",work,1,usable,user1,2026-05-26T03:27:10.782358+00:00,1,/kaggle/working/asr_quality_classifier/data/audio/data2/50012720251111105814_004_5f431455-8aa7-42b0-b1ca-0e124deab42a/clone2.wav,1,0,0.74,False Negative,0.26
user5,50012820251110164227_001_248f33f9-0cb9-45c2-8ac7-7ee5ca08d081/clone8.wav,50012820251110164227_001_248f33f9-0cb9-45c2-8ac7-7ee5ca08d081,clone8.wav,"ờ, nghê đây vâng, bên em có tiếp nhận cái phản ánh của mình liên quan đến cái vấn đề mà anh nhận xe vê ép năm ở đại lý len-mác tám mươi mốt nhưng mà đại lý vẫn chưa giao cái xê o xê để mình đi đăng ký đấy anh",work,1,usable,user5,2026-05-26T03:41:17.808950+00:00,1,/kaggle/working/asr_quality_classifier/data/audio/data2/50012820251110164227_001_248f33f9-0cb9-45c2-8ac7-7ee5ca08d081/clone8.wav,1,0,0.74,False Negative,0.26
user1,50012820251110172445_001_393ae582-0cf0-47ca-bbea-e25779ec7db2/clone2.wav,50012820251110172445_001_393ae582-0cf0-47ca-bbea-e25779ec7db2,clone2.wav,"vâng, em chào anh khang ạ em gọi từ chức năng của vinfast anh khang ơi, em có tiếp nhận được cái phản ánh của mình liên quan đến vấn đề đại lý phan trọng tuệ len-mác tám mươi mốt cứ hẹn giao xe chiếc li-mu-zin của mình hết tháng mười gọi đến tháng mười một vẫn chưa có thông tin cụ thể đúng không anh? không phải, hẹn tháng mười đã không có thông tin cụ thể, rồi tháng mười một là đã ký hợp đồng mua hợp đồng mua bán xe và ký luôn cái hỗ trợ lãi suất bên bạn hỗ trợ lãi suất thì có đã có số xe, số khung, số máy trên xe rồi đó rồi nhưng mà bây giờ khi đó là xêu nói là đã ép cái cái cái số cái xe đó cho cho cho mình rồi vâng đó, thì bây giờ nói là bây giờ xêu hồi sáng mình mới hỏi tiếp là xêu có xe về chưa thì xêu mới nói là bây giờ tự nhiên người ta lại không bán cho anh cái xe đó mà cái xe đó lại đưa cho chỗ khác rồi em không biết ở đâu rồi đó, thì để chờ chờ em hỏi lại thì chờ hỏi lại bạn bạn trả lời bạn nói sao bạn nói là thôi thì anh hỏi hót-lain anh hỏi luôn đi bây giờ em cũng không biết làm sao mà gọi cho bên gọi bên gọi bên hót-lain bên chỗ công ty mình á, thì các bạn nói là đều các bạn nghiên xe tìm hiểu lại tình huống như thế nào tại sao lại là ừ, như thế vâng, bên em cũng vâng, sáng nay các bạn bên phía tổng đài cũng đã chuyển thông tin rồi anh ạ thì bên em đang làm việc tiếp với cả phía nhà phân phối và quản lý của nhà phân phối để xem cụ thể nhà phân phối trả lời như thế nào sau đó bên em sẽ phản hồi lại mình anh nhé dạ rồi vâng ạ, vâng ạ ok, cảm ơn bạn vâng ạ, vâng ạ có thông tin gì em sẽ báo lại cho mình sớm ạ, ngay khi có rồi rồi, cảm ơn bạn dạ dạ",work,1,usable,user1,2026-05-26T02:38:29.187471+00:00,1,/kaggle/working/asr_quality_classifier/data/audio/data2/50012820251110172445_001_393ae582-0cf0-47ca-bbea-e25779ec7db2/clone2.wav,1,0,0.74,False Negative,0.26
user1,50012820251110172445_001_393ae582-0cf0-47ca-bbea-e25779ec7db2/clone3.wav,50012820251110172445_001_393ae582-0cf0-47ca-bbea-e25779ec7db2,clone3.wav,"vâng, em chào anh khang ạ em gọi từ chức năng của vinfast anh khang ơi, em có tiếp nhận được cái phản ánh của mình liên quan đến vấn đề đại lý phan trọng tuệ len-mác tám mươi mốt cứ hẹn giao xe chiếc li-mu-zin của mình hết tháng mười gọi đến tháng mười một vẫn chưa có thông tin cụ thể đúng không anh? không phải, hẹn tháng mười đã không có thông tin cụ thể, rồi tháng mười một là đã ký hợp đồng mua hợp đồng mua bán xe và ký luôn cái hỗ trợ lãi suất bên bạn hỗ trợ lãi suất thì có đã có số xe, số khung, số máy trên xe rồi đó rồi nhưng mà bây giờ khi đó là xêu nói là đã ép cái cái cái số cái xe đó cho cho cho mình rồi vâng đó, thì bây giờ nói là bây giờ xêu hồi sáng mình mới hỏi tiếp là xêu có xe về chưa thì xêu mới nói là bây giờ tự nhiên người ta lại không bán cho anh cái xe đó mà cái xe đó lại đưa cho chỗ khác rồi em không biết ở đâu rồi đó, thì để chờ chờ em hỏi lại thì chờ hỏi lại bạn bạn trả lời bạn nói sao bạn nói là thôi thì anh hỏi hót-lain anh hỏi luôn đi bây giờ em cũng không biết làm sao mà gọi cho bên gọi bên gọi bên hót-lain bên chỗ công ty mình á, thì các bạn nói là đều các bạn nghiên xe tìm hiểu lại tình huống như thế nào tại sao lại là ừ, như thế vâng, bên em cũng vâng, sáng nay các bạn bên phía tổng đài cũng đã chuyển thông tin rồi anh ạ thì bên em đang làm việc tiếp với cả phía nhà phân phối và quản lý của nhà phân phối để xem cụ thể nhà phân phối trả lời như thế nào sau đó bên em sẽ phản hồi lại mình anh nhé dạ rồi vâng ạ, vâng ạ ok, cảm ơn bạn vâng ạ, vâng ạ có thông tin gì em sẽ báo lại cho mình sớm ạ, ngay khi có rồi rồi, cảm ơn bạn dạ dạ",work,1,usable,user1,2026-05-25T08:28:34.666348+00:00,1,/kaggle/working/asr_quality_classifier/data/audio/data2/50012820251110172445_001_393ae582-0cf0-47ca-bbea-e25779ec7db2/clone3.wav,1,0,0.74,False Negative,0.26
user2,50012820251110172445_001_393ae582-0cf0-47ca-bbea-e25779ec7db2/clone4.wav,50012820251110172445_001_393ae582-0cf0-47ca-bbea-e25779ec7db2,clone4.wav,"vâng, em chào anh khang ạ em gọi từ chức năng của vinfast anh khang ơi, em có tiếp nhận được cái phản ánh của mình liên quan đến vấn đề đại lý phan trọng tuệ len-mác tám mươi mốt cứ hẹn giao xe chiếc li-mu-zin của mình hết tháng mười gọi đến tháng mười một vẫn chưa có thông tin cụ thể đúng không anh? không phải, hẹn tháng mười đã không có thông tin cụ thể, rồi tháng mười một là đã ký hợp đồng mua hợp đồng mua bán xe và ký luôn cái hỗ trợ lãi suất bên bạn hỗ trợ lãi suất thì có đã có số xe, số khung, số máy trên xe rồi đó rồi nhưng mà bây giờ khi đó là xêu nói là đã ép cái cái cái số cái xe đó cho cho cho mình rồi vâng đó, thì bây giờ nói là bây giờ xêu hồi sáng mình mới hỏi tiếp là xêu có xe về chưa thì xêu mới nói là bây giờ tự nhiên người ta lại không bán cho anh cái xe đó mà cái xe đó lại đưa cho chỗ khác rồi em không biết ở đâu rồi đó, thì để chờ chờ em hỏi lại thì chờ hỏi lại bạn bạn trả lời bạn nói sao bạn nói là thôi thì anh hỏi hót-lain anh hỏi luôn đi bây giờ em cũng không biết làm sao mà gọi cho bên gọi bên gọi bên hót-lain bên chỗ công ty mình á, thì các bạn nói là đều các bạn nghiên xe tìm hiểu lại tình huống như thế nào tại sao lại là ừ, như thế vâng, bên em cũng vâng, sáng nay các bạn bên phía tổng đài cũng đã chuyển thông tin rồi anh ạ thì bên em đang làm việc tiếp với cả phía nhà phân phối và quản lý của nhà phân phối để xem cụ thể nhà phân phối trả lời như thế nào sau đó bên em sẽ phản hồi lại mình anh nhé dạ rồi vâng ạ, vâng ạ ok, cảm ơn bạn vâng ạ, vâng ạ có thông tin gì em sẽ báo lại cho mình sớm ạ, ngay khi có rồi rồi, cảm ơn bạn dạ dạ",work,1,usable,user2,2026-05-25T09:00:23.660691+00:00,1,/kaggle/working/asr_quality_classifier/data/audio/data2/50012820251110172445_001_393ae582-0cf0-47ca-bbea-e25779ec7db2/clone4.wav,1,0,0.74,False Negative,0.26
user4,50012820251110172445_001_393ae582-0cf0-47ca-bbea-e25779ec7db2/clone6.wav,50012820251110172445_001_393ae582-0cf0-47ca-bbea-e25779ec7db2,clone6.wav,"vâng, em chào anh khang ạ em gọi từ chức năng của vinfast anh khang ơi, em có tiếp nhận được cái phản ánh của mình liên quan đến vấn đề đại lý phan trọng tuệ len-mác tám mươi mốt cứ hẹn giao xe chiếc li-mu-zin của mình hết tháng mười gọi đến tháng mười một vẫn chưa có thông tin cụ thể đúng không anh? không phải, hẹn tháng mười đã không có thông tin cụ thể, rồi tháng mười một là đã ký hợp đồng mua hợp đồng mua bán xe và ký luôn cái hỗ trợ lãi suất bên bạn hỗ trợ lãi suất thì có đã có số xe, số khung, số máy trên xe rồi đó rồi nhưng mà bây giờ khi đó là xêu nói là đã ép cái cái cái số cái xe đó cho cho cho mình rồi vâng đó, thì bây giờ nói là bây giờ xêu hồi sáng mình mới hỏi tiếp là xêu có xe về chưa thì xêu mới nói là bây giờ tự nhiên người ta lại không bán cho anh cái xe đó mà cái xe đó lại đưa cho chỗ khác rồi em không biết ở đâu rồi đó, thì để chờ chờ em hỏi lại thì chờ hỏi lại bạn bạn trả lời bạn nói sao bạn nói là thôi thì anh hỏi hót-lain anh hỏi luôn đi bây giờ em cũng không biết làm sao mà gọi cho bên gọi bên gọi bên hót-lain bên chỗ công ty mình á, thì các bạn nói là đều các bạn nghiên xe tìm hiểu lại tình huống như thế nào tại sao lại là ừ, như thế vâng, bên em cũng vâng, sáng nay các bạn bên phía tổng đài cũng đã chuyển thông tin rồi anh ạ thì bên em đang làm việc tiếp với cả phía nhà phân phối và quản lý của nhà phân phối để xem cụ thể nhà phân phối trả lời như thế nào sau đó bên em sẽ phản hồi lại mình anh nhé dạ rồi vâng ạ, vâng ạ ok, cảm ơn bạn vâng ạ, vâng ạ có thông tin gì em sẽ báo lại cho mình sớm ạ, ngay khi có rồi rồi, cảm ơn bạn dạ dạ",work,1,usable,user4,2026-05-25T08:52:58.343187+00:00,1,/kaggle/working/asr_quality_classifier/data/audio/data2/50012820251110172445_001_393ae582-0cf0-47ca-bbea-e25779ec7db2/clone6.wav,1,0,0.74,False Negative,0.26
user1,50013120251108141800_002_e969d1df-38e8-4f80-ae4f-ecf593e9b93b/clone8.wav,50013120251108141800_002_e969d1df-38e8-4f80-ae4f-ecf593e9b93b,clone8.wav,vâng em xin ạ em thấy là có tín hiệu cần cứu hộ bên mình ấy nên em gọi đây ờ không biết là xe gặp sự cố gì đấy ạ? xe chị bị hết pin xe hết pin ạ chị? vâng ạ chị mình tên của mình phải ạ? chị nhung ờ chị nhung đi vê ép mấy ạ? chị đi vê ép ba vê ép ba đúng không ạ? chị có hỏi là xe bị hết pin từ từ hay là hết đột ngột đấy chị? hết nhanh em ơi hết nhanh ạ xe hết pin nhanh đúng không ạ? ờ vâng ạ biển số xe của mình là bao nhiêu đấy ạ? ba mươi giờ bốn mươi chín nghìn năm trăm vâng ạ xe hết pin nhanh ạ pin từ bao nhiêu phần trăm xuống đấy chị?,work,1,usable,user1,2026-05-26T04:32:48.637584+00:00,1,/kaggle/working/asr_quality_classifier/data/audio/data2/50013120251108141800_002_e969d1df-38e8-4f80-ae4f-ecf593e9b93b/clone8.wav,1,0,0.74,False Negative,0.26
user1,50013120251108141800_006_c3b92bda-c58c-4486-8d05-a49bbfbd10ce/clone1.wav,50013120251108141800_006_c3b92bda-c58c-4486-8d05-a49bbfbd10ce,clone1.wav,vừa vừa gọi về hùng vương gì đấy? gần nhất là để em báo cho xưởng bên hùng vương nhá yên bái ạ ok hùng vương nhá,work,1,usable,user1,2026-05-26T04:04:17.272791+00:00,1,/kaggle/working/asr_quality_classifier/data/audio/data2/50013120251108141800_006_c3b92bda-c58c-4486-8d05-a49bbfbd10ce/clone1.wav,1,0,0.74,False Negative,0.26
user4,50013120251108161233_007_3e0db1aa-388c-4187-9638-20ede23dbe56/clone1.wav,50013120251108161233_007_3e0db1aa-388c-4187-9638-20ede23dbe56,clone1.wav,en hai mươi nghìn hai trăm lẻ sáu,work,1,usable,user4,2026-05-25T07:56:31.381226+00:00,1,/kaggle/working/asr_quality_classifier/data/audio/data2/50013120251108161233_007_3e0db1aa-388c-4187-9638-20ede23dbe56/clone1.wav,1,0,0.74,False Negative,0.26
user7,50013120251110084228_000_6f71132d-ee05-4c83-af73-ccd52884cb01/clone4.wav,50013120251110084228_000_6f71132d-ee05-4c83-af73-ccd52884cb01,clone4.wav,"a-lô anh ơi em là quân liên hệ với anh từ chăm sóc khách hàng vi-ét-ten ạ em gọi điện cho anh cái cuộc gọi nhớ anh lên đấy anh cần hỗ trợ gì không ạ? vâng, anh ơi em mua cái xe li-mu-zin ấy nhưng mà cái định vị nó bị mất lúc có lúc không anh kiểm tra lại giúp em cái tại vì em cái này em cũng báo lên tổng đài nhiều rồi người ta sửa cho em xong về nó lại mất",work,1,usable,user7,2026-05-25T08:23:51.117138+00:00,1,/kaggle/working/asr_quality_classifier/data/audio/data2/50013120251110084228_000_6f71132d-ee05-4c83-af73-ccd52884cb01/clone4.wav,1,0,0.74,False Negative,0.26
user7,50013120251110084228_004_8442d79b-efc8-48ca-9b2d-57e1e06c6136/clone4.wav,50013120251110084228_004_8442d79b-efc8-48ca-9b2d-57e1e06c6136,clone4.wav,"xe của mình là xe li-mu-zin đúng không anh? vâng, đúng rồi vâng ạ, anh đợi em tí ạ",work,1,usable,user7,2026-05-25T08:45:43.863083+00:00,1,/kaggle/working/asr_quality_classifier/data/audio/data2/50013120251110084228_004_8442d79b-efc8-48ca-9b2d-57e1e06c6136/clone4.wav,1,0,0.74,False Negative,0.26
user5,50013120251111145033_000_d2b5caa8-4daf-4930-8d34-197250f93fb2/clone1.wav,50013120251111145033_000_d2b5caa8-4daf-4930-8d34-197250f93fb2,clone1.wav,"dạ vâng ạ, em xin chào anh ạ em là quân ạ, bên anh từ chăm sóc khách hàng vinfast đây ạ vâng, em xin hỏi là không biết là các bạn ở xưởng dịch vụ đã liên hệ hỗ trợ cho mình chưa anh?",work,1,usable,user5,2026-05-26T03:09:54.356930+00:00,1,/kaggle/working/asr_quality_classifier/data/audio/data2/50013120251111145033_000_d2b5caa8-4daf-4930-8d34-197250f93fb2/clone1.wav,1,0,0.74,False Negative,0.26
user5,50013120251114115815_000_a51cf0a3-65fd-48d4-9c02-5eee0a6b1b02/clone7.wav,50013120251114115815_000_a51cf0a3-65fd-48d4-9c02-5eee0a6b1b02,clone7.wav,a-lô dạ vâng ạ em là em là còn liên hệ với chị từ chăm sóc hành vi phát ạ đúng không ạ? em đã có nhận được thông tin sự vụ của mình là có một chiếc vét-pa bị lỗi phanh đúng không ạ? đúng rồi anh xưởng dịch vụ ở bên nam thắng rạch giá qua hỗ trợ nhưng mà lại không hỗ trợ được tại chỗ mà cần phải kéo xe về xưởng đúng không ạ chị?,work,1,usable,user5,2026-05-26T03:23:38.306603+00:00,1,/kaggle/working/asr_quality_classifier/data/audio/data2/50013120251114115815_000_a51cf0a3-65fd-48d4-9c02-5eee0a6b1b02/clone7.wav,1,0,0.74,False Negative,0.26
user2,50013120251114115815_001_b3140dd0-40fd-4654-97c8-6f197cabb666/clone1.wav,50013120251114115815_001_b3140dd0-40fd-4654-97c8-6f197cabb666,clone1.wav,à bên nó bảo báo em là do hôm trước á là nó bị lỗi giống vậy rồi thì em có thay ở ngay chỗ mà ở ngoài rạch giá á thì họ nói là bên giờ phải đưa nó ra đó để họ kiểm tra lại tại hôm trước có sửa có gì đó thì để họ kiểm tra coi có lỗi sao tại em mới sửa cách đây cũng có cỡ mười ngày trước hay gì à,work,1,usable,user2,2026-05-25T08:41:24.795823+00:00,1,/kaggle/working/asr_quality_classifier/data/audio/data2/50013120251114115815_001_b3140dd0-40fd-4654-97c8-6f197cabb666/clone1.wav,1,0,0.74,False Negative,0.26
user3,50013120251105163344_002_0dc49e2b-1b57-4987-89a2-8262df126f82/clone5.wav,50013120251105163344_002_0dc49e2b-1b57-4987-89a2-8262df126f82,clone5.wav,chưa có ai gọi chứ nãy giờ em đợi đâu rồi một tiếng rưỡi đồng hồ rồi xưởng dịch vụ ở vinfast năm thành công sạch giá chưa gọi cho mình hả anh?,work,1,usable,user3,2026-05-25T08:06:09.270267+00:00,1,/kaggle/working/asr_quality_classifier/data/audio/data2/50013120251105163344_002_0dc49e2b-1b57-4987-89a2-8262df126f82/clone5.wav,1,0,0.74,False Negative,0.26
user7,50013120251107141102_000_5b767f14-9442-40a6-a496-930349e40d38/clone3.wav,50013120251107141102_000_5b767f14-9442-40a6-a496-930349e40d38,clone3.wav,"dạ vâng a-lô, chào anh nhá em là quân ạ, liên hệ với anh từ chăm sóc khách hàng vinfast ạ rồi, anh có nhận được thông tin từ bên đại lý thủ thiêm nhắn lại ấy là mình có đặt lịch kiểm tra nhanh tại vinfast việt hùng gia rồi đúng không ạ?",work,1,usable,user7,2026-05-26T03:32:27.355091+00:00,1,/kaggle/working/asr_quality_classifier/data/audio/data2/50013120251107141102_000_5b767f14-9442-40a6-a496-930349e40d38/clone3.wav,1,0,0.74,False Negative,0.26
user3,50013120251107141102_004_e48238e4-9bb9-42ca-b5b5-f4ea4ef4ae2c/clone8.wav,50013120251107141102_004_e48238e4-9bb9-42ca-b5b5-f4ea4ef4ae2c,clone8.wav,"là sao, là sao? vâng ạ hiện tại ấy ạ thì bên vinfast thủ thiêm có gửi lại thông tin cho chăm sóc khách hàng là anh phúc ạ đã có đặt lịch kiểm tra nhanh tại vinfast việt hùng gia rồi đúng không ạ? em gọi ra để xác nhận thông tin thôi anh ạ ừm dạ dạ vâng ạ vâng, thì anh có thể qua vinfast việt hùng gia để kiểm tra trước nhá, để được hỗ trợ anh ạ vâng ạ, nếu cần hỗ trợ gì thêm ạ dạ sao bây giờ cửa mở cũng được luôn? trời ơi",work,1,usable,user3,2026-05-26T02:58:12.866211+00:00,1,/kaggle/working/asr_quality_classifier/data/audio/data2/50013120251107141102_004_e48238e4-9bb9-42ca-b5b5-f4ea4ef4ae2c/clone8.wav,1,0,0.74,False Negative,0.26
user3,50013120251107141102_007_1a66b4fa-6b21-4799-b1c5-53744c602017/clone6.wav,50013120251107141102_007_1a66b4fa-6b21-4799-b1c5-53744c602017,clone6.wav,"thì bây giờ sao? ý em là sao? giờ tôi đang ở việt hùng gia để nó xử lý nhanh này chứ bên thủ thiêm nó không chịu xử lý nhanh ừm, dạ vâng ạ thì mình có thể là qua vinfast việt hùng gia kiểm tra trước nhá vâng ạ rồi rồi cho nó ấy vâng nếu mà không mà anh mình kiểm tra bên a việt hùng gia ấy ạ mà không khắc phục được ấy thì mình có thể là qua bên vinfast thủ thiêm để hỗ trợ anh ạ rồi, ok, ok dạ vâng ạ",work,1,usable,user3,2026-05-25T07:45:41.544707+00:00,1,/kaggle/working/asr_quality_classifier/data/audio/data2/50013120251107141102_007_1a66b4fa-6b21-4799-b1c5-53744c602017/clone6.wav,1,0,0.74,False Negative,0.26
user1,50013120251107141102_007_1a66b4fa-6b21-4799-b1c5-53744c602017/clone7.wav,50013120251107141102_007_1a66b4fa-6b21-4799-b1c5-53744c602017,clone7.wav,"thì bây giờ sao? ý em là sao? giờ tôi đang ở việt hùng gia để nó xử lý nhanh này chứ bên thủ thiêm nó không chịu xử lý nhanh ừm, dạ vâng ạ thì mình có thể là qua vinfast việt hùng gia kiểm tra trước nhá vâng ạ rồi rồi cho nó ấy vâng nếu mà không mà anh mình kiểm tra bên a việt hùng gia ấy ạ mà không khắc phục được ấy thì mình có thể là qua bên vinfast thủ thiêm để hỗ trợ anh ạ rồi, ok, ok dạ vâng ạ",work,1,usable,user1,2026-05-25T07:22:38.477599+00:00,1,/kaggle/working/asr_quality_classifier/data/audio/data2/50013120251107141102_007_1a66b4fa-6b21-4799-b1c5-53744c602017/clone7.wav,1,0,0.74,False Negative,0.26
user5,50013120251108094627_000_f373fa76-f973-4c3a-9a1e-c3c4a249a756/clone2.wav,50013120251108094627_000_f373fa76-f973-4c3a-9a1e-c3c4a249a756,clone2.wav,"a-lô? dạ vâng, chào chị em là nhân viên chăm sóc khách hàng vinfast ạ em có nhận được cuộc gọi nhỡ của chị lên ấy, không biết là chị cần hỗ trợ gì không ạ?",work,1,usable,user5,2026-05-26T03:39:19.096366+00:00,1,/kaggle/working/asr_quality_classifier/data/audio/data2/50013120251108094627_000_f373fa76-f973-4c3a-9a1e-c3c4a249a756/clone2.wav,1,0,0.74,False Negative,0.26
user2,50013120251108094627_002_cfedcd19-d882-41cf-8f7f-516f90979273/clone3.wav,50013120251108094627_002_cfedcd19-d882-41cf-8f7f-516f90979273,clone3.wav,"à dạ vâng ạ mình đang ở vin-hôm hả chị? ờ mình ở vin một đấy ờ vâng ạ ở ét hai trăm lẻ ba ét hai trăm lẻ ba à vâng ạ ờ chị có thể gọi vào số này cho em nhá mình gọi vào số là một nghìn chín trăm ạ, hai trăm ba mươi hai nghìn ba trăm tám mươi chín ờ nhưng mà sao chị lại gọi vào số này của em nhở? ờ mình ấn phím số tư chị ạ",work,1,usable,user2,2026-05-25T05:04:14.926642+00:00,1,/kaggle/working/asr_quality_classifier/data/audio/data2/50013120251108094627_002_cfedcd19-d882-41cf-8f7f-516f90979273/clone3.wav,1,0,0.74,False Negative,0.26
user3,50013120251108094627_003_8e768a77-a6ba-4b42-98e2-bb33563dbcd2/clone7.wav,50013120251108094627_003_8e768a77-a6ba-4b42-98e2-bb33563dbcd2,clone7.wav,"vâng ạ ờ chị biết rồi, chị gọi rồi chị tưởng là ấy, tại sao chị lại gọi vào số của em nhở? dạ vâng, có thể là do bị nhầm đầu mối sao chị ạ bởi vì em thấy vinfast là có nhận được cuộc gọi nhỡ của mình chị ạ ờ ừ ừ thôi thôi được rồi nhá, chị gọi cho bên đấy rồi ờ ừ mình gọi rồi nhá, cảm ơn em dạ vâng ạ ờ ừ chào em vâng ạ, chào chị ạ",work,1,usable,user3,2026-05-26T03:39:28.437960+00:00,1,/kaggle/working/asr_quality_classifier/data/audio/data2/50013120251108094627_003_8e768a77-a6ba-4b42-98e2-bb33563dbcd2/clone7.wav,1,0,0.74,False Negative,0.26
user5,50013120251104165936_008_0ae0f5a6-6b21-4ff5-9ebe-7254c36b7f7d/clone3.wav,50013120251104165936_008_0ae0f5a6-6b21-4ff5-9ebe-7254c36b7f7d,clone3.wav,à đầu đông mấy hôm thì đầu hai ba tiếng nhưng mà đến thấy hai cái này mới đầu có năm năm bảy phút thì cuối cùng kích được nhờ xe khác kích được rồi à dạ vâng ạ dạ nếu anh cần hỗ trợ gì thêm ạ thì anh có thể gọi lại số này ạ vâng ạ à rồi cảm ơn anh nhá rồi chào anh ạ,work,1,usable,user5,2026-05-25T08:38:13.301835+00:00,1,/kaggle/working/asr_quality_classifier/data/audio/data2/50013120251104165936_008_0ae0f5a6-6b21-4ff5-9ebe-7254c36b7f7d/clone3.wav,1,0,0.74,False Negative,0.26
user2,50013120251104165936_008_0ae0f5a6-6b21-4ff5-9ebe-7254c36b7f7d/clone6.wav,50013120251104165936_008_0ae0f5a6-6b21-4ff5-9ebe-7254c36b7f7d,clone6.wav,à đầu đông mấy hôm thì đầu hai ba tiếng nhưng mà đến thấy hai cái này mới đầu có năm năm bảy phút thì cuối cùng kích được nhờ xe khác kích được rồi à dạ vâng ạ dạ nếu anh cần hỗ trợ gì thêm ạ thì anh có thể gọi lại số này ạ vâng ạ à rồi cảm ơn anh nhá rồi chào anh ạ,work,1,usable,user2,2026-05-26T03:08:19.383066+00:00,1,/kaggle/working/asr_quality_classifier/data/audio/data2/50013120251104165936_008_0ae0f5a6-6b21-4ff5-9ebe-7254c36b7f7d/clone6.wav,1,0,0.74,False Negative,0.26
user5,50013120251105092121_008_5440201d-a2d1-49da-be1a-9f109c623934/clone4.wav,50013120251105092121_008_5440201d-a2d1-49da-be1a-9f109c623934,clone4.wav,nó là thuê mua anh anh không anh không ấy không chắc chưa ấy gì chắc đấy hay sao cả,work,1,usable,user5,2026-05-25T07:12:49.989776+00:00,1,/kaggle/working/asr_quality_classifier/data/audio/data2/50013120251105092121_008_5440201d-a2d1-49da-be1a-9f109c623934/clone4.wav,1,0,0.74,False Negative,0.26
user3,50013120251105092121_008_5440201d-a2d1-49da-be1a-9f109c623934/clone8.wav,50013120251105092121_008_5440201d-a2d1-49da-be1a-9f109c623934,clone8.wav,nó là thuê mua anh anh không anh không ấy không chắc chưa ấy gì chắc đấy hay sao cả,work,1,usable,user3,2026-05-26T04:18:02.946027+00:00,1,/kaggle/working/asr_quality_classifier/data/audio/data2/50013120251105092121_008_5440201d-a2d1-49da-be1a-9f109c623934/clone8.wav,1,0,0.74,False Negative,0.26
user7,50013120251105092121_012_09492d8b-f06b-48aa-8ec9-d76c2401fe0f/clone2.wav,50013120251105092121_012_09492d8b-f06b-48aa-8ec9-d76c2401fe0f,clone2.wav,hai nghìn không trăm chín mươi bảy đúng không? vâng một nghìn chín trăm hai nghìn không trăm chín mươi bảy hoặc là là một nghìn chín trăm hai nghìn hai trăm chín mươi ba nhá một trong hai số này ạ vâng vâng ok anh vâng ạ anh thử gọi cho em xem nhá,work,1,usable,user7,2026-05-25T07:12:04.180959+00:00,1,/kaggle/working/asr_quality_classifier/data/audio/data2/50013120251105092121_012_09492d8b-f06b-48aa-8ec9-d76c2401fe0f/clone2.wav,1,0,0.74,False Negative,0.26
user4,50013120251105163344_000_0fb68ba9-da9c-4250-9ad6-fc3280894975/clone8.wav,50013120251105163344_000_0fb68ba9-da9c-4250-9ad6-fc3280894975,clone8.wav,"a-lô, dạ vâng anh cho em xin nhan được của anh liên hệ với anh tự chăm sóc khách hàng vinfast ạ, vâng ờ em thấy là vừa nãy có xưởng ấy ạ, có gọi cho tổng đài báo là có cho bên kỹ thuật qua hỗ trợ cho mình rồi tuy nhiên lại à không hỗ trợ được đúng không anh?",work,1,usable,user4,2026-05-25T07:12:53.446913+00:00,1,/kaggle/working/asr_quality_classifier/data/audio/data2/50013120251105163344_000_0fb68ba9-da9c-4250-9ad6-fc3280894975/clone8.wav,1,0,0.74,False Negative,0.26
user7,50013120251105163344_001_edc2b9bf-c42d-4694-8cca-24fa2a69e75a/clone3.wav,50013120251105163344_001_edc2b9bf-c42d-4694-8cca-24fa2a69e75a,clone3.wav,"là sao hỗ trợ được là sao anh? dạ vâng ạ tức là anh có em thấy là anh có gọi lên tổng đài để nhờ các bạn để nhờ hỗ trợ cứu hộ chiếc bê em vê kép ấy ạ, xe lỗi về về đúng rồi xưởng dịch vụ ở bên kiên giang ấy ạ là đã có cho mình chưa hả?",work,1,usable,user7,2026-05-26T03:42:03.841001+00:00,1,/kaggle/working/asr_quality_classifier/data/audio/data2/50013120251105163344_001_edc2b9bf-c42d-4694-8cca-24fa2a69e75a/clone3.wav,1,0,0.74,False Negative,0.26
user4,50013120251105163344_002_0dc49e2b-1b57-4987-89a2-8262df126f82/clone3.wav,50013120251105163344_002_0dc49e2b-1b57-4987-89a2-8262df126f82,clone3.wav,chưa có ai gọi chứ nãy giờ em đợi đâu rồi một tiếng rưỡi đồng hồ rồi xưởng dịch vụ ở vinfast năm thành công sạch giá chưa gọi cho mình hả anh?,work,1,usable,user4,2026-05-25T04:38:47.470169+00:00,1,/kaggle/working/asr_quality_classifier/data/audio/data2/50013120251105163344_002_0dc49e2b-1b57-4987-89a2-8262df126f82/clone3.wav,1,0,0.74,False Negative,0.26
user4,50005720251104105708_005_3e109bbc-0e83-4448-8f6f-f66153c4e5e8/clone2.wav,50005720251104105708_005_3e109bbc-0e83-4448-8f6f-f66153c4e5e8,clone2.wav,"làm việc lâu thế nhỉ? vâng ạ, có gì chị để ý máy giúp em nhá ạ",work,1,usable,user4,2026-05-25T07:01:49.582621+00:00,1,/kaggle/working/asr_quality_classifier/data/audio/data2/50005720251104105708_005_3e109bbc-0e83-4448-8f6f-f66153c4e5e8/clone2.wav,1,0,0.74,False Negative,0.26
user4,50005820251103204557_002_fadf3da0-be74-4970-af6d-1790fbc4e018/clone5.wav,50005820251103204557_002_fadf3da0-be74-4970-af6d-1790fbc4e018,clone5.wav,quan trọng là cái này xe mình vẫn di chuyển được thì bên em báo khách hàng di chuyển qua xưởng để kiểm tra thôi gọi tổng đài bên em bên em chỉ thấy báo xưởng cho anh để các bạn hỗ trợ cho mình thôi ạ bởi vì xưởng bên em bên em báo cho anh báo với xưởng là nhận thông tin hỗ trợ anh từ xa rồi mà,work,1,usable,user4,2026-05-25T07:43:23.194190+00:00,1,/kaggle/working/asr_quality_classifier/data/audio/data2/50005820251103204557_002_fadf3da0-be74-4970-af6d-1790fbc4e018/clone5.wav,1,0,0.74,False Negative,0.26
user6,50005820251103204557_002_fadf3da0-be74-4970-af6d-1790fbc4e018/clone6.wav,50005820251103204557_002_fadf3da0-be74-4970-af6d-1790fbc4e018,clone6.wav,quan trọng là cái này xe mình vẫn di chuyển được thì bên em báo khách hàng di chuyển qua xưởng để kiểm tra thôi gọi tổng đài bên em bên em chỉ thấy báo xưởng cho anh để các bạn hỗ trợ cho mình thôi ạ bởi vì xưởng bên em bên em báo cho anh báo với xưởng là nhận thông tin hỗ trợ anh từ xa rồi mà,work,1,usable,user6,2026-05-25T08:33:45.960314+00:00,1,/kaggle/working/asr_quality_classifier/data/audio/data2/50005820251103204557_002_fadf3da0-be74-4970-af6d-1790fbc4e018/clone6.wav,1,0,0.74,False Negative,0.26
user4,50005820251103204557_004_556609ad-2f7b-4de8-af7e-aaaeca393ba7/clone6.wav,50005820251103204557_004_556609ad-2f7b-4de8-af7e-aaaeca393ba7,clone6.wav,rồi để em báo cho xưởng dịch vụ xem sao nhá,work,1,usable,user4,2026-05-25T07:44:00.364601+00:00,1,/kaggle/working/asr_quality_classifier/data/audio/data2/50005820251103204557_004_556609ad-2f7b-4de8-af7e-aaaeca393ba7/clone6.wav,1,0,0.74,False Negative,0.26
user5,50005820251103204557_004_556609ad-2f7b-4de8-af7e-aaaeca393ba7/clone8.wav,50005820251103204557_004_556609ad-2f7b-4de8-af7e-aaaeca393ba7,clone8.wav,rồi để em báo cho xưởng dịch vụ xem sao nhá,work,1,usable,user5,2026-05-25T07:50:27.942052+00:00,1,/kaggle/working/asr_quality_classifier/data/audio/data2/50005820251103204557_004_556609ad-2f7b-4de8-af7e-aaaeca393ba7/clone8.wav,1,0,0.74,False Negative,0.26
user1,50005820251103204557_005_bf74c80e-b322-486b-a14b-b3cda217bf82/clone1.wav,50005820251103204557_005_bf74c80e-b322-486b-a14b-b3cda217bf82,clone1.wav,thì bây giờ anh thật luôn anh cảm thấy cái dịch vụ nó quá chán luôn đấy,work,1,usable,user1,2026-05-25T08:41:52.863275+00:00,1,/kaggle/working/asr_quality_classifier/data/audio/data2/50005820251103204557_005_bf74c80e-b322-486b-a14b-b3cda217bf82/clone1.wav,1,0,0.74,False Negative,0.26
user1,50005820251107091137_001_d20bdcdf-aff2-40a1-b88d-7b2275aa8822/clone1.wav,50005820251107091137_001_d20bdcdf-aff2-40a1-b88d-7b2275aa8822,clone1.wav,"à, vừa nãy mình gọi lên đấy là mình mình gọi ba bốn cuộc cho cái số máy mà hẹn đặt lịch bảo là mà gọi là là cài đặt phần mềm ấy",work,1,usable,user1,2026-05-25T09:44:47.908030+00:00,1,/kaggle/working/asr_quality_classifier/data/audio/data2/50005820251107091137_001_d20bdcdf-aff2-40a1-b88d-7b2275aa8822/clone1.wav,1,0,0.74,False Negative,0.26
user6,50005820251107162922_002_e54f7803-21a7-411e-ac54-36a9eda0f002/clone3.wav,50005820251107162922_002_e54f7803-21a7-411e-ac54-36a9eda0f002,clone3.wav,"của của em á, nhưng mà bên mình kiểm tra thì nói là thiếu xuất xưởng ở",work,1,usable,user6,2026-05-26T04:22:49.473417+00:00,1,/kaggle/working/asr_quality_classifier/data/audio/data2/50005820251107162922_002_e54f7803-21a7-411e-ac54-36a9eda0f002/clone3.wav,1,0,0.74,False Negative,0.26
user5,50005420251108083504_010_743056ab-35ad-4afe-abf8-191a46a1d337/clone6.wav,50005420251108083504_010_743056ab-35ad-4afe-abf8-191a46a1d337,clone6.wav,chín nghìn tám trăm chín mươi tám anh ạ,work,1,usable,user5,2026-05-25T07:18:59.456710+00:00,1,/kaggle/working/asr_quality_classifier/data/audio/data2/50005420251108083504_010_743056ab-35ad-4afe-abf8-191a46a1d337/clone6.wav,1,0,0.74,False Negative,0.26
user7,50005420251108083504_011_bf994521-afa9-4753-8c74-b189ac430669/clone6.wav,50005420251108083504_011_bf994521-afa9-4753-8c74-b189ac430669,clone6.wav,"dạ, cảm ơn dạ, vâng vâng mình chắc ở bên xưởng chứ em ở trên tùng bảy vũng tàu hà nội đây ạ vâng dạ, cảm ơn dạ, dạ",work,1,usable,user7,2026-05-26T03:07:07.935032+00:00,1,/kaggle/working/asr_quality_classifier/data/audio/data2/50005420251108083504_011_bf994521-afa9-4753-8c74-b189ac430669/clone6.wav,1,0,0.74,False Negative,0.26
user6,50005420251108105855_003_50b3e387-a7d7-4081-aeb0-a15261ae9958/clone5.wav,50005420251108105855_003_50b3e387-a7d7-4081-aeb0-a15261ae9958,clone5.wav,mỗi thế thôi anh? có cụ thể hơn chút được không anh?,work,1,usable,user6,2026-05-25T08:15:59.202585+00:00,1,/kaggle/working/asr_quality_classifier/data/audio/data2/50005420251108105855_003_50b3e387-a7d7-4081-aeb0-a15261ae9958/clone5.wav,1,0,0.74,False Negative,0.26
user4,50005420251108105855_006_81556b9e-07c2-43c0-bc3e-5920e230296c/clone2.wav,50005420251108105855_006_81556b9e-07c2-43c0-bc3e-5920e230296c,clone2.wav,thế thì hà trung nó đâu có trạm dịch vụ của vinfast đâu nó chỉ có ở bỉm sơn thôi mà hà lĩnh à anh? ờ nó là xã hà lĩnh hà trung nông hóa nó ở,work,1,usable,user4,2026-05-25T07:54:59.847583+00:00,1,/kaggle/working/asr_quality_classifier/data/audio/data2/50005420251108105855_006_81556b9e-07c2-43c0-bc3e-5920e230296c/clone2.wav,1,0,0.74,False Negative,0.26
user6,50005420251108105855_006_81556b9e-07c2-43c0-bc3e-5920e230296c/clone8.wav,50005420251108105855_006_81556b9e-07c2-43c0-bc3e-5920e230296c,clone8.wav,thế thì hà trung nó đâu có trạm dịch vụ của vinfast đâu nó chỉ có ở bỉm sơn thôi mà hà lĩnh à anh? ờ nó là xã hà lĩnh hà trung nông hóa nó ở,work,1,usable,user6,2026-05-26T03:25:46.136321+00:00,1,/kaggle/working/asr_quality_classifier/data/audio/data2/50005420251108105855_006_81556b9e-07c2-43c0-bc3e-5920e230296c/clone8.wav,1,0,0.74,False Negative,0.26
user4,50005420251111201009_002_1afb5229-8de8-458f-b890-02f0a9aad40b/clone5.wav,50005420251111201009_002_1afb5229-8de8-458f-b890-02f0a9aad40b,clone5.wav,"bên phát hùng sơn ở ở bên bến vân đồn ạ rồi rồi dạ, em muốn chuyển cái đơn hàng đó qua bên bến phát hùng sơn",work,1,usable,user4,2026-05-26T02:26:48.395318+00:00,1,/kaggle/working/asr_quality_classifier/data/audio/data2/50005420251111201009_002_1afb5229-8de8-458f-b890-02f0a9aad40b/clone5.wav,1,0,0.74,False Negative,0.26
user2,50005420251111201009_007_fbd59b3e-f13c-499a-8970-90f8f0615768/clone5.wav,50005420251111201009_007_fbd59b3e-f13c-499a-8970-90f8f0615768,clone5.wav,"ở đường lê hồng phong hả chị? dạ, đúng rồi ạ vâng",work,1,usable,user2,2026-05-25T08:55:26.047818+00:00,1,/kaggle/working/asr_quality_classifier/data/audio/data2/50005420251111201009_007_fbd59b3e-f13c-499a-8970-90f8f0615768/clone5.wav,1,0,0.74,False Negative,0.26
user7,50005420251111201009_007_fbd59b3e-f13c-499a-8970-90f8f0615768/clone6.wav,50005420251111201009_007_fbd59b3e-f13c-499a-8970-90f8f0615768,clone6.wav,"ở đường lê hồng phong hả chị? dạ, đúng rồi ạ vâng",work,1,usable,user7,2026-05-25T08:30:10.240525+00:00,1,/kaggle/working/asr_quality_classifier/data/audio/data2/50005420251111201009_007_fbd59b3e-f13c-499a-8970-90f8f0615768/clone6.wav,1,0,0.74,False Negative,0.26
user3,50005420251103103353_002_a60ac41a-3d45-4ba8-a43f-b2183a11754d/clone8.wav,50005420251103103353_002_a60ac41a-3d45-4ba8-a43f-b2183a11754d,clone8.wav,thế thì anh bảo bên bên xanh người ta đến lấy thế bây bây giờ em đắt sao thì sang bên ý anh? cái này thì em cũng xin lỗi anh bên em không có phương án nào khác em hỏi bên bộ phận quản lý thì họ báo là như vậy thôi anh ạ còn cái cơ sở mà anh đang ở ấy thì người ta có năm đến sáu à sáu mươi đến bảy mươi xe của bên xanh sửa xong rồi nhưng mà bên xanh không đến lấy nên họ không còn chỗ để mà nhét xe vào nữa,work,1,usable,user3,2026-05-25T08:22:34.400700+00:00,1,/kaggle/working/asr_quality_classifier/data/audio/data2/50005420251103103353_002_a60ac41a-3d45-4ba8-a43f-b2183a11754d/clone8.wav,1,0,0.74,False Negative,0.26
user2,50005420251103152203_001_73299d93-f838-49db-b190-5794fe064d21/clone6.wav,50005420251103152203_001_73299d93-f838-49db-b190-5794fe064d21,clone6.wav,dạ vâng anh sẽ tự gọi lại phát ạ em thấy mình gọi nhỡ vừa rồi chưa kịp hỗ trợ ạ không biết có vấn đề gì ạ em đang hỏi chút là về cái vấn đề mà bây giờ em muốn làm cái giấy tờ xe để em đóng thuế đấy vâng thì là bây giờ em hiện tại em bây giờ em có giấy hóa đơn xuất xưởng à giấy hóa đơn xuất xưởng và giấy hóa đơn đỏ ở bên điện tử mình gửi cho em ấy vâng thì là bây giờ em cho em hỏi bây giờ em muốn làm biển thì là em sẽ như thế nào? anh có thể tư vấn qua cho em được không? làm biển thì bây giờ mình đóng thuế trước,work,1,usable,user2,2026-05-25T09:07:09.398025+00:00,1,/kaggle/working/asr_quality_classifier/data/audio/data2/50005420251103152203_001_73299d93-f838-49db-b190-5794fe064d21/clone6.wav,1,0,0.74,False Negative,0.26
user4,50005420251105064511_008_a81226f2-4730-4513-9422-777eb3c5d89f/clone1.wav,50005420251105064511_008_a81226f2-4730-4513-9422-777eb3c5d89f,clone1.wav,còn mười lăm phần trăm xe đang ở đâu đấy ạ?,work,1,usable,user4,2026-05-25T08:34:18.369797+00:00,1,/kaggle/working/asr_quality_classifier/data/audio/data2/50005420251105064511_008_a81226f2-4730-4513-9422-777eb3c5d89f/clone1.wav,1,0,0.74,False Negative,0.26
user2,50005420251105064511_008_a81226f2-4730-4513-9422-777eb3c5d89f/clone6.wav,50005420251105064511_008_a81226f2-4730-4513-9422-777eb3c5d89f,clone6.wav,còn mười lăm phần trăm xe đang ở đâu đấy ạ?,work,1,usable,user2,2026-05-26T01:49:57.043958+00:00,1,/kaggle/working/asr_quality_classifier/data/audio/data2/50005420251105064511_008_a81226f2-4730-4513-9422-777eb3c5d89f/clone6.wav,1,0,0.74,False Negative,0.26
user3,50005420251105064511_009_92dc9f57-56c4-425f-be90-acda7bb736be/clone6.wav,50005420251105064511_009_92dc9f57-56c4-425f-be90-acda7bb736be,clone6.wav,xe đang ở gần đê-pô ô-sần pác gần đê-pô cái này chắc là vẫn không mình mà không mở được thì chắc là mình phải chạy qua à thì sợ lát đến giờ hành chính mình chạy qua ô-sần pác đi người ta hỗ trợ mở thôi anh ạ,work,1,usable,user3,2026-05-25T04:51:58.270205+00:00,1,/kaggle/working/asr_quality_classifier/data/audio/data2/50005420251105064511_009_92dc9f57-56c4-425f-be90-acda7bb736be/clone6.wav,1,0,0.74,False Negative,0.26
user3,50005420251105064511_010_5f364a3a-bfe0-43c7-a2cb-910266d26cbf/clone5.wav,50005420251105064511_010_5f364a3a-bfe0-43c7-a2cb-910266d26cbf,clone5.wav,vâng em đang ở ô-sần pác đây vâng thì chắc là chờ xưởng thôi anh ạ chờ vâng xưởng người ta hỗ trợ được chứ ạ bên em thì chỉ có hướng dẫn từ xa với cơ bản nhưng mà dây nhưng mà cổng nạp cổng sạc thì chắc không rút dây cơ chắc cũng không được,work,1,usable,user3,2026-05-25T05:21:20.373822+00:00,1,/kaggle/working/asr_quality_classifier/data/audio/data2/50005420251105064511_010_5f364a3a-bfe0-43c7-a2cb-910266d26cbf/clone5.wav,1,0,0.74,False Negative,0.26
user2,50005420251107180111_000_357358ef-2e7e-4f1b-a53f-bb1ea18589f3/clone1.wav,50005420251107180111_000_357358ef-2e7e-4f1b-a53f-bb1ea18589f3,clone1.wav,a-lô vâng em thấy mình gọi nhỡ lại tổng đài vinfast thì không biết có vấn đề gì ạ?,work,1,usable,user2,2026-05-25T08:18:55.780584+00:00,1,/kaggle/working/asr_quality_classifier/data/audio/data2/50005420251107180111_000_357358ef-2e7e-4f1b-a53f-bb1ea18589f3/clone1.wav,1,0,0.74,False Negative,0.26
user3,50005420251108083504_010_743056ab-35ad-4afe-abf8-191a46a1d337/clone1.wav,50005420251108083504_010_743056ab-35ad-4afe-abf8-191a46a1d337,clone1.wav,chín nghìn tám trăm chín mươi tám anh ạ,work,1,usable,user3,2026-05-26T03:39:08.026072+00:00,1,/kaggle/working/asr_quality_classifier/data/audio/data2/50005420251108083504_010_743056ab-35ad-4afe-abf8-191a46a1d337/clone1.wav,1,0,0.74,False Negative,0.26
user7,50013220251103170124_002_1fb3068b-4ea0-495a-b747-6e4743ce16f1/clone8.wav,50013220251103170124_002_1fb3068b-4ea0-495a-b747-6e4743ce16f1,clone8.wav,"dạ, dạ, em cảm ơn chị, em chào chị chưa xong",work,1,usable,user7,2026-05-25T08:16:48.821883+00:00,1,/kaggle/working/asr_quality_classifier/data/audio/data2/50013220251103170124_002_1fb3068b-4ea0-495a-b747-6e4743ce16f1/clone8.wav,1,0,0.74,False Negative,0.26
user4,50013220251105145630_002_007b7da0-1ce7-4f0d-8463-c36b836209f5/clone5.wav,50013220251105145630_002_007b7da0-1ce7-4f0d-8463-c36b836209f5,clone5.wav,"tăng giảm volume vâng, anh có thấy không ạ?",work,1,usable,user4,2026-05-25T09:00:22.589069+00:00,1,/kaggle/working/asr_quality_classifier/data/audio/data2/50013220251105145630_002_007b7da0-1ce7-4f0d-8463-c36b836209f5/clone5.wav,1,0,0.74,False Negative,0.26
user1,50013220251105145630_006_c026958a-942e-4edd-8c42-25ee50a2bdb8/clone2.wav,50013220251105145630_006_c026958a-942e-4edd-8c42-25ee50a2bdb8,clone2.wav,"rồi, rồi, ok, ok làm vậy thôi là được đúng không? đúng rồi anh rồi, rồi, ok anh thử thao tác luôn giúp em nhá có gì vẫn không được nữa thì anh gọi lại lên tổng đài để bên em hỗ trợ tiếp ạ",work,1,usable,user1,2026-05-25T09:11:53.221846+00:00,1,/kaggle/working/asr_quality_classifier/data/audio/data2/50013220251105145630_006_c026958a-942e-4edd-8c42-25ee50a2bdb8/clone2.wav,1,0,0.74,False Negative,0.26
user4,50000820251112111403_004_3536d25e-0e1b-477c-9fdd-7e3dcceb5cc6/clone3.wav,50000820251112111403_004_3536d25e-0e1b-477c-9fdd-7e3dcceb5cc6,clone3.wav,chờ vậy thì đơn hàng đã được chuyển về bên phía đại lý rồi đấy để em kiểm tra xem là được chuyển về đại lý nào anh nhá,work,1,usable,user4,2026-05-26T03:28:37.728786+00:00,1,/kaggle/working/asr_quality_classifier/data/audio/data2/50000820251112111403_004_3536d25e-0e1b-477c-9fdd-7e3dcceb5cc6/clone3.wav,1,0,0.74,False Negative,0.26
user3,50005120251104180240_003_f92fcadd-1178-409b-a39a-57d6e33e2e95/clone3.wav,50005120251104180240_003_f92fcadd-1178-409b-a39a-57d6e33e2e95,clone3.wav,"ờ, thì đấy thì chỉ có mỗi cái vấn đề từ lúc mà anh",work,1,usable,user3,2026-05-25T05:24:57.346619+00:00,1,/kaggle/working/asr_quality_classifier/data/audio/data2/50005120251104180240_003_f92fcadd-1178-409b-a39a-57d6e33e2e95/clone3.wav,1,0,0.74,False Negative,0.26
user1,50005120251104180240_004_21133651-72e8-4443-ae1a-fc41208fa624/clone2.wav,50005120251104180240_004_21133651-72e8-4443-ae1a-fc41208fa624,clone2.wav,"dạ vâng dạ, a-lô ạ",work,1,usable,user1,2026-05-26T03:07:02.010360+00:00,1,/kaggle/working/asr_quality_classifier/data/audio/data2/50005120251104180240_004_21133651-72e8-4443-ae1a-fc41208fa624/clone2.wav,1,0,0.74,False Negative,0.26
user7,50005120251104180240_004_21133651-72e8-4443-ae1a-fc41208fa624/clone4.wav,50005120251104180240_004_21133651-72e8-4443-ae1a-fc41208fa624,clone4.wav,"dạ vâng dạ, a-lô ạ",work,1,usable,user7,2026-05-25T08:17:19.191351+00:00,1,/kaggle/working/asr_quality_classifier/data/audio/data2/50005120251104180240_004_21133651-72e8-4443-ae1a-fc41208fa624/clone4.wav,1,0,0.74,False Negative,0.26
user4,50005120251104180240_006_2b7c20b1-6c10-4eb9-bd8c-895c1daef9cb/clone2.wav,50005120251104180240_006_2b7c20b1-6c10-4eb9-bd8c-895c1daef9cb,clone2.wav,"dạ, a-lô ạ hiện tại anh chưa nghê thấy tín hiệu từ phía anh, em xin phép được liên hệ lại ạ à, dạ a-lô ạ ờ, em nghê được chưa? à, dạ được rồi anh ạ tức là anh cũng lấy trên mạng thấy nhiều người mà họ cũng phàn nàn về cái này thì anh nghĩ là bên mình cũng nên giải quyết nó dứt điểm cái này là thấy lỗi ở vê ép tám cũng nhiều đấy à, dạ vâng cứ xử lý theo cái hướng mà thay thế như này mà lại bị lại ấy thì khả năng là nó là lỗi về kỹ thuật chứ không phải là lỗi về thiết bị dạ nên là mình cũng nên cân nhắc, không cứ thay thế thay thế xong mà nó phí, phí phí những cái cái mà mình thay đi dạ vâng thay xong lại hỏng, thay lại hỏng dạ vâng, em xin phép ghi nhận ý kiến góp ý của anh ạ tại vì trường hợp này của anh thì khi mà nhận thông tin em cũng có báo kỹ thuật nhà máy can thiệp cùng rồi thì có gì anh sử dụng xe theo dõi thêm giúp em, có phát sinh gì anh cứ báo lại anh nhá ừ, ừ, ok, anh cảm ơn dạ, em chào anh ạ ừ, chào anh",work,1,usable,user4,2026-05-25T07:04:26.691203+00:00,1,/kaggle/working/asr_quality_classifier/data/audio/data2/50005120251104180240_006_2b7c20b1-6c10-4eb9-bd8c-895c1daef9cb/clone2.wav,1,0,0.74,False Negative,0.26
user3,50013120251114115815_009_db4d909a-fbee-4711-8e6e-3e143b0bf965/clone5.wav,50013120251114115815_009_db4d909a-fbee-4711-8e6e-3e143b0bf965,clone5.wav,ờ bởi vì hiện tại á thì xưởng dịch vụ ở bên,work,1,usable,user3,2026-05-26T03:40:27.079038+00:00,1,/kaggle/working/asr_quality_classifier/data/audio/data2/50013120251114115815_009_db4d909a-fbee-4711-8e6e-3e143b0bf965/clone5.wav,1,0,0.74,False Negative,0.26
user5,50013120251114115815_009_db4d909a-fbee-4711-8e6e-3e143b0bf965/clone6.wav,50013120251114115815_009_db4d909a-fbee-4711-8e6e-3e143b0bf965,clone6.wav,ờ bởi vì hiện tại á thì xưởng dịch vụ ở bên,work,1,usable,user5,2026-05-25T04:51:13.069421+00:00,1,/kaggle/working/asr_quality_classifier/data/audio/data2/50013120251114115815_009_db4d909a-fbee-4711-8e6e-3e143b0bf965/clone6.wav,1,0,0.74,False Negative,0.26
user4,50013120251114115815_010_aca7c24a-590b-4a9d-ba69-f7b5f557bd58/clone2.wav,50013120251114115815_010_aca7c24a-590b-4a9d-ba69-f7b5f557bd58,clone2.wav,miền nam thắng rạch giá kiên giang ấy ạ báo lại cho bên em là đang chưa có xe cứu hộ ấy ạ nên sẽ bảo cho bên em sẽ là điều phối ạ sang xưởng dịch vụ khác nhá đó là ở vinfast trương thành kiên giang chị ạ đúng rồi đúng rồi đúng rồi đúng rồi vâng ạ bên em cho báo xưởng này kiểm tra nhá liên hệ và hỗ trợ cho chị chị ạ rồi ok cảm ơn anh dạ vâng ạ chúc anh chị ạ dạ,work,1,usable,user4,2026-05-25T09:01:30.328980+00:00,1,/kaggle/working/asr_quality_classifier/data/audio/data2/50013120251114115815_010_aca7c24a-590b-4a9d-ba69-f7b5f557bd58/clone2.wav,1,0,0.74,False Negative,0.26
user1,50013220251101024420_005_5e7b9ac4-4395-43ac-a846-b406e641ef06/clone1.wav,50013220251101024420_005_5e7b9ac4-4395-43ac-a846-b406e641ef06,clone1.wav,à nãy ghi nhầm thông tin của anh là một trăm sáu mươi ba thì nãy em lại thành ba trăm sáu mươi ba bảo sao là không kiểm tra ra được,work,1,usable,user1,2026-05-26T03:06:07.984762+00:00,1,/kaggle/working/asr_quality_classifier/data/audio/data2/50013220251101024420_005_5e7b9ac4-4395-43ac-a846-b406e641ef06/clone1.wav,1,0,0.74,False Negative,0.26
user6,50013220251101024420_005_5e7b9ac4-4395-43ac-a846-b406e641ef06/clone8.wav,50013220251101024420_005_5e7b9ac4-4395-43ac-a846-b406e641ef06,clone8.wav,à nãy ghi nhầm thông tin của anh là một trăm sáu mươi ba thì nãy em lại thành ba trăm sáu mươi ba bảo sao là không kiểm tra ra được,work,1,usable,user6,2026-05-25T10:12:27.836087+00:00,1,/kaggle/working/asr_quality_classifier/data/audio/data2/50013220251101024420_005_5e7b9ac4-4395-43ac-a846-b406e641ef06/clone8.wav,1,0,0.74,False Negative,0.26
user3,50013220251101024420_008_2fe3c831-6711-4611-8641-5ab071c7202b/clone4.wav,50013220251101024420_008_2fe3c831-6711-4611-8641-5ab071c7202b,clone4.wav,"hiện tại mình vẫn chưa liên hệ được bảo hiểm ạ chắc phải đợi một lúc nữa vâng, cái này thì em trao đổi lại với anh ạ bây giờ trường hợp này thì anh cần làm rõ về thông tin về bảo hiểm trước giúp em nhá để xem họ yêu cầu kéo về đâu tránh trường hợp mà kéo về xưởng dịch vụ khác mà bây giờ lại",work,1,usable,user3,2026-05-25T07:36:36.144217+00:00,1,/kaggle/working/asr_quality_classifier/data/audio/data2/50013220251101024420_008_2fe3c831-6711-4611-8641-5ab071c7202b/clone4.wav,1,0,0.74,False Negative,0.26
user4,50013220251101024420_008_2fe3c831-6711-4611-8641-5ab071c7202b/clone6.wav,50013220251101024420_008_2fe3c831-6711-4611-8641-5ab071c7202b,clone6.wav,"hiện tại mình vẫn chưa liên hệ được bảo hiểm ạ chắc phải đợi một lúc nữa vâng, cái này thì em trao đổi lại với anh ạ bây giờ trường hợp này thì anh cần làm rõ về thông tin về bảo hiểm trước giúp em nhá để xem họ yêu cầu kéo về đâu tránh trường hợp mà kéo về xưởng dịch vụ khác mà bây giờ lại",work,1,usable,user4,2026-05-25T07:03:27.204382+00:00,1,/kaggle/working/asr_quality_classifier/data/audio/data2/50013220251101024420_008_2fe3c831-6711-4611-8641-5ab071c7202b/clone6.wav,1,0,0.74,False Negative,0.26
user6,50013220251101024420_009_b3a88be4-a3ec-4627-94c4-8a15f4b9af5e/clone1.wav,50013220251101024420_009_b3a88be4-a3ec-4627-94c4-8a15f4b9af5e,clone1.wav,kiểu kiểu kéo về xưởng dịch vụ khác xong rồi mai thôi xưởng dịch vụ đấy lại không liên kết với bảo hiểm ấy thì mình lại bị,work,1,usable,user6,2026-05-26T02:58:30.412818+00:00,1,/kaggle/working/asr_quality_classifier/data/audio/data2/50013220251101024420_009_b3a88be4-a3ec-4627-94c4-8a15f4b9af5e/clone1.wav,1,0,0.74,False Negative,0.26
user1,50013320251101131036_008_ab25f549-2c8e-479f-8966-6326c9968eb1/clone1.wav,50013320251101131036_008_ab25f549-2c8e-479f-8966-6326c9968eb1,clone1.wav,nhìn bốn chân sau nó ở phần anh anh vào bấm phần tài khoản này đăng xuất à? vâng đúng rồi đăng xuất đấy ạ anh đăng nhập lại giúp em,work,1,usable,user1,2026-05-26T02:12:51.117729+00:00,1,/kaggle/working/asr_quality_classifier/data/audio/data2/50013320251101131036_008_ab25f549-2c8e-479f-8966-6326c9968eb1/clone1.wav,1,0,0.74,False Negative,0.26
user5,50013320251101131036_008_ab25f549-2c8e-479f-8966-6326c9968eb1/clone5.wav,50013320251101131036_008_ab25f549-2c8e-479f-8966-6326c9968eb1,clone5.wav,nhìn bốn chân sau nó ở phần anh anh vào bấm phần tài khoản này đăng xuất à? vâng đúng rồi đăng xuất đấy ạ anh đăng nhập lại giúp em,work,1,usable,user5,2026-05-25T07:22:33.712109+00:00,1,/kaggle/working/asr_quality_classifier/data/audio/data2/50013320251101131036_008_ab25f549-2c8e-479f-8966-6326c9968eb1/clone5.wav,1,0,0.74,False Negative,0.26
user1,50013320251101131036_008_ab25f549-2c8e-479f-8966-6326c9968eb1/clone6.wav,50013320251101131036_008_ab25f549-2c8e-479f-8966-6326c9968eb1,clone6.wav,nhìn bốn chân sau nó ở phần anh anh vào bấm phần tài khoản này đăng xuất à? vâng đúng rồi đăng xuất đấy ạ anh đăng nhập lại giúp em,work,1,usable,user1,2026-05-26T02:14:11.458062+00:00,1,/kaggle/working/asr_quality_classifier/data/audio/data2/50013320251101131036_008_ab25f549-2c8e-479f-8966-6326c9968eb1/clone6.wav,1,0,0.74,False Negative,0.26
user7,50013320251102131748_002_d8b69646-da32-4c28-a630-fee7d1cc8964/clone1.wav,50013320251102131748_002_d8b69646-da32-4c28-a630-fee7d1cc8964,clone1.wav,"vâng, mình gửi cho cái hóa đơn điện tử mà em đăng ký phai trên mạng ấy dạ nhưng có biển nhưng ra người ta bảo phải gửi hóa đơn",work,1,usable,user7,2026-05-26T04:17:09.047617+00:00,1,/kaggle/working/asr_quality_classifier/data/audio/data2/50013320251102131748_002_d8b69646-da32-4c28-a630-fee7d1cc8964/clone1.wav,1,0,0.74,False Negative,0.26
user5,50013320251102131748_002_d8b69646-da32-4c28-a630-fee7d1cc8964/clone5.wav,50013320251102131748_002_d8b69646-da32-4c28-a630-fee7d1cc8964,clone5.wav,"vâng, mình gửi cho cái hóa đơn điện tử mà em đăng ký phai trên mạng ấy dạ nhưng có biển nhưng ra người ta bảo phải gửi hóa đơn",work,1,usable,user5,2026-05-26T04:49:00.533759+00:00,1,/kaggle/working/asr_quality_classifier/data/audio/data2/50013320251102131748_002_d8b69646-da32-4c28-a630-fee7d1cc8964/clone5.wav,1,0,0.74,False Negative,0.26
user4,50013320251102131748_006_c8766767-35de-407b-9676-9372c9f92686/clone5.wav,50013320251102131748_006_c8766767-35de-407b-9676-9372c9f92686,clone5.wav,"dạ, vâng bên em tiếp nhận cái của anh huy rồi đấy ạ bên em ghi nhận địa chỉ là gửi này hóa đơn cứng cho anh về địa chỉ thôn ba, phường hòa bình, thành phố hải phòng đúng không anh?",work,1,usable,user4,2026-05-25T07:05:42.500109+00:00,1,/kaggle/working/asr_quality_classifier/data/audio/data2/50013320251102131748_006_c8766767-35de-407b-9676-9372c9f92686/clone5.wav,1,0,0.74,False Negative,0.26
user2,50013320251103231105_000_c58ee349-0dbc-4677-b470-680cd38190c5/clone4.wav,50013320251103231105_000_c58ee349-0dbc-4677-b470-680cd38190c5,clone4.wav,"dạ a-lô ạ vâng à anh hạnh ơi, cái xưởng dịch vụ mà lệ mận mà ở trên chỗ thành phố à trên chỗ phố nối nó là cái xưởng 1s anh ạ, không có sửa chữa anh ạ",work,1,usable,user2,2026-05-25T05:06:52.143119+00:00,1,/kaggle/working/asr_quality_classifier/data/audio/data2/50013320251103231105_000_c58ee349-0dbc-4677-b470-680cd38190c5/clone4.wav,1,0,0.74,False Negative,0.26
user4,50013320251103231105_008_aac63fdc-d106-4883-81b4-cce61016e919/clone3.wav,50013320251103231105_008_aac63fdc-d106-4883-81b4-cce61016e919,clone3.wav,kéo này thay lốp thì,work,1,usable,user4,2026-05-26T04:35:20.204823+00:00,1,/kaggle/working/asr_quality_classifier/data/audio/data2/50013320251103231105_008_aac63fdc-d106-4883-81b4-cce61016e919/clone3.wav,1,0,0.74,False Negative,0.26
user5,50013220251112105955_003_e5188e96-a150-4bcb-8f58-e354b891b09a/clone7.wav,50013220251112105955_003_e5188e96-a150-4bcb-8f58-e354b891b09a,clone7.wav,mình đặt cọc vào số này hay số nào khác ạ? số này ạ,work,1,usable,user5,2026-05-25T08:54:48.478151+00:00,1,/kaggle/working/asr_quality_classifier/data/audio/data2/50013220251112105955_003_e5188e96-a150-4bcb-8f58-e354b891b09a/clone7.wav,1,0,0.74,False Negative,0.26
user2,50013220251112105955_013_33bb0607-a81d-4dfc-865c-2e34e8c75c9a/clone4.wav,50013220251112105955_013_33bb0607-a81d-4dfc-865c-2e34e8c75c9a,clone4.wav,vâng vâng em cảm ơn anh ạ vâng vâng vâng anh vui lòng chờ thêm giúp em nhá,work,1,usable,user2,2026-05-25T04:56:40.899037+00:00,1,/kaggle/working/asr_quality_classifier/data/audio/data2/50013220251112105955_013_33bb0607-a81d-4dfc-865c-2e34e8c75c9a/clone4.wav,1,0,0.74,False Negative,0.26
user2,50013220251112124057_002_194b5b58-e72d-44ed-9370-65403c1a310d/clone6.wav,50013220251112124057_002_194b5b58-e72d-44ed-9370-65403c1a310d,clone6.wav,mình đang muốn là đổi cái địa điểm mà lấy xe đấy đợt trước mình khảo sát thì đã ở cái vin-com bốn mươi lăm tầng đấy nhưng mà hiện tại mình qua đấy thì người ta bảo là,work,1,usable,user2,2026-05-25T08:31:04.569920+00:00,1,/kaggle/working/asr_quality_classifier/data/audio/data2/50013220251112124057_002_194b5b58-e72d-44ed-9370-65403c1a310d/clone6.wav,1,0,0.74,False Negative,0.26
user2,50013220251112164654_004_f0805b85-54f3-460e-802a-f9c905c4285e/clone3.wav,50013220251112164654_004_f0805b85-54f3-460e-802a-f9c905c4285e,clone3.wav,"ờ anh đặt qua vinfast ô-tô không, em đang hỏi anh nhá anh là cán bộ nhân viên của s g m đúng không ạ? đúng rồi, s g m em nhận thông tin anh nhá để em chuyển lại cho bên phía bộ phận để các bạn ấy kiểm tra và có hướng xử lý cho mình dạ, ok cảm ơn anh vâng, cảm ơn anh",work,1,usable,user2,2026-05-26T01:58:20.644140+00:00,1,/kaggle/working/asr_quality_classifier/data/audio/data2/50013220251112164654_004_f0805b85-54f3-460e-802a-f9c905c4285e/clone3.wav,1,0,0.74,False Negative,0.26
user4,50013220251113170349_000_4cdd8edb-dd90-45af-8e41-fe92bf92034e/clone2.wav,50013220251113170349_000_4cdd8edb-dd90-45af-8e41-fe92bf92034e,clone2.wav,a-lô vâng em chào anh sang bên đọc khoa bên bộ phận vinfast đấy ạ anh sang bên em thấy anh có gửi một thông tin lên trên áp của vinfast ý là anh cần xóa áp để tạo áp mới ạ tại sao là mình lại phải xóa áp rồi tạo áp mới là sao hả anh? à do là cái cái áp đó là tự nhiên em quên mất vào đăng ký anh nên giờ em đăng nhập vào liên kết với xe không được anh quên mật khẩu đấy ạ dạ không không à nghĩa là ở đây á là họ có tạo đăng nhập cho em là em chỉ cần vào đăng nhập thôi nhưng mà em lỡ vào đăng ký mất rồi á,work,1,usable,user4,2026-05-26T03:16:45.676829+00:00,1,/kaggle/working/asr_quality_classifier/data/audio/data2/50013220251113170349_000_4cdd8edb-dd90-45af-8e41-fe92bf92034e/clone2.wav,1,0,0.74,False Negative,0.26
user7,50013220251113170349_001_19205d46-1300-4d5c-9fb0-8a50cba5da85/clone6.wav,50013220251113170349_001_19205d46-1300-4d5c-9fb0-8a50cba5da85,clone6.wav,không không không không cần đâu anh ạ không cần thiết cái trường hợp là anh đã tạo tài khoản rồi thì bây giờ các bạn ấy chỉ cần điền các cái thông tin của anh vào trên hệ thống để gắn thông tin xe này với cả số khung xe thôi thế còn nếu mà anh chưa tạo tài khoản thì làm sao mà gắn các cái thông tin được cái việc mình tạo tài khoản là đúng rồi mà anh có bị sai đâu ạ?,work,1,usable,user7,2026-05-25T07:14:26.632163+00:00,1,/kaggle/working/asr_quality_classifier/data/audio/data2/50013220251113170349_001_19205d46-1300-4d5c-9fb0-8a50cba5da85/clone6.wav,1,0,0.74,False Negative,0.26
user1,50013220251113170349_001_19205d46-1300-4d5c-9fb0-8a50cba5da85/clone7.wav,50013220251113170349_001_19205d46-1300-4d5c-9fb0-8a50cba5da85,clone7.wav,không không không không cần đâu anh ạ không cần thiết cái trường hợp là anh đã tạo tài khoản rồi thì bây giờ các bạn ấy chỉ cần điền các cái thông tin của anh vào trên hệ thống để gắn thông tin xe này với cả số khung xe thôi thế còn nếu mà anh chưa tạo tài khoản thì làm sao mà gắn các cái thông tin được cái việc mình tạo tài khoản là đúng rồi mà anh có bị sai đâu ạ?,work,1,usable,user1,2026-05-25T08:54:16.171661+00:00,1,/kaggle/working/asr_quality_classifier/data/audio/data2/50013220251113170349_001_19205d46-1300-4d5c-9fb0-8a50cba5da85/clone7.wav,1,0,0.74,False Negative,0.26
user6,50013220251114140720_003_c54a74fa-1c68-43f5-94bd-92c4a6d0d617/clone5.wav,50013220251114140720_003_c54a74fa-1c68-43f5-94bd-92c4a6d0d617,clone5.wav,"tại vì chiếc xe em đang chuẩn bị á là với e-rờ ét á là coi xe dạ vâng nhưng nhưng mà tại vì hiện tại á là thay vì á là cái bên vùng năm kéo xe cho em thử thì em mới điện lên tổng đài á là có thể hỗ trợ em là bên ki-a á là kéo xe về giúp em được không? chứ em thì em chưa biết số điện thoại bên ki-a để em điện luôn á nghĩa là như thế này ạ em vừa gọi cho đông sài gòn là cái xưởng dịch vụ mà chị báo là chị muốn kéo về đấy để cho bên phía bên đấy xử lý xong rồi e-rờ ét người ta làm việc đi ạ, đúng không ạ?",work,1,usable,user6,2026-05-26T04:11:03.339775+00:00,1,/kaggle/working/asr_quality_classifier/data/audio/data2/50013220251114140720_003_c54a74fa-1c68-43f5-94bd-92c4a6d0d617/clone5.wav,1,0,0.74,False Negative,0.26
user4,50013220251110114055_003_acce699d-066a-4f27-8ced-f7f754beda72/clone5.wav,50013220251110114055_003_acce699d-066a-4f27-8ced-f7f754beda72,clone5.wav,xưởng sờ-mát chưa để anh mang xe đến,work,1,usable,user4,2026-05-26T02:00:24.666479+00:00,1,/kaggle/working/asr_quality_classifier/data/audio/data2/50013220251110114055_003_acce699d-066a-4f27-8ced-f7f754beda72/clone5.wav,1,0,0.74,False Negative,0.26
user7,50013220251110114055_006_a9dc8682-6256-4383-b8cd-d79dcab626f1/clone8.wav,50013220251110114055_006_a9dc8682-6256-4383-b8cd-d79dcab626f1,clone8.wav,vâng anh chờ em chút để em kiểm tra nhá,work,1,usable,user7,2026-05-26T03:03:21.808037+00:00,1,/kaggle/working/asr_quality_classifier/data/audio/data2/50013220251110114055_006_a9dc8682-6256-4383-b8cd-d79dcab626f1/clone8.wav,1,0,0.74,False Negative,0.26
user6,50013220251110182819_003_49e65b96-60b7-4489-8e6d-40f55cf57660/clone4.wav,50013220251110182819_003_49e65b96-60b7-4489-8e6d-40f55cf57660,clone4.wav,"nghĩa là cái trường hợp là bây giờ là đơn trả góp của anh ở bên phía huy hiệu nha trang thì có hiệu lực rồi đúng không ạ? không hủy được nữa thì bây giờ chỉ cần đơn hàng được chuyển về đó là họ có thể bàn giao xe cho anh và là hoàn tất nốt các cái hồ sơ thủ tục cho mình dạ đúng rồi vâng, rồi em nhận thông tin anh nhá để em báo lại cho bên phía đại lý phùng phương để họ chuyển đổi đơn hàng sang đấy cho anh ạ dạ em cảm ơn anh dạ em cảm ơn anh trọng em chào anh ạ dạ, dạ",work,1,usable,user6,2026-05-26T03:00:09.122494+00:00,1,/kaggle/working/asr_quality_classifier/data/audio/data2/50013220251110182819_003_49e65b96-60b7-4489-8e6d-40f55cf57660/clone4.wav,1,0,0.74,False Negative,0.26
user7,50013220251111175722_000_660c1952-ab98-4efa-9a26-1b9013c0c1aa/clone4.wav,50013220251111175722_000_660c1952-ab98-4efa-9a26-1b9013c0c1aa,clone4.wav,"a-lô vâng, em ở bên tổng đài vinfast đây ạ ờ anh ơi, nãy em có liên hệ nãy em có liên hệ thì có có có xe cứu hộ tới nhưng mà gấp quá cứu hộ đang tới mà em cũng không biết đơn vị nào xe giờ nó không chạy luôn nó tắt hết điện vâng, ở đây thì em thấy là bên phía bộ phận bên em đã tiếp nhận thông tin cho anh rồi đúng không ạ? dạ? ở đây là bên phía bộ phận họ đã tiếp nhận thông tin và đang gọi cho bên phía vinfast kim sơn tân hiệp rồi anh ạ",work,1,usable,user7,2026-05-25T07:49:23.948730+00:00,1,/kaggle/working/asr_quality_classifier/data/audio/data2/50013220251111175722_000_660c1952-ab98-4efa-9a26-1b9013c0c1aa/clone4.wav,1,0,0.74,False Negative,0.26
user2,50013220251111192618_002_6edae933-ac08-49fb-b87b-31311ee1c572/clone1.wav,50013220251111192618_002_6edae933-ac08-49fb-b87b-31311ee1c572,clone1.wav,thế chị không mở được ý em,work,1,usable,user2,2026-05-26T03:09:28.744582+00:00,1,/kaggle/working/asr_quality_classifier/data/audio/data2/50013220251111192618_002_6edae933-ac08-49fb-b87b-31311ee1c572/clone1.wav,1,0,0.74,False Negative,0.26
user3,50013220251111192618_002_6edae933-ac08-49fb-b87b-31311ee1c572/clone2.wav,50013220251111192618_002_6edae933-ac08-49fb-b87b-31311ee1c572,clone2.wav,thế chị không mở được ý em,work,1,usable,user3,2026-05-26T03:12:43.399992+00:00,1,/kaggle/working/asr_quality_classifier/data/audio/data2/50013220251111192618_002_6edae933-ac08-49fb-b87b-31311ee1c572/clone2.wav,1,0,0.74,False Negative,0.26
user4,50013220251112105955_003_e5188e96-a150-4bcb-8f58-e354b891b09a/clone1.wav,50013220251112105955_003_e5188e96-a150-4bcb-8f58-e354b891b09a,clone1.wav,mình đặt cọc vào số này hay số nào khác ạ? số này ạ,work,1,usable,user4,2026-05-25T07:03:56.601588+00:00,1,/kaggle/working/asr_quality_classifier/data/audio/data2/50013220251112105955_003_e5188e96-a150-4bcb-8f58-e354b891b09a/clone1.wav,1,0,0.74,False Negative,0.26
user2,50013220251112105955_003_e5188e96-a150-4bcb-8f58-e354b891b09a/clone3.wav,50013220251112105955_003_e5188e96-a150-4bcb-8f58-e354b891b09a,clone3.wav,mình đặt cọc vào số này hay số nào khác ạ? số này ạ,work,1,usable,user2,2026-05-25T08:44:05.209475+00:00,1,/kaggle/working/asr_quality_classifier/data/audio/data2/50013220251112105955_003_e5188e96-a150-4bcb-8f58-e354b891b09a/clone3.wav,1,0,0.74,False Negative,0.26
user7,50005420251111201551_000_8908569e-2835-4a89-be2c-071f80ae6447/clone2.wav,50005420251111201551_000_8908569e-2835-4a89-be2c-071f80ae6447,clone2.wav,"a-lô, ạ vâng, em tên là minh gọi điện từ vinfast đây ạ không biết có vấn đề gì đấy ạ vâng à, em đang gọi là bởi vì là cái xe của em nó không hạ được cửa kính anh ạ",work,1,usable,user7,2026-05-26T03:40:53.658506+00:00,1,/kaggle/working/asr_quality_classifier/data/audio/data2/50005420251111201551_000_8908569e-2835-4a89-be2c-071f80ae6447/clone2.wav,1,0,0.74,False Negative,0.26
user5,50005420251111201551_001_a108e387-3e75-4f3c-95ad-de1d86a0752d/clone3.wav,50005420251111201551_001_a108e387-3e75-4f3c-95ad-de1d86a0752d,clone3.wav,"không hạ được cửa kính ấy ạ vâng, em bấm, em bấm, em bấm các nút thì cũng không được ạ vâng, xe mình là dùng vê ép mấy đấy ạ? vê ép bảy anh ạ vê ép bảy cái này thì không phải là hỗ trợ từ xa được chị ạ nếu mà bị kẹt cửa thì cái này mình lại qua xưởng đấy ạ có thể là lỗi phải qua xưởng kiểm tra đấy vâng, nhưng mà sẽ mất lâu đúng không anh?",work,1,usable,user5,2026-05-25T07:09:40.961000+00:00,1,/kaggle/working/asr_quality_classifier/data/audio/data2/50005420251111201551_001_a108e387-3e75-4f3c-95ad-de1d86a0752d/clone3.wav,1,0,0.74,False Negative,0.26
user4,50005420251111201551_001_a108e387-3e75-4f3c-95ad-de1d86a0752d/clone7.wav,50005420251111201551_001_a108e387-3e75-4f3c-95ad-de1d86a0752d,clone7.wav,"không hạ được cửa kính ấy ạ vâng, em bấm, em bấm, em bấm các nút thì cũng không được ạ vâng, xe mình là dùng vê ép mấy đấy ạ? vê ép bảy anh ạ vê ép bảy cái này thì không phải là hỗ trợ từ xa được chị ạ nếu mà bị kẹt cửa thì cái này mình lại qua xưởng đấy ạ có thể là lỗi phải qua xưởng kiểm tra đấy vâng, nhưng mà sẽ mất lâu đúng không anh?",work,1,usable,user4,2026-05-26T03:32:07.265329+00:00,1,/kaggle/working/asr_quality_classifier/data/audio/data2/50005420251111201551_001_a108e387-3e75-4f3c-95ad-de1d86a0752d/clone7.wav,1,0,0.74,False Negative,0.26
user1,50005420251111201551_002_446b1c8e-4a02-4b8b-88c2-db95a92a1795/clone5.wav,50005420251111201551_002_446b1c8e-4a02-4b8b-88c2-db95a92a1795,clone5.wav,"ừ, nói chung tùy lỗi không biết là nó có lỗi liên quan đến phải thay phụ tùng hay không, bảo bảo hành thay phụ tùng hay không thì em cũng không chắc mình được nhưng nói chung là kẹt cửa kính thì không phải là bọn em xử lý thay tư vấn cho mình từ xa được chị ạ nói chung không xuống được luôn đúng không ạ? cứ cứ ở trên đấy mãi thôi vâng, vâng ngày trước là mình vẫn bấm được bình thường đúng không ạ?",work,1,usable,user1,2026-05-26T04:12:52.312078+00:00,1,/kaggle/working/asr_quality_classifier/data/audio/data2/50005420251111201551_002_446b1c8e-4a02-4b8b-88c2-db95a92a1795/clone5.wav,1,0,0.74,False Negative,0.26
user2,50005420251111201551_002_446b1c8e-4a02-4b8b-88c2-db95a92a1795/clone6.wav,50005420251111201551_002_446b1c8e-4a02-4b8b-88c2-db95a92a1795,clone6.wav,"ừ, nói chung tùy lỗi không biết là nó có lỗi liên quan đến phải thay phụ tùng hay không, bảo bảo hành thay phụ tùng hay không thì em cũng không chắc mình được nhưng nói chung là kẹt cửa kính thì không phải là bọn em xử lý thay tư vấn cho mình từ xa được chị ạ nói chung không xuống được luôn đúng không ạ? cứ cứ ở trên đấy mãi thôi vâng, vâng ngày trước là mình vẫn bấm được bình thường đúng không ạ?",work,1,usable,user2,2026-05-25T05:09:12.174973+00:00,1,/kaggle/working/asr_quality_classifier/data/audio/data2/50005420251111201551_002_446b1c8e-4a02-4b8b-88c2-db95a92a1795/clone6.wav,1,0,0.74,False Negative,0.26
user7,50013220251105155229_007_d61357b9-4d6d-4b2e-ade8-6d617998f061/clone1.wav,50013220251105155229_007_d61357b9-4d6d-4b2e-ade8-6d617998f061,clone1.wav,"ok, tôi ghi chút xắp-pọt",work,1,usable,user7,2026-05-26T03:49:23.421931+00:00,1,/kaggle/working/asr_quality_classifier/data/audio/data2/50013220251105155229_007_d61357b9-4d6d-4b2e-ade8-6d617998f061/clone1.wav,1,0,0.74,False Negative,0.26
user2,50013220251105155229_011_f7855bf4-3283-496b-b0ef-b99be0785bcf/clone6.wav,50013220251105155229_011_f7855bf4-3283-496b-b0ef-b99be0785bcf,clone6.wav,"dạ vâng, thế anh gửi lại hình ảnh cho bên em nhá để bên em có thông tin em gửi lại cho i tê họ kiểm tra và xử lý lại cho mình ạ ok, ok dạ, dạ, dạ vâng, vâng em cảm ơn anh em chào anh ạ",work,1,usable,user2,2026-05-26T03:09:39.879613+00:00,1,/kaggle/working/asr_quality_classifier/data/audio/data2/50013220251105155229_011_f7855bf4-3283-496b-b0ef-b99be0785bcf/clone6.wav,1,0,0.74,False Negative,0.26
user3,50013220251110114055_000_c96f4356-394c-4b99-8e29-0ec38a3dbac1/clone5.wav,50013220251110114055_000_c96f4356-394c-4b99-8e29-0ec38a3dbac1,clone5.wav,"a-lô a-lô vâng em chào anh, em là khoa bên bộ phận vinfast em thấy anh có cuộc gọi nhỡ em gọi lại để em hỗ trợ được gì cho mình ạ",work,1,usable,user3,2026-05-25T05:03:21.629610+00:00,1,/kaggle/working/asr_quality_classifier/data/audio/data2/50013220251110114055_000_c96f4356-394c-4b99-8e29-0ec38a3dbac1/clone5.wav,1,0,0.74,False Negative,0.26
user4,50000820251102131229_001_fabd11c2-0a1c-4d12-b10f-bb80111899f3/clone4.wav,50000820251102131229_001_fabd11c2-0a1c-4d12-b10f-bb80111899f3,clone4.wav,a-lô xe gì anh nhỉ? theo thông tin điện thoại này em thấy có đơn hàng xe máy điện có phải là cái đơn hàng anh đang nói đến không? em xe đặt cọc mấy xe máy điện vinfast fi chi minh đặt từ ngày mười bốn tháng bốn hay bây giờ ở tháng chín này bây giờ muốn lấy,work,1,usable,user4,2026-05-25T08:37:21.380704+00:00,1,/kaggle/working/asr_quality_classifier/data/audio/data2/50000820251102131229_001_fabd11c2-0a1c-4d12-b10f-bb80111899f3/clone4.wav,1,0,0.74,False Negative,0.26
user1,50000820251108051219_004_e1570dd7-9b78-4fa2-ba4d-09211c0ed6b8/clone2.wav,50000820251108051219_004_e1570dd7-9b78-4fa2-ba4d-09211c0ed6b8,clone2.wav,"không phải vâng vâng chiều nay để em báo xưởng gần nhất cho bạn lý đưa mình ra trạm sạc đang hoạt động anh nhá anh đang ở chỗ xã bãi trành, huyện nông xuân, thanh hóa hả anh? ừ, anh ở ngay ngã ngã ba bãi trành luôn, ngay ngã ba luôn vâng, anh cho em xin lại biển số xe nhá",work,1,usable,user1,2026-05-26T04:39:45.540617+00:00,1,/kaggle/working/asr_quality_classifier/data/audio/data2/50000820251108051219_004_e1570dd7-9b78-4fa2-ba4d-09211c0ed6b8/clone2.wav,1,0,0.74,False Negative,0.26
user4,50000820251108051219_004_e1570dd7-9b78-4fa2-ba4d-09211c0ed6b8/clone4.wav,50000820251108051219_004_e1570dd7-9b78-4fa2-ba4d-09211c0ed6b8,clone4.wav,"không phải vâng vâng chiều nay để em báo xưởng gần nhất cho bạn lý đưa mình ra trạm sạc đang hoạt động anh nhá anh đang ở chỗ xã bãi trành, huyện nông xuân, thanh hóa hả anh? ừ, anh ở ngay ngã ngã ba bãi trành luôn, ngay ngã ba luôn vâng, anh cho em xin lại biển số xe nhá",work,1,usable,user4,2026-05-26T02:24:41.379269+00:00,1,/kaggle/working/asr_quality_classifier/data/audio/data2/50000820251108051219_004_e1570dd7-9b78-4fa2-ba4d-09211c0ed6b8/clone4.wav,1,0,0.74,False Negative,0.26
user5,50000820251108051219_007_7e69d57d-650e-4244-adbd-96eb3a2f37f8/clone2.wav,50000820251108051219_007_7e69d57d-650e-4244-adbd-96eb3a2f37f8,clone2.wav,"mười bốn nghìn sáu trăm lẻ chín xe này xe cá nhân của nhà mình anh nhỉ? à đúng rồi dạ vâng vâng để em báo bên ki-a xưởng dịch vụ vinfast hướng ra mình tiền cứu hộ cho anh nhá đây là xưởng gần nhất rồi các bạn này cách anh khoảng bảy mươi cây đấy ạ bảy mươi cây à? dạ vâng, đây là xưởng gần nhất rồi anh ạ",work,1,usable,user5,2026-05-26T03:37:57.722139+00:00,1,/kaggle/working/asr_quality_classifier/data/audio/data2/50000820251108051219_007_7e69d57d-650e-4244-adbd-96eb3a2f37f8/clone2.wav,1,0,0.74,False Negative,0.26
user3,50000820251108051219_008_2f292bad-ce77-4884-8e18-12e6f89f0e0c/clone3.wav,50000820251108051219_008_2f292bad-ce77-4884-8e18-12e6f89f0e0c,clone3.wav,"bảy mươi cây thế thì là chắc phải hơi lâu đấy nhỉ? dạ vâng, cũng hơi lâu một chút thì em cứ báo xưởng xong rồi là các bạn ấy sẽ đưa cứu hộ gọi điện cho mình để hẹn giờ cứu hộ mình ra anh nhá dạ vâng dạ vâng thế em a sẽ báo xưởng đây thì à tầm mười phút em sẽ gọi lại cho anh nhá anh",work,1,usable,user3,2026-05-26T03:14:46.900181+00:00,1,/kaggle/working/asr_quality_classifier/data/audio/data2/50000820251108051219_008_2f292bad-ce77-4884-8e18-12e6f89f0e0c/clone3.wav,1,0,0.74,False Negative,0.26
user1,50000820251111115852_000_346859ad-f7dc-4eb9-9b14-8f45adbf1764/clone3.wav,50000820251111115852_000_346859ad-f7dc-4eb9-9b14-8f45adbf1764,clone3.wav,a-lô ạ dạ vâng a-lô chị ấy gọi ý chí thử đi phát em thấy mình có cuộc gọi nhỡ từ tổng đài mình đang cần hỗ trợ vấn đề gì không? em ơi xe của chị không đi được ý,work,1,usable,user1,2026-05-26T04:34:43.489429+00:00,1,/kaggle/working/asr_quality_classifier/data/audio/data2/50000820251111115852_000_346859ad-f7dc-4eb9-9b14-8f45adbf1764/clone3.wav,1,0,0.74,False Negative,0.26
user3,50000820251111115852_001_3569d105-5afd-4731-ae36-417ce3317c6c/clone5.wav,50000820251111115852_001_3569d105-5afd-4731-ae36-417ce3317c6c,clone5.wav,xe mình là bản mấy hả chị? vê ép ba hiện tại xe đang báo lỗi gì ạ? à nó ghi là lỗi acquy mười hai v,work,1,usable,user3,2026-05-25T07:35:54.701725+00:00,1,/kaggle/working/asr_quality_classifier/data/audio/data2/50000820251111115852_001_3569d105-5afd-4731-ae36-417ce3317c6c/clone5.wav,1,0,0.74,False Negative,0.26
user6,50000820251111115852_003_8d90cfb0-3816-48a0-9c9b-a009b8bb6b70/clone4.wav,50000820251111115852_003_8d90cfb0-3816-48a0-9c9b-a009b8bb6b70,clone4.wav,chị cho em xin biển số xe nhà mình nhá 23a,work,1,usable,user6,2026-05-25T07:42:22.110866+00:00,1,/kaggle/working/asr_quality_classifier/data/audio/data2/50000820251111115852_003_8d90cfb0-3816-48a0-9c9b-a009b8bb6b70/clone4.wav,1,0,0.74,False Negative,0.26
user1,50000820251102080632_000_8cc80508-e7d7-48bb-9f29-1c524dd654a2/clone1.wav,50000820251102080632_000_8cc80508-e7d7-48bb-9f29-1c524dd654a2,clone1.wav,a-lô a-lô anh ơi gọi cho anh từ trong cửa hàng vinfast em thấy mình có cuộc gọi nhỡ đến tổng đài mình đang gặp phải vấn đề gì không?,work,1,usable,user1,2026-05-26T04:41:21.260898+00:00,1,/kaggle/working/asr_quality_classifier/data/audio/data2/50000820251102080632_000_8cc80508-e7d7-48bb-9f29-1c524dd654a2/clone1.wav,1,0,0.74,False Negative,0.26
user4,50000820251102080632_000_8cc80508-e7d7-48bb-9f29-1c524dd654a2/clone5.wav,50000820251102080632_000_8cc80508-e7d7-48bb-9f29-1c524dd654a2,clone5.wav,a-lô a-lô anh ơi gọi cho anh từ trong cửa hàng vinfast em thấy mình có cuộc gọi nhỡ đến tổng đài mình đang gặp phải vấn đề gì không?,work,1,usable,user4,2026-05-26T03:05:44.578026+00:00,1,/kaggle/working/asr_quality_classifier/data/audio/data2/50000820251102080632_000_8cc80508-e7d7-48bb-9f29-1c524dd654a2/clone5.wav,1,0,0.74,False Negative,0.26
user3,50000820251102080632_000_8cc80508-e7d7-48bb-9f29-1c524dd654a2/clone7.wav,50000820251102080632_000_8cc80508-e7d7-48bb-9f29-1c524dd654a2,clone7.wav,a-lô a-lô anh ơi gọi cho anh từ trong cửa hàng vinfast em thấy mình có cuộc gọi nhỡ đến tổng đài mình đang gặp phải vấn đề gì không?,work,1,usable,user3,2026-05-25T07:20:32.729030+00:00,1,/kaggle/working/asr_quality_classifier/data/audio/data2/50000820251102080632_000_8cc80508-e7d7-48bb-9f29-1c524dd654a2/clone7.wav,1,0,0.74,False Negative,0.26
user7,50000820251102080632_006_665eb853-94c4-4ee9-9fa9-80bc1d3e29d2/clone1.wav,50000820251102080632_006_665eb853-94c4-4ee9-9fa9-80bc1d3e29d2,clone1.wav,nhận được à chắc nhờ các bạn có thể kiểm tra giúp mình là ở khu vực bà rịa vũng tàu á thì có cái đại lý nào tại vì mình tra cũng cũng không thấy nên là có thể nhờ các bạn kiểm tra hộ mình thử anh giữ máy cho em một chút nhá ờ,work,1,usable,user7,2026-05-25T08:42:35.669783+00:00,1,/kaggle/working/asr_quality_classifier/data/audio/data2/50000820251102080632_006_665eb853-94c4-4ee9-9fa9-80bc1d3e29d2/clone1.wav,1,0,0.74,False Negative,0.26
user1,50000820251102080632_006_665eb853-94c4-4ee9-9fa9-80bc1d3e29d2/clone4.wav,50000820251102080632_006_665eb853-94c4-4ee9-9fa9-80bc1d3e29d2,clone4.wav,nhận được à chắc nhờ các bạn có thể kiểm tra giúp mình là ở khu vực bà rịa vũng tàu á thì có cái đại lý nào tại vì mình tra cũng cũng không thấy nên là có thể nhờ các bạn kiểm tra hộ mình thử anh giữ máy cho em một chút nhá ờ,work,1,usable,user1,2026-05-25T07:18:24.330511+00:00,1,/kaggle/working/asr_quality_classifier/data/audio/data2/50000820251102080632_006_665eb853-94c4-4ee9-9fa9-80bc1d3e29d2/clone4.wav,1,0,0.74,False Negative,0.26
user3,50000820251102080632_007_7f4ec472-7958-4781-b94c-b5c1f762c3b2/clone4.wav,50000820251102080632_007_7f4ec472-7958-4781-b94c-b5c1f762c3b2,clone4.wav,bà rịa vũng tàu thì em đang có một cái bên phía,work,1,usable,user3,2026-05-25T05:27:50.665567+00:00,1,/kaggle/working/asr_quality_classifier/data/audio/data2/50000820251102080632_007_7f4ec472-7958-4781-b94c-b5c1f762c3b2/clone4.wav,1,0,0.74,False Negative,0.26
user4,50000820251102095414_000_9e9f0383-2534-4970-a3d6-28b8cbc5c455/clone8.wav,50000820251102095414_000_9e9f0383-2534-4970-a3d6-28b8cbc5c455,clone8.wav,a-lô anh minh đây em gọi lại cho anh từ chăm sóc khách hàng vinfast đây,work,1,usable,user4,2026-05-25T06:41:45.645504+00:00,1,/kaggle/working/asr_quality_classifier/data/audio/data2/50000820251102095414_000_9e9f0383-2534-4970-a3d6-28b8cbc5c455/clone8.wav,1,0,0.74,False Negative,0.26
user3,50000820251102095414_006_05b1ab2c-645a-402c-a370-d1c80731c113/clone5.wav,50000820251102095414_006_05b1ab2c-645a-402c-a370-d1c80731c113,clone5.wav,"vì là anh chạy xanh được hai năm rồi mà anh biết nhưng mà lần đầu tiên anh mới sử dụng cái vinpoints này thì anh không hiểu đấy, anh bấm sang mục vinpoints xong anh bấm dùng điểm là được anh nhá ờ, xong rồi bấm dùng điểm thế là tự nó chuyển đổi đúng không? dạ vâng ạ ờ, hiện giờ là của anh là nó đã liên kết với cái đấy rồi đúng không? dạ vâng, em thấy anh liên kết theo số điện thoại này rồi anh ạ ừ, anh dùng số điện thoại này mà anh mới chạy xanh được có hai năm thôi mà à, dạ vâng vâng ừ, thế thỉnh thoảng mình phải đi làm khách hàng một tí chứ dạ vâng, đấy thì mình cứ trải nghiệm anh ạ ừ, trải nghiệm ấy, thỉnh thoảng xem là khách hàng của mình thế nào còn cho ông nào ngoan thì cho bảy sao, mà ông nào hư thì cho một sao dạ vâng vâng",work,1,usable,user3,2026-05-26T03:11:46.047955+00:00,1,/kaggle/working/asr_quality_classifier/data/audio/data2/50000820251102095414_006_05b1ab2c-645a-402c-a370-d1c80731c113/clone5.wav,1,0,0.74,False Negative,0.26
user2,50013320251107174156_001_b57160c9-86ab-442a-a7f0-c14d521f8c54/clone1.wav,50013320251107174156_001_b57160c9-86ab-442a-a7f0-c14d521f8c54,clone1.wav,à mình có cái tình trạng là mình trả cũng mà hai tuần này không lấy xe hôm nay cũng từ hôm qua đến nay mình cũng có tiền nên tổng đài của vinfast để mong được trả lời nhanh nhất nhưng mà chưa thấy đâu dạ vâng à trường hợp này thì bên em đã có tiếp nhận cái nội dung của anh thành ở trên tổng đài rồi bên em đang làm việc bên phía bộ phận cao bên em đang làm việc lại bên phía đại lý anh ạ cái này bên em có kết quả sẽ chủ động gọi lại cho anh thành sớm được không ạ?,work,1,usable,user2,2026-05-25T08:32:00.507138+00:00,1,/kaggle/working/asr_quality_classifier/data/audio/data2/50013320251107174156_001_b57160c9-86ab-442a-a7f0-c14d521f8c54/clone1.wav,1,0,0.74,False Negative,0.26
user1,50013320251107174156_002_45ecb127-b5dc-4bbc-9151-2df869e28362/clone1.wav,50013320251107174156_002_45ecb127-b5dc-4bbc-9151-2df869e28362,clone1.wav,trong vòng bao lâu? à cái này thì hình như là cách đây khoảng tầm,work,1,usable,user1,2026-05-25T07:44:34.931290+00:00,1,/kaggle/working/asr_quality_classifier/data/audio/data2/50013320251107174156_002_45ecb127-b5dc-4bbc-9151-2df869e28362/clone1.wav,1,0,0.74,False Negative,0.26
user5,50013320251107174156_002_45ecb127-b5dc-4bbc-9151-2df869e28362/clone5.wav,50013320251107174156_002_45ecb127-b5dc-4bbc-9151-2df869e28362,clone5.wav,trong vòng bao lâu? à cái này thì hình như là cách đây khoảng tầm,work,1,usable,user5,2026-05-26T03:25:25.771187+00:00,1,/kaggle/working/asr_quality_classifier/data/audio/data2/50013320251107174156_002_45ecb127-b5dc-4bbc-9151-2df869e28362/clone5.wav,1,0,0.74,False Negative,0.26
user6,50000820251101204839_020_7b5ed6e5-225b-461f-860f-438cc758743c/clone8.wav,50000820251101204839_020_7b5ed6e5-225b-461f-860f-438cc758743c,clone8.wav,"à bên phía xưởng thì sẽ có đội à cố vấn kỹ thuật với cả các bạn ấy ấy cố vấn dịch vụ là các bạn ấy sẽ xử lý được cho mình các cái vấn đề này anh ạ nhưng mà cái đấy cái đấy mình không tự xử lý được à? cái này thực ra là tự xử lý được nhưng mà nói chung là anh rẽ qua đấy các bạn ấy làm cho anh cho nhanh anh ạ đằng nào mình cũng là vê ép chín mình qua mình có phải đợi gì đâu à, à",work,1,usable,user6,2026-05-26T03:16:50.468884+00:00,1,/kaggle/working/asr_quality_classifier/data/audio/data2/50000820251101204839_020_7b5ed6e5-225b-461f-860f-438cc758743c/clone8.wav,1,0,0.74,False Negative,0.26
user7,50000820251101204839_023_fd889109-516d-422a-803a-f2b14391133c/clone3.wav,50000820251101204839_023_fd889109-516d-422a-803a-f2b14391133c,clone3.wav,ví dụ một cái ví dụ cái tài khoản a của anh đúng không? anh vẫn dùng cái tài khoản a đấy nhưng mà ví dụ như là vợ anh cũng đi cái xe vê ép chín của anh cũng dùng cái tài khoản a đấy nhưng mà cái nhớ ghế lái nó lại không nhớ được cái vị trí của vợ anh mà chỉ nhớ được cái vị trí của anh thôi,work,1,usable,user7,2026-05-25T07:27:45.495639+00:00,1,/kaggle/working/asr_quality_classifier/data/audio/data2/50000820251101204839_023_fd889109-516d-422a-803a-f2b14391133c/clone3.wav,1,0,0.74,False Negative,0.26
user2,50000820251101204839_025_0ddf5390-6e42-4ae2-89fc-cc482dc12558/clone6.wav,50000820251101204839_025_0ddf5390-6e42-4ae2-89fc-cc482dc12558,clone6.wav,nhưng anh thấy anh thấy cái này cá nhân hóa thì nó đúng nhưng mà anh thấy cái này nó hơi buồn cười nhỉ,work,1,usable,user2,2026-05-25T05:06:24.263865+00:00,1,/kaggle/working/asr_quality_classifier/data/audio/data2/50000820251101204839_025_0ddf5390-6e42-4ae2-89fc-cc482dc12558/clone6.wav,1,0,0.74,False Negative,0.26
user4,50000820251101204839_026_e5dbeac6-686e-43cd-b359-4159aa5bccb8/clone3.wav,50000820251101204839_026_e5dbeac6-686e-43cd-b359-4159aa5bccb8,clone3.wav,"à, cái này thì thực ra là nó sẽ cá nhân hóa cho cái chủ xe để mình nó cái nó nó sẽ thoải mái hơn trong cái việc là chủ xe trải nghiệm cái quá trình sử dụng xe ấy còn nếu mà anh anh muốn gọi là cài thêm vị trí các thứ cho vợ mình ấy, thì lúc mà mình qua xưởng thì anh báo các bạn cố vấn dịch vụ ở xưởng các bạn ấy cài luôn cho mình, mình đỡ phải mày mò ừ, ừ, ừ, ok thế là anh cứ qua phạm văn đồng nhưng mà qua cái mặt đằng sau đúng không? vâng, anh qua mặt bên xưởng ấy, nó sẽ có ghi ở xưởng nó sẽ ghi ở ngoài ngoài cổng luôn ấy là xưởng dịch vụ ấy anh rẽ qua đấy bên phía cố vấn dịch vụ các bạn ấy ấy sẽ cài đặt theo ý của anh ok, anh cảm ơn nhá, ok, anh cảm ơn nhiều dạ vâng, vâng, cảm ơn anh",work,1,usable,user4,2026-05-25T08:13:59.644574+00:00,1,/kaggle/working/asr_quality_classifier/data/audio/data2/50000820251101204839_026_e5dbeac6-686e-43cd-b359-4159aa5bccb8/clone3.wav,1,0,0.74,False Negative,0.26
user1,50000820251101204839_026_e5dbeac6-686e-43cd-b359-4159aa5bccb8/clone6.wav,50000820251101204839_026_e5dbeac6-686e-43cd-b359-4159aa5bccb8,clone6.wav,"à, cái này thì thực ra là nó sẽ cá nhân hóa cho cái chủ xe để mình nó cái nó nó sẽ thoải mái hơn trong cái việc là chủ xe trải nghiệm cái quá trình sử dụng xe ấy còn nếu mà anh anh muốn gọi là cài thêm vị trí các thứ cho vợ mình ấy, thì lúc mà mình qua xưởng thì anh báo các bạn cố vấn dịch vụ ở xưởng các bạn ấy cài luôn cho mình, mình đỡ phải mày mò ừ, ừ, ừ, ok thế là anh cứ qua phạm văn đồng nhưng mà qua cái mặt đằng sau đúng không? vâng, anh qua mặt bên xưởng ấy, nó sẽ có ghi ở xưởng nó sẽ ghi ở ngoài ngoài cổng luôn ấy là xưởng dịch vụ ấy anh rẽ qua đấy bên phía cố vấn dịch vụ các bạn ấy ấy sẽ cài đặt theo ý của anh ok, anh cảm ơn nhá, ok, anh cảm ơn nhiều dạ vâng, vâng, cảm ơn anh",work,1,usable,user1,2026-05-25T08:40:53.810869+00:00,1,/kaggle/working/asr_quality_classifier/data/audio/data2/50000820251101204839_026_e5dbeac6-686e-43cd-b359-4159aa5bccb8/clone6.wav,1,0,0.74,False Negative,0.26
user6,50013320251103231105_008_aac63fdc-d106-4883-81b4-cce61016e919/clone6.wav,50013320251103231105_008_aac63fdc-d106-4883-81b4-cce61016e919,clone6.wav,kéo này thay lốp thì,work,1,usable,user6,2026-05-25T05:28:37.021849+00:00,1,/kaggle/working/asr_quality_classifier/data/audio/data2/50013320251103231105_008_aac63fdc-d106-4883-81b4-cce61016e919/clone6.wav,1,0,0.74,False Negative,0.26
user2,50013320251103231105_009_290943af-32f3-41c0-ad58-de98f36f9587/clone2.wav,50013320251103231105_009_290943af-32f3-41c0-ad58-de98f36f9587,clone2.wav,ngồi ngồi đợi một lát năm giờ không phút mới về nhà thì chết,work,1,usable,user2,2026-05-25T08:39:41.406435+00:00,1,/kaggle/working/asr_quality_classifier/data/audio/data2/50013320251103231105_009_290943af-32f3-41c0-ad58-de98f36f9587/clone2.wav,1,0,0.74,False Negative,0.26
user2,50013320251103231105_009_290943af-32f3-41c0-ad58-de98f36f9587/clone5.wav,50013320251103231105_009_290943af-32f3-41c0-ad58-de98f36f9587,clone5.wav,ngồi ngồi đợi một lát năm giờ không phút mới về nhà thì chết,work,1,usable,user2,2026-05-25T08:39:55.402268+00:00,1,/kaggle/working/asr_quality_classifier/data/audio/data2/50013320251103231105_009_290943af-32f3-41c0-ad58-de98f36f9587/clone5.wav,1,0,0.74,False Negative,0.26
user5,50013320251103231105_009_290943af-32f3-41c0-ad58-de98f36f9587/clone8.wav,50013320251103231105_009_290943af-32f3-41c0-ad58-de98f36f9587,clone8.wav,ngồi ngồi đợi một lát năm giờ không phút mới về nhà thì chết,work,1,usable,user5,2026-05-25T07:54:50.884968+00:00,1,/kaggle/working/asr_quality_classifier/data/audio/data2/50013320251103231105_009_290943af-32f3-41c0-ad58-de98f36f9587/clone8.wav,1,0,0.74,False Negative,0.26
user5,50013320251103231651_003_61912d30-ca30-4b1e-8d1c-80b534e4b297/clone5.wav,50013320251103231651_003_61912d30-ca30-4b1e-8d1c-80b534e4b297,clone5.wav,à hai mươi lăm phần trăm đấy là cái phí sạc còn đây là cứu hộ nó khác anh ạ cái phí sạc tức là phí gì?,work,1,usable,user5,2026-05-25T07:24:18.867199+00:00,1,/kaggle/working/asr_quality_classifier/data/audio/data2/50013320251103231651_003_61912d30-ca30-4b1e-8d1c-80b534e4b297/clone5.wav,1,0,0.74,False Negative,0.26
user2,50013320251104022658_004_61814e8e-dc95-492e-b9fb-378ad8bc5613/clone2.wav,50013320251104022658_004_61814e8e-dc95-492e-b9fb-378ad8bc5613,clone2.wav,ờ đúng rồi chứ đấy cái vị trí không biết là là em là ở chỗ tổng đài nó có anh gửi cho mấy đồng chí vị trí rồi mà không biết đồng chí nào nắm được chính xác thì thì để anh đọc tên ấy cho anh nó biết anh nhờ dạ em thấy bản lý nó gửi về là đào lâm thanh miện hải dương này cái này vâng thế này thì mình lại gần lại có một cái xưởng lệ mận hưng yên thì gần hơn anh ạ à ừ nếu mà ấy thì em em bảo lệ mận ấy hộ anh cũng được vâng,work,1,usable,user2,2026-05-25T05:18:32.685850+00:00,1,/kaggle/working/asr_quality_classifier/data/audio/data2/50013320251104022658_004_61814e8e-dc95-492e-b9fb-378ad8bc5613/clone2.wav,1,0,0.74,False Negative,0.26
user6,50013320251107092645_000_a6d89acd-c47b-4d34-a31b-9639f2a088d1/clone4.wav,50013320251107092645_000_a6d89acd-c47b-4d34-a31b-9639f2a088d1,clone4.wav,"a-lô dạ em chào chị giang ạ chị giang em là tân em gọi từ tổng đài bên vinfast ạ đúng rồi vâng, em thấy cuộc gọi nhỡ của chị ở trên tổng đài không biết là chị cần nội dung nội dung gì vậy ạ? chị cần em cầu xe vinfast của chị ngay ngõ hai trăm năm mươi tư quán cà phê đầu ngõ chị gửi chìa khóa đó xe đang gặp sự cố về báo các lỗi ấy và gừ máy chị không dám di chuyển thì thì gửi xe chìa khóa đó em cho xe cầu về số nhất trịnh văn bô yêu cầu họ bảo hành lại cho chị nhá tháng bảy xe xe của chị là xe gì ạ? xe vinfast lúc a lúc a đúng không ạ? chị cho em xin biển lại biển số xe với ạ ba mươi gam bảy mươi tư nghìn không trăm ba mươi bảy bảy mươi tư nghìn không trăm ba mươi bảy à chị có thể cho em xin tình trạng sơ bộ của xe là gặp sự cố gì đúng không ạ? em truy hết trên cái tổng đài được không ạ? tại vì chị đang có một cuộc họp rất quan trọng mà chị gọi điện báo liên tục ở trên đấy rồi và những cái lỗi này chị báo từ ngày ba mươi tháng bảy",work,1,usable,user6,2026-05-26T03:24:22.475206+00:00,1,/kaggle/working/asr_quality_classifier/data/audio/data2/50013320251107092645_000_a6d89acd-c47b-4d34-a31b-9639f2a088d1/clone4.wav,1,0,0.74,False Negative,0.26
user1,50013320251107174156_000_40d852eb-25cb-493e-ad87-11bc72f465fc/clone5.wav,50013320251107174156_000_40d852eb-25cb-493e-ad87-11bc72f465fc,clone5.wav,"dạ a-lô anh, vâng em chào anh thành ạ anh thành em là tân em gọi lại từ tổng đài vinfast ạ em vừa có cuộc gọi nhớ không biết là anh thành có nội dung gì với anh?",work,1,usable,user1,2026-05-26T02:16:19.894937+00:00,1,/kaggle/working/asr_quality_classifier/data/audio/data2/50013320251107174156_000_40d852eb-25cb-493e-ad87-11bc72f465fc/clone5.wav,1,0,0.74,False Negative,0.26
user2,50013520251114092042_008_a9d652f3-96cd-402b-8699-bfa05ce8ee2b/clone8.wav,50013520251114092042_008_a9d652f3-96cd-402b-8699-bfa05ce8ee2b,clone8.wav,"thôi thì chào bạn nhá vâng, em cảm ơn chị em cảm ơn chị lan anh",work,1,usable,user2,2026-05-25T08:21:13.169004+00:00,1,/kaggle/working/asr_quality_classifier/data/audio/data2/50013520251114092042_008_a9d652f3-96cd-402b-8699-bfa05ce8ee2b/clone8.wav,1,0,0.74,False Negative,0.26
user2,50013720251111124357_000_542b2756-04cc-48fa-bf8d-4c01c57edea8/clone1.wav,50013720251111124357_000_542b2756-04cc-48fa-bf8d-4c01c57edea8,clone1.wav,"a-lô dạ vâng, anh hành ơi, anh gọi lại cho mình từ tổng đài chăm sóc khách hàng vinfast anh ơi, bên em vừa gọi cho bên xưởng dịch vụ a tê xê tuyên quang ấy anh, thì các bạn bây giờ các em bảo các bạn thì các bạn lại báo là chiều nay thì sợ không khi mà mình qua thì không tiếp nhận kiểm tra được luôn do là sáng nay cũng có ba xe vê ép chín đang vào xưởng nên là có thể nếu mà mình qua thì sẽ phải để xe lại anh hành ạ",work,1,usable,user2,2026-05-25T08:41:07.174345+00:00,1,/kaggle/working/asr_quality_classifier/data/audio/data2/50013720251111124357_000_542b2756-04cc-48fa-bf8d-4c01c57edea8/clone1.wav,1,0,0.74,False Negative,0.26
user5,50013720251111124357_003_1ac437bb-c421-46dd-8054-c1802ba2a621/clone8.wav,50013720251111124357_003_1ac437bb-c421-46dd-8054-c1802ba2a621,clone8.wav,hiện tại thì xe của mình bây giờ vẫn đi được đúng không anh? nhưng mà cái phần loa này thì ừm thế thì mình khi nào mà mình qua lại tuyên quang hả anh để em báo các bạn sắp xếp một lịch trước cho mình? anh chưa biết là anh a khá là di chuyển lần này anh đang đi công việc nhiều ừm,work,1,usable,user5,2026-05-25T07:54:11.286591+00:00,1,/kaggle/working/asr_quality_classifier/data/audio/data2/50013720251111124357_003_1ac437bb-c421-46dd-8054-c1802ba2a621/clone8.wav,1,0,0.74,False Negative,0.26
user2,50013720251111124357_005_649685c1-9c0d-4cff-8f7f-e9d8b4f04f60/clone6.wav,50013720251111124357_005_649685c1-9c0d-4cff-8f7f-e9d8b4f04f60,clone6.wav,"ôi chịu nhá em nhá dạ dạ vâng, rất là xin lỗi anh hành ạ dạ em chào",work,1,usable,user2,2026-05-26T02:50:38.394409+00:00,1,/kaggle/working/asr_quality_classifier/data/audio/data2/50013720251111124357_005_649685c1-9c0d-4cff-8f7f-e9d8b4f04f60/clone6.wav,1,0,0.74,False Negative,0.26
user7,50013720251113190122_001_03555d9a-b667-4ca0-b253-00bebe5cac3c/clone5.wav,50013720251113190122_001_03555d9a-b667-4ca0-b253-00bebe5cac3c,clone5.wav,"ok anh dạ vâng, em cảm ơn anh cường nhiều nhất mong mình thông cảm bỏ qua i-meo này giúp em ạ ừ ừ cảm ơn anh cảm ơn anh nhiều ạ dạ, chào anh ạ ừ ừ dạ",work,1,usable,user7,2026-05-26T03:22:01.867844+00:00,1,/kaggle/working/asr_quality_classifier/data/audio/data2/50013720251113190122_001_03555d9a-b667-4ca0-b253-00bebe5cac3c/clone5.wav,1,0,0.74,False Negative,0.26
user4,50013820251101171359_000_9933f806-1898-4abf-a0bd-67e9552d2ca2/clone8.wav,50013820251101171359_000_9933f806-1898-4abf-a0bd-67e9552d2ca2,clone8.wav,dạ vâng anh minh ạ ờ a-lô dạ vâng em chào anh em ở đại lý vinfast ạ ờ ok dạ vâng em có nhận được thông tin của anh về vấn đề mà tấm ốp gầm pin vê ép bảy ấy anh,work,1,usable,user4,2026-05-25T08:50:51.324162+00:00,1,/kaggle/working/asr_quality_classifier/data/audio/data2/50013820251101171359_000_9933f806-1898-4abf-a0bd-67e9552d2ca2/clone8.wav,1,0,0.74,False Negative,0.26
user3,50013820251103105028_002_3be9dce2-83f7-4ba8-8d4b-7a03d2b52221/clone8.wav,50013820251103105028_002_3be9dce2-83f7-4ba8-8d4b-7a03d2b52221,clone8.wav,em nghê ạ vâng em là đại bên tổng đài vinfast ạ,work,1,usable,user3,2026-05-25T08:23:03.876456+00:00,1,/kaggle/working/asr_quality_classifier/data/audio/data2/50013820251103105028_002_3be9dce2-83f7-4ba8-8d4b-7a03d2b52221/clone8.wav,1,0,0.74,False Negative,0.26
user4,50013820251103105028_003_5af716db-756d-49bb-9bc7-50febe35c256/clone4.wav,50013820251103105028_003_5af716db-756d-49bb-9bc7-50febe35c256,clone4.wav,dạ a-lô dạ anh bên bên em có báo về vấn đề mà áp của mình đang mất phần thông tin xe để sạc ấy anh,work,1,usable,user4,2026-05-25T07:55:25.031075+00:00,1,/kaggle/working/asr_quality_classifier/data/audio/data2/50013820251103105028_003_5af716db-756d-49bb-9bc7-50febe35c256/clone4.wav,1,0,0.74,False Negative,0.26
user3,50013320251112184128_013_bc1568e8-fd46-43fe-ba88-642ae29ddf61/clone5.wav,50013320251112184128_013_bc1568e8-fd46-43fe-ba88-642ae29ddf61,clone5.wav,em xin phép được tắt máy trước ạ em chào chị ạ ok chị tắt máy đi chị dạ dạ dạ,work,1,usable,user3,2026-05-25T05:19:32.799547+00:00,1,/kaggle/working/asr_quality_classifier/data/audio/data2/50013320251112184128_013_bc1568e8-fd46-43fe-ba88-642ae29ddf61/clone5.wav,1,0,0.74,False Negative,0.26
user5,50013320251113201148_001_24142f88-7c68-46d1-994d-d497dcc4af62/clone1.wav,50013320251113201148_001_24142f88-7c68-46d1-994d-d497dcc4af62,clone1.wav,điện có không đề được ạ ờ anh khởi động lên nhưng mà đề nổ không được đúng không anh? nó có báo lỗi trên màn hình có báo lỗi gì không anh? nó báo cái cái cái p mà đỗ xe á là nó không mất bình thường là khi mình bóp phanh và mình đề vâng đề là nó sẽ khoảng năm giây nó sẽ mất cái chữ chữ p đấy đúng không? dạ vâng đúng rồi anh ạ ừ à anh có đang ở gần xe không anh?,work,1,usable,user5,2026-05-26T03:50:41.163743+00:00,1,/kaggle/working/asr_quality_classifier/data/audio/data2/50013320251113201148_001_24142f88-7c68-46d1-994d-d497dcc4af62/clone1.wav,1,0,0.74,False Negative,0.26
user3,50013520251107201300_002_c51b3a6f-4e2c-4ee6-8313-05b0653d61eb/clone1.wav,50013520251107201300_002_c51b3a6f-4e2c-4ee6-8313-05b0653d61eb,clone1.wav,"hơn một tháng rồi mà chưa thấy cái gọi lấy xe dạ thế hiện tại em kiểm tra đơn hàng của mình đang ở bên phía đại lý đang ở phía kinh doanh vinfast cái này thì vinfast bên em bên bộ phận kinh doanh ấy ạ, các bạn ấy cũng sẽ gửi cho mình những cái cái mêu ấy về vấn đề đặt đơn hàng mình khảo sát xem chị muốn nhận xe tại đại lý nào để bên em chuyển đơn cho mình về đại lý chị",work,1,usable,user3,2026-05-26T03:20:51.567075+00:00,1,/kaggle/working/asr_quality_classifier/data/audio/data2/50013520251107201300_002_c51b3a6f-4e2c-4ee6-8313-05b0653d61eb/clone1.wav,1,0,0.74,False Negative,0.26
user6,50013520251107201300_004_69321372-8e79-4896-ba15-d3dd1f3a7d73/clone6.wav,50013520251107201300_004_69321372-8e79-4896-ba15-d3dd1f3a7d73,clone6.wav,"ở vạn lộc vâng cái này thì chị chờ để bên vinfast bên em nhá, bên kinh doanh các bạn ấy sẽ chuyển đơn lần lượt theo thứ tự khách hàng do hiện tại cũng đang hơi quá tải về việc nghê đơn hàng chị ạ nên là đang bây giờ đang có mấy chục nghìn đơn hay gần gần một trăm nghìn đơn các bạn ấy đang chuyển tay từng khách hàng một nếu mà mình khảo sát rồi thì mình yên tâm bên đại kinh doanh bên em các bạn ấy sẽ lần lượt chuyển đơn cho mình về bên phía đại lý để chị thuận tiện nhận tại đại lý nhá",work,1,usable,user6,2026-05-25T08:03:08.511128+00:00,1,/kaggle/working/asr_quality_classifier/data/audio/data2/50013520251107201300_004_69321372-8e79-4896-ba15-d3dd1f3a7d73/clone6.wav,1,0,0.74,False Negative,0.26
user7,50013520251107201300_004_69321372-8e79-4896-ba15-d3dd1f3a7d73/clone7.wav,50013520251107201300_004_69321372-8e79-4896-ba15-d3dd1f3a7d73,clone7.wav,"ở vạn lộc vâng cái này thì chị chờ để bên vinfast bên em nhá, bên kinh doanh các bạn ấy sẽ chuyển đơn lần lượt theo thứ tự khách hàng do hiện tại cũng đang hơi quá tải về việc nghê đơn hàng chị ạ nên là đang bây giờ đang có mấy chục nghìn đơn hay gần gần một trăm nghìn đơn các bạn ấy đang chuyển tay từng khách hàng một nếu mà mình khảo sát rồi thì mình yên tâm bên đại kinh doanh bên em các bạn ấy sẽ lần lượt chuyển đơn cho mình về bên phía đại lý để chị thuận tiện nhận tại đại lý nhá",work,1,usable,user7,2026-05-25T07:42:37.627280+00:00,1,/kaggle/working/asr_quality_classifier/data/audio/data2/50013520251107201300_004_69321372-8e79-4896-ba15-d3dd1f3a7d73/clone7.wav,1,0,0.74,False Negative,0.26
user1,50013520251108121044_004_3b58222c-c162-42c2-95c0-3765c143b25f/clone8.wav,50013520251108121044_004_3b58222c-c162-42c2-95c0-3765c143b25f,clone8.wav,anh lấy ở nhà máy đấy xe ê-vô màu đen ạ? ạ? anh trần văn tiến đúng không ạ? trịnh văn duyên,work,1,usable,user1,2026-05-26T04:33:41.996907+00:00,1,/kaggle/working/asr_quality_classifier/data/audio/data2/50013520251108121044_004_3b58222c-c162-42c2-95c0-3765c143b25f/clone8.wav,1,0,0.74,False Negative,0.26
user7,50013520251108121044_011_9d35ded1-3055-4821-8016-028f41e66650/clone7.wav,50013520251108121044_011_9d35ded1-3055-4821-8016-028f41e66650,clone7.wav,từ trước là giấy kể cả xô-rum cũng thế đâm ra dạ vâng vâng cái này bản mềm đủ điều kiện để đăng ký bình thường rồi ạ nếu mà trường hợp anh ra cơ quan chức năng các bạn ấy không hỗ trợ thì đứng ở cơ quan chức năng gọi lên tổng đài bên em bên em trao đổi với các bạn ấy nhá sao họ không hỗ trợ được? dạ ạ dạ vâng,work,1,usable,user7,2026-05-25T08:35:46.801532+00:00,1,/kaggle/working/asr_quality_classifier/data/audio/data2/50013520251108121044_011_9d35ded1-3055-4821-8016-028f41e66650/clone7.wav,1,0,0.74,False Negative,0.26
user1,50013520251110104355_001_1bc900f7-b5c8-4a6a-a0b0-845953b00908/clone3.wav,50013520251110104355_001_1bc900f7-b5c8-4a6a-a0b0-845953b00908,clone3.wav,số điện thoại này phải số điện thoại mua xe không anh? đúng anh là cán bộ nhân viên tập đoàn phải không ạ? đúng rồi,work,1,usable,user1,2026-05-25T09:32:05.789475+00:00,1,/kaggle/working/asr_quality_classifier/data/audio/data2/50013520251110104355_001_1bc900f7-b5c8-4a6a-a0b0-845953b00908/clone3.wav,1,0,0.74,False Negative,0.26
user3,50013320251112184128_006_fae58409-20c0-4313-8648-7dd5a64ab830/clone1.wav,50013320251112184128_006_fae58409-20c0-4313-8648-7dd5a64ab830,clone1.wav,thử rồi tức là vẫn còn đúng không ạ? trường hợp này thì chắc là phải đưa xe vào xưởng dịch vụ để nhờ kiểm tra rồi chị ạ,work,1,usable,user3,2026-05-25T07:47:40.635808+00:00,1,/kaggle/working/asr_quality_classifier/data/audio/data2/50013320251112184128_006_fae58409-20c0-4313-8648-7dd5a64ab830/clone1.wav,1,0,0.74,False Negative,0.26
user2,50013320251112184128_006_fae58409-20c0-4313-8648-7dd5a64ab830/clone2.wav,50013320251112184128_006_fae58409-20c0-4313-8648-7dd5a64ab830,clone2.wav,thử rồi tức là vẫn còn đúng không ạ? trường hợp này thì chắc là phải đưa xe vào xưởng dịch vụ để nhờ kiểm tra rồi chị ạ,work,1,usable,user2,2026-05-25T09:05:09.428177+00:00,1,/kaggle/working/asr_quality_classifier/data/audio/data2/50013320251112184128_006_fae58409-20c0-4313-8648-7dd5a64ab830/clone2.wav,1,0,0.74,False Negative,0.26
user5,50013320251112184128_006_fae58409-20c0-4313-8648-7dd5a64ab830/clone3.wav,50013320251112184128_006_fae58409-20c0-4313-8648-7dd5a64ab830,clone3.wav,thử rồi tức là vẫn còn đúng không ạ? trường hợp này thì chắc là phải đưa xe vào xưởng dịch vụ để nhờ kiểm tra rồi chị ạ,work,1,usable,user5,2026-05-25T09:08:02.803036+00:00,1,/kaggle/working/asr_quality_classifier/data/audio/data2/50013320251112184128_006_fae58409-20c0-4313-8648-7dd5a64ab830/clone3.wav,1,0,0.74,False Negative,0.26
user6,50013320251112184128_006_fae58409-20c0-4313-8648-7dd5a64ab830/clone5.wav,50013320251112184128_006_fae58409-20c0-4313-8648-7dd5a64ab830,clone5.wav,thử rồi tức là vẫn còn đúng không ạ? trường hợp này thì chắc là phải đưa xe vào xưởng dịch vụ để nhờ kiểm tra rồi chị ạ,work,1,usable,user6,2026-05-25T07:58:54.498634+00:00,1,/kaggle/working/asr_quality_classifier/data/audio/data2/50013320251112184128_006_fae58409-20c0-4313-8648-7dd5a64ab830/clone5.wav,1,0,0.74,False Negative,0.26
user2,50013320251112184128_010_4cff8499-54f4-4be5-b213-eea494a119ae/clone2.wav,50013320251112184128_010_4cff8499-54f4-4be5-b213-eea494a119ae,clone2.wav,à chị trang có cần em hỗ trợ đặt lịch cho mình xe về xưởng thì kiểm tra không chị?,work,1,usable,user2,2026-05-26T01:58:44.967503+00:00,1,/kaggle/working/asr_quality_classifier/data/audio/data2/50013320251112184128_010_4cff8499-54f4-4be5-b213-eea494a119ae/clone2.wav,1,0,0.74,False Negative,0.26
user2,50013320251112184128_010_4cff8499-54f4-4be5-b213-eea494a119ae/clone4.wav,50013320251112184128_010_4cff8499-54f4-4be5-b213-eea494a119ae,clone4.wav,à chị trang có cần em hỗ trợ đặt lịch cho mình xe về xưởng thì kiểm tra không chị?,work,1,usable,user2,2026-05-25T08:20:51.446583+00:00,1,/kaggle/working/asr_quality_classifier/data/audio/data2/50013320251112184128_010_4cff8499-54f4-4be5-b213-eea494a119ae/clone4.wav,1,0,0.74,False Negative,0.26
user4,50013320251112184128_010_4cff8499-54f4-4be5-b213-eea494a119ae/clone6.wav,50013320251112184128_010_4cff8499-54f4-4be5-b213-eea494a119ae,clone6.wav,à chị trang có cần em hỗ trợ đặt lịch cho mình xe về xưởng thì kiểm tra không chị?,work,1,usable,user4,2026-05-25T07:06:36.987679+00:00,1,/kaggle/working/asr_quality_classifier/data/audio/data2/50013320251112184128_010_4cff8499-54f4-4be5-b213-eea494a119ae/clone6.wav,1,0,0.74,False Negative,0.26
user7,50013320251112184128_013_bc1568e8-fd46-43fe-ba88-642ae29ddf61/clone3.wav,50013320251112184128_013_bc1568e8-fd46-43fe-ba88-642ae29ddf61,clone3.wav,em xin phép được tắt máy trước ạ em chào chị ạ ok chị tắt máy đi chị dạ dạ dạ,work,1,usable,user7,2026-05-25T08:51:31.659886+00:00,1,/kaggle/working/asr_quality_classifier/data/audio/data2/50013320251112184128_013_bc1568e8-fd46-43fe-ba88-642ae29ddf61/clone3.wav,1,0,0.74,False Negative,0.26
user1,50000820251111115852_005_17ce3127-c329-4314-8ed9-69d38752076f/clone2.wav,50000820251111115852_005_17ce3127-c329-4314-8ed9-69d38752076f,clone2.wav,hai mươi ba hai trăm tám mươi ba hai mươi tư hai trăm tám mươi ba hai mươi tư hiện tại xe đang dừng địa chỉ nào ạ? chị đang dừng ở địa chỉ sở thông tin sở thông tin truyền thông cũ ấy,work,1,usable,user1,2026-05-26T03:59:38.051735+00:00,1,/kaggle/working/asr_quality_classifier/data/audio/data2/50000820251111115852_005_17ce3127-c329-4314-8ed9-69d38752076f/clone2.wav,1,0,0.74,False Negative,0.26
user4,50000820251111115852_005_17ce3127-c329-4314-8ed9-69d38752076f/clone6.wav,50000820251111115852_005_17ce3127-c329-4314-8ed9-69d38752076f,clone6.wav,hai mươi ba hai trăm tám mươi ba hai mươi tư hai trăm tám mươi ba hai mươi tư hiện tại xe đang dừng địa chỉ nào ạ? chị đang dừng ở địa chỉ sở thông tin sở thông tin truyền thông cũ ấy,work,1,usable,user4,2026-05-25T05:18:47.979898+00:00,1,/kaggle/working/asr_quality_classifier/data/audio/data2/50000820251111115852_005_17ce3127-c329-4314-8ed9-69d38752076f/clone6.wav,1,0,0.74,False Negative,0.26
user6,50000820251112111403_001_e32cc870-8b7f-469d-9249-2c7d5111bcc0/clone3.wav,50000820251112111403_001_e32cc870-8b7f-469d-9249-2c7d5111bcc0,clone3.wav,"xanh của cọc xe điện ấy của của cái chương trình xanh ở bên vin lon biên ấy em muốn hỏi xem là tiền cọc của xe mình nó đã về đến đại lý chưa để mình qua mình lấy xe anh đợi em một chút nhá, em kiểm tra thông tin cho anh anh hùng đúng không anh? đúng rồi, đúng rồi",work,1,usable,user6,2026-05-25T09:09:47.449448+00:00,1,/kaggle/working/asr_quality_classifier/data/audio/data2/50000820251112111403_001_e32cc870-8b7f-469d-9249-2c7d5111bcc0/clone3.wav,1,0,0.74,False Negative,0.26
user7,50000820251112111403_004_3536d25e-0e1b-477c-9fdd-7e3dcceb5cc6/clone2.wav,50000820251112111403_004_3536d25e-0e1b-477c-9fdd-7e3dcceb5cc6,clone2.wav,chờ vậy thì đơn hàng đã được chuyển về bên phía đại lý rồi đấy để em kiểm tra xem là được chuyển về đại lý nào anh nhá,work,1,usable,user7,2026-05-26T03:04:42.467827+00:00,1,/kaggle/working/asr_quality_classifier/data/audio/data2/50000820251112111403_004_3536d25e-0e1b-477c-9fdd-7e3dcceb5cc6/clone2.wav,1,0,0.74,False Negative,0.26
user6,50013320251107174156_004_903313e8-1aa8-45b2-8ccd-c2c4941974e2/clone1.wav,50013320251107174156_004_903313e8-1aa8-45b2-8ccd-c2c4941974e2,clone1.wav,vâng thì cái này thì bên em xin phép là sẽ làm rõ lại nội dung trên về phía đại lý sau đấy sẽ chủ động gọi lại cho anh sớm được không ạ?,work,1,usable,user6,2026-05-25T09:59:37.065474+00:00,1,/kaggle/working/asr_quality_classifier/data/audio/data2/50013320251107174156_004_903313e8-1aa8-45b2-8ccd-c2c4941974e2/clone1.wav,1,0,0.74,False Negative,0.26
user3,50013320251107174156_006_9d468172-7521-4779-9efb-71a710bc96e7/clone2.wav,50013320251107174156_006_9d468172-7521-4779-9efb-71a710bc96e7,clone2.wav,"em mong anh gọi lại sớm dạ dạ vâng ạ thì em xin phép là kết thúc cuộc gọi để em chuyển lại thông tin cho bên bộ phận bên em ạ ok anh chào anh vâng em cảm ơn anh, dạ em chào anh ạ",work,1,usable,user3,2026-05-25T08:01:20.738898+00:00,1,/kaggle/working/asr_quality_classifier/data/audio/data2/50013320251107174156_006_9d468172-7521-4779-9efb-71a710bc96e7/clone2.wav,1,0,0.74,False Negative,0.26
user4,50013320251107174156_006_9d468172-7521-4779-9efb-71a710bc96e7/clone4.wav,50013320251107174156_006_9d468172-7521-4779-9efb-71a710bc96e7,clone4.wav,"em mong anh gọi lại sớm dạ dạ vâng ạ thì em xin phép là kết thúc cuộc gọi để em chuyển lại thông tin cho bên bộ phận bên em ạ ok anh chào anh vâng em cảm ơn anh, dạ em chào anh ạ",work,1,usable,user4,2026-05-25T07:49:48.078198+00:00,1,/kaggle/working/asr_quality_classifier/data/audio/data2/50013320251107174156_006_9d468172-7521-4779-9efb-71a710bc96e7/clone4.wav,1,0,0.74,False Negative,0.26
user5,50013320251112184128_002_eaf04408-09c1-4c45-b444-f7b0ed07b755/clone3.wav,50013320251112184128_002_eaf04408-09c1-4c45-b444-f7b0ed07b755,clone3.wav,vâng ạ em bên vinfast ạ em để cuộc gọi nhỡ của chị ở trên tổng đài ạ,work,1,usable,user5,2026-05-25T07:12:10.772019+00:00,1,/kaggle/working/asr_quality_classifier/data/audio/data2/50013320251112184128_002_eaf04408-09c1-4c45-b444-f7b0ed07b755/clone3.wav,1,0,0.74,False Negative,0.26
user1,50000820251101204533_010_ff171030-76dd-4048-850f-52215d96bad8/clone7.wav,50000820251101204533_010_ff171030-76dd-4048-850f-52215d96bad8,clone7.wav,"mới được chuyển về đấy anh ạ anh ghi cho em mã đơn hàng nhá, anh đọc mã đơn hàng cho họ là được ạ",work,1,usable,user1,2026-05-26T03:27:20.272345+00:00,1,/kaggle/working/asr_quality_classifier/data/audio/data2/50000820251101204533_010_ff171030-76dd-4048-850f-52215d96bad8/clone7.wav,1,0,0.74,False Negative,0.26
user3,50000820251101204839_005_d06c6a22-0496-4ad5-86a8-a7696e25ddda/clone1.wav,50000820251101204839_005_d06c6a22-0496-4ad5-86a8-a7696e25ddda,clone1.wav,"à, chứ chứ một cái e xim bọn nó không thể sử dụng trên hai cái tài khoản mà?",work,1,usable,user3,2026-05-26T03:15:35.109562+00:00,1,/kaggle/working/asr_quality_classifier/data/audio/data2/50000820251101204839_005_d06c6a22-0496-4ad5-86a8-a7696e25ddda/clone1.wav,1,0,0.74,False Negative,0.26
user1,50000820251101204839_005_d06c6a22-0496-4ad5-86a8-a7696e25ddda/clone4.wav,50000820251101204839_005_d06c6a22-0496-4ad5-86a8-a7696e25ddda,clone4.wav,"à, chứ chứ một cái e xim bọn nó không thể sử dụng trên hai cái tài khoản mà?",work,1,usable,user1,2026-05-25T08:07:24.164234+00:00,1,/kaggle/working/asr_quality_classifier/data/audio/data2/50000820251101204839_005_d06c6a22-0496-4ad5-86a8-a7696e25ddda/clone4.wav,1,0,0.74,False Negative,0.26
user4,50000820251101204839_006_59c05d0e-ef4d-4fab-845e-75f238023945/clone4.wav,50000820251101204839_006_59c05d0e-ef4d-4fab-845e-75f238023945,clone4.wav,"dạ vâng vâng, bởi vì là trên xe thì sẽ chỉ lắp một cái e xim sẽ chỉ có một cái e xim mặc định nhà sản xuất lắp vào cho anh thôi còn là mình muốn",work,1,usable,user4,2026-05-25T08:45:50.017741+00:00,1,/kaggle/working/asr_quality_classifier/data/audio/data2/50000820251101204839_006_59c05d0e-ef4d-4fab-845e-75f238023945/clone4.wav,1,0,0.74,False Negative,0.26
user7,50000820251101204839_006_59c05d0e-ef4d-4fab-845e-75f238023945/clone6.wav,50000820251101204839_006_59c05d0e-ef4d-4fab-845e-75f238023945,clone6.wav,"dạ vâng vâng, bởi vì là trên xe thì sẽ chỉ lắp một cái e xim sẽ chỉ có một cái e xim mặc định nhà sản xuất lắp vào cho anh thôi còn là mình muốn",work,1,usable,user7,2026-05-25T04:45:52.095518+00:00,1,/kaggle/working/asr_quality_classifier/data/audio/data2/50000820251101204839_006_59c05d0e-ef4d-4fab-845e-75f238023945/clone6.wav,1,0,0.74,False Negative,0.26
user7,50000820251101204839_014_1876fe50-1c5e-47a6-b7a3-41c086b85d19/clone5.wav,50000820251101204839_014_1876fe50-1c5e-47a6-b7a3-41c086b85d19,clone5.wav,"e xim thì nó ở sẵn trên xe mà, kể cả anh dùng tài khoản lái phụ thì nhưng mà tài khoản lái phụ thì anh chỉ để theo dõi thông tin xe thôi anh ạ giả sử nhá, anh là chủ xe đúng không? anh a có một bạn tài xế, thì anh a cung cấp cấp cho bạn ấy là tài khoản lái phụ, thì tài khoản lái phụ thì chỉ theo dõi thông tin xe thôi anh ạ nhưng mà e tài khoản lái phụ cũng không vào được yu-túp à? nghĩa là nhá, cái việc mà truy cập yu-túp các thứ thì nó chỉ đơn giản là mình truy cập qua áp-pờ carplay nếu như mà anh sử dụng mà điện thoại ai-phôn, hoặc là anh dùng an-đroi thì sẽ là an-đroi ô-tô anh ạ ok, ok",work,1,usable,user7,2026-05-26T02:55:47.910631+00:00,1,/kaggle/working/asr_quality_classifier/data/audio/data2/50000820251101204839_014_1876fe50-1c5e-47a6-b7a3-41c086b85d19/clone5.wav,1,0,0.74,False Negative,0.26
user5,50000820251101204839_015_863bd3f5-d36f-407c-803e-b4bdd87f2a9d/clone1.wav,50000820251101204839_015_863bd3f5-d36f-407c-803e-b4bdd87f2a9d,clone1.wav,"đấy, còn việc là bạn ấy muốn đăng nhập cái tài khoản của bạn ấy ở trên cái xe của anh là không được mà chỉ chủ xe đăng nhập được thôi",work,1,usable,user5,2026-05-25T08:24:30.643897+00:00,1,/kaggle/working/asr_quality_classifier/data/audio/data2/50000820251101204839_015_863bd3f5-d36f-407c-803e-b4bdd87f2a9d/clone1.wav,1,0,0.74,False Negative,0.26
user2,50000820251101204839_015_863bd3f5-d36f-407c-803e-b4bdd87f2a9d/clone3.wav,50000820251101204839_015_863bd3f5-d36f-407c-803e-b4bdd87f2a9d,clone3.wav,"đấy, còn việc là bạn ấy muốn đăng nhập cái tài khoản của bạn ấy ở trên cái xe của anh là không được mà chỉ chủ xe đăng nhập được thôi",work,1,usable,user2,2026-05-26T01:52:18.715593+00:00,1,/kaggle/working/asr_quality_classifier/data/audio/data2/50000820251101204839_015_863bd3f5-d36f-407c-803e-b4bdd87f2a9d/clone3.wav,1,0,0.74,False Negative,0.26
user4,50000820251101190728_001_9feafb50-3ae1-477f-a2ec-3f38f99d5c1c/clone4.wav,50000820251101190728_001_9feafb50-3ae1-477f-a2ec-3f38f99d5c1c,clone4.wav,à anh cho em hỏi cái em mua xe á mà đặt cọc tháng tám sở hữu á mà sao tới nay chưa có xe,work,1,usable,user4,2026-05-25T07:13:01.631510+00:00,1,/kaggle/working/asr_quality_classifier/data/audio/data2/50000820251101190728_001_9feafb50-3ae1-477f-a2ec-3f38f99d5c1c/clone4.wav,1,0,0.74,False Negative,0.26
user3,50000820251101190728_001_9feafb50-3ae1-477f-a2ec-3f38f99d5c1c/clone6.wav,50000820251101190728_001_9feafb50-3ae1-477f-a2ec-3f38f99d5c1c,clone6.wav,à anh cho em hỏi cái em mua xe á mà đặt cọc tháng tám sở hữu á mà sao tới nay chưa có xe,work,1,usable,user3,2026-05-25T05:04:07.632248+00:00,1,/kaggle/working/asr_quality_classifier/data/audio/data2/50000820251101190728_001_9feafb50-3ae1-477f-a2ec-3f38f99d5c1c/clone6.wav,1,0,0.74,False Negative,0.26
user2,50000820251101190728_001_9feafb50-3ae1-477f-a2ec-3f38f99d5c1c/clone7.wav,50000820251101190728_001_9feafb50-3ae1-477f-a2ec-3f38f99d5c1c,clone7.wav,à anh cho em hỏi cái em mua xe á mà đặt cọc tháng tám sở hữu á mà sao tới nay chưa có xe,work,1,usable,user2,2026-05-25T08:18:44.452133+00:00,1,/kaggle/working/asr_quality_classifier/data/audio/data2/50000820251101190728_001_9feafb50-3ae1-477f-a2ec-3f38f99d5c1c/clone7.wav,1,0,0.74,False Negative,0.26
user7,50000820251101190728_001_9feafb50-3ae1-477f-a2ec-3f38f99d5c1c/clone8.wav,50000820251101190728_001_9feafb50-3ae1-477f-a2ec-3f38f99d5c1c,clone8.wav,à anh cho em hỏi cái em mua xe á mà đặt cọc tháng tám sở hữu á mà sao tới nay chưa có xe,work,1,usable,user7,2026-05-26T03:36:41.731793+00:00,1,/kaggle/working/asr_quality_classifier/data/audio/data2/50000820251101190728_001_9feafb50-3ae1-477f-a2ec-3f38f99d5c1c/clone8.wav,1,0,0.74,False Negative,0.26
user5,50000820251101190728_005_4f80c56e-574d-47bb-841c-2e6667e3838f/clone3.wav,50000820251101190728_005_4f80c56e-574d-47bb-841c-2e6667e3838f,clone3.wav,dạ đúng rồi dạ vâng vâng cái này anh phải gọi qua tổng đài giê ét anh ạ cái này mình đang gặp vấn đề gì hả anh?,work,1,usable,user5,2026-05-26T03:10:04.675519+00:00,1,/kaggle/working/asr_quality_classifier/data/audio/data2/50000820251101190728_005_4f80c56e-574d-47bb-841c-2e6667e3838f/clone3.wav,1,0,0.74,False Negative,0.26
user5,50000820251101201636_001_b8cf708f-2a33-420f-ac25-8dcf0b516956/clone7.wav,50000820251101201636_001_b8cf708f-2a33-420f-ac25-8dcf0b516956,clone7.wav,"bên mình chuyển đơn về đấy hộ em được không ạ? à, ê-cô s bên đông anh hả chị? vâng ạ, chỗ xuân canh ấy ạ đây là chuyển đơn thì mai em lấy được không ạ? cái này thì em sẽ báo bên bộ phận các bạn ý chuyển đơn cho mình chị nhá bên em thì bên chăm sóc khách hàng chỉ tiếp nhận thông tin thôi chị ạ còn bên o i o mới là đơn vị chuyển xe thì em sẽ báo các bạn ý là chuyển về ê-cô s đông anh à? xuân canh ạ xuân canh à? vâng ạ, đông anh, xuân canh ấy ạ",work,1,usable,user5,2026-05-25T08:19:02.528919+00:00,1,/kaggle/working/asr_quality_classifier/data/audio/data2/50000820251101201636_001_b8cf708f-2a33-420f-ac25-8dcf0b516956/clone7.wav,1,0,0.74,False Negative,0.26
user3,50000820251101204533_010_ff171030-76dd-4048-850f-52215d96bad8/clone1.wav,50000820251101204533_010_ff171030-76dd-4048-850f-52215d96bad8,clone1.wav,"mới được chuyển về đấy anh ạ anh ghi cho em mã đơn hàng nhá, anh đọc mã đơn hàng cho họ là được ạ",work,1,usable,user3,2026-05-25T07:12:29.827767+00:00,1,/kaggle/working/asr_quality_classifier/data/audio/data2/50000820251101204533_010_ff171030-76dd-4048-850f-52215d96bad8/clone1.wav,1,0,0.74,False Negative,0.26
user3,50000820251101204533_010_ff171030-76dd-4048-850f-52215d96bad8/clone3.wav,50000820251101204533_010_ff171030-76dd-4048-850f-52215d96bad8,clone3.wav,"mới được chuyển về đấy anh ạ anh ghi cho em mã đơn hàng nhá, anh đọc mã đơn hàng cho họ là được ạ",work,1,usable,user3,2026-05-25T08:04:55.394155+00:00,1,/kaggle/working/asr_quality_classifier/data/audio/data2/50000820251101204533_010_ff171030-76dd-4048-850f-52215d96bad8/clone3.wav,1,0,0.74,False Negative,0.26
user2,50013820251110101928_015_debc355e-1329-4abf-909e-36d37bb186cf/clone1.wav,50013820251110101928_015_debc355e-1329-4abf-909e-36d37bb186cf,clone1.wav,cái này số của xô-rum luôn hả? dạ đúng rồi số của đại lý vinfast triệu đô anh ạ ừ ok ok anh ghi giúp em ạ dạ vâng ạ ừ,work,1,usable,user2,2026-05-26T03:07:40.520424+00:00,1,/kaggle/working/asr_quality_classifier/data/audio/data2/50013820251110101928_015_debc355e-1329-4abf-909e-36d37bb186cf/clone1.wav,1,0,0.74,False Negative,0.26
user3,50013820251114134108_002_b195ded9-770e-4cee-b8cc-66a275b56fc4/clone5.wav,50013820251114134108_002_b195ded9-770e-4cee-b8cc-66a275b56fc4,clone5.wav,ở trên áp của mình có không?,work,1,usable,user3,2026-05-26T03:03:55.810515+00:00,1,/kaggle/working/asr_quality_classifier/data/audio/data2/50013820251114134108_002_b195ded9-770e-4cee-b8cc-66a275b56fc4/clone5.wav,1,0,0.74,False Negative,0.26
user7,50013820251114134108_003_c35aa367-7d93-4c4a-94cd-5eaae3e47511/clone8.wav,50013820251114134108_003_c35aa367-7d93-4c4a-94cd-5eaae3e47511,clone8.wav,ở trên áp luôn hả anh?,work,1,usable,user7,2026-05-26T03:39:37.709256+00:00,1,/kaggle/working/asr_quality_classifier/data/audio/data2/50013820251114134108_003_c35aa367-7d93-4c4a-94cd-5eaae3e47511/clone8.wav,1,0,0.74,False Negative,0.26
user1,50013920251101230615_003_50641026-5cca-472a-a8ce-b38da9ac4207/clone3.wav,50013920251101230615_003_50641026-5cca-472a-a8ce-b38da9ac4207,clone3.wav,"dạ vâng, nếu như mà mình hết pin mình là xe khách hàng cá nhân hay là tài xế xe ét em ạ?",work,1,usable,user1,2026-05-26T04:12:16.788902+00:00,1,/kaggle/working/asr_quality_classifier/data/audio/data2/50013920251101230615_003_50641026-5cca-472a-a8ce-b38da9ac4207/clone3.wav,1,0,0.74,False Negative,0.26
user3,50013920251101230615_003_50641026-5cca-472a-a8ce-b38da9ac4207/clone7.wav,50013920251101230615_003_50641026-5cca-472a-a8ce-b38da9ac4207,clone7.wav,"dạ vâng, nếu như mà mình hết pin mình là xe khách hàng cá nhân hay là tài xế xe ét em ạ?",work,1,usable,user3,2026-05-25T07:50:59.394683+00:00,1,/kaggle/working/asr_quality_classifier/data/audio/data2/50013920251101230615_003_50641026-5cca-472a-a8ce-b38da9ac4207/clone7.wav,1,0,0.74,False Negative,0.26
user7,50013920251101230615_004_a562810b-3cee-4b83-9b9c-8fc56800d3c2/clone5.wav,50013920251101230615_004_a562810b-3cee-4b83-9b9c-8fc56800d3c2,clone5.wav,bây giờ đẩy không được luôn,work,1,usable,user7,2026-05-26T03:39:18.674668+00:00,1,/kaggle/working/asr_quality_classifier/data/audio/data2/50013920251101230615_004_a562810b-3cee-4b83-9b9c-8fc56800d3c2/clone5.wav,1,0,0.74,False Negative,0.26
user4,50000820251101185045_001_f95bcde5-ead9-4123-a812-0d40510ab21c/clone5.wav,50000820251101185045_001_f95bcde5-ead9-4123-a812-0d40510ab21c,clone5.wav,"dạ, em vừa vào hỏi đây thì cũng có sẵn màu mà em đã đặt rồi ấy ạ",work,1,usable,user4,2026-05-25T06:53:06.868633+00:00,1,/kaggle/working/asr_quality_classifier/data/audio/data2/50000820251101185045_001_f95bcde5-ead9-4123-a812-0d40510ab21c/clone5.wav,1,0,0.74,False Negative,0.26
user2,50000820251101185045_003_1d83f818-da5a-46a1-831e-f6ed97915575/clone8.wav,50000820251101185045_003_1d83f818-da5a-46a1-831e-f6ed97915575,clone8.wav,"phường thuận thành đấy vâng, thế được rồi cái này thì em sẽ gửi thông tin về o a o các bạn ấy vâng, tại vì bên em bây giờ vâng, bên em bây giờ công trường ấy bây giờ đang quy định công ty giờ đang còn",work,1,usable,user2,2026-05-25T08:32:16.402339+00:00,1,/kaggle/working/asr_quality_classifier/data/audio/data2/50000820251101185045_003_1d83f818-da5a-46a1-831e-f6ed97915575/clone8.wav,1,0,0.74,False Negative,0.26
user2,50013820251103105028_003_5af716db-756d-49bb-9bc7-50febe35c256/clone7.wav,50013820251103105028_003_5af716db-756d-49bb-9bc7-50febe35c256,clone7.wav,dạ a-lô dạ anh bên bên em có báo về vấn đề mà áp của mình đang mất phần thông tin xe để sạc ấy anh,work,1,usable,user2,2026-05-25T08:44:48.863797+00:00,1,/kaggle/working/asr_quality_classifier/data/audio/data2/50013820251103105028_003_5af716db-756d-49bb-9bc7-50febe35c256/clone7.wav,1,0,0.74,False Negative,0.26
user6,50013820251104182117_000_7d5790e9-db70-4d67-9916-04f2415ad7cc/clone8.wav,50013820251104182117_000_7d5790e9-db70-4d67-9916-04f2415ad7cc,clone8.wav,à a-lô a-lô à a-lô anh kháng ạ đúng rồi dạ vâng em là đại từ tổng đài vinfast ạ à ừ đúng rồi à em có thấy mình gửi mêu về về cái vấn đề mà áp của mình ấy ạ mua xe được hơn mười ngày rồi vẫn không hiện ở trên áp đấy anh ờ tớ mua từ hôm hai mươi hai mà hôm nay đã là mùng ba mà vẫn chưa thấy hiện dạ vâng hiện tại thì em thấy trên hệ thống ấy ạ thì số điện thoại của chị vân ấy số đuôi là tám nghìn chín trăm hai mươi sáu ấy ạ đúng rồi đã có mã khách hàng để mình quét mã tại trạm sạc rồi anh ạ còn à quản lý xe nếu mà ê vê oăn mình muốn quản lý xe ấy ạ thì sẽ phải nâng cấp gói cước là nâng cấp phụ kiện là ét xê u ờ em chỉ cần nâng cấp cái esim đúng rồi em không cần em chỉ cần sạc tại trạm thôi à vâng sạc tại trạm thì hiện tại mình đã có thể quét mã cu e-rờ rồi anh ạ ờ chưa em chưa thấy có hiện xe ở trên áp cái này thì mình không đăng ký nâng cấp ét xê u thì sẽ không hiện xe mà chỉ dùng tính năng áp sạc để quét mã cu e-rờ sạc thôi anh ạ ừ ý nó bảo ý là tớ tớ quét mã cu e-rờ thì là thì ờ à phải đồng bộ i-meo đúng không? dạ không cần đâu ạ mình vào áp giúp em xong mình vào phần dịch vụ,work,1,usable,user6,2026-05-25T07:46:20.940684+00:00,1,/kaggle/working/asr_quality_classifier/data/audio/data2/50013820251104182117_000_7d5790e9-db70-4d67-9916-04f2415ad7cc/clone8.wav,1,0,0.74,False Negative,0.26
user4,50013820251106191617_001_62aba7cb-dc8b-4508-bd15-8609ca720134/clone2.wav,50013820251106191617_001_62aba7cb-dc8b-4508-bd15-8609ca720134,clone2.wav,vâng em là đại từ tổng đài vinfast ạ,work,1,usable,user4,2026-05-26T02:26:53.439251+00:00,1,/kaggle/working/asr_quality_classifier/data/audio/data2/50013820251106191617_001_62aba7cb-dc8b-4508-bd15-8609ca720134/clone2.wav,1,0,0.74,False Negative,0.26
user6,50013820251106191617_005_e05b1986-88b9-4e6b-8773-da858091c267/clone3.wav,50013820251106191617_005_e05b1986-88b9-4e6b-8773-da858091c267,clone3.wav,tại đại lý để họ có thể đăng ký cho mình quản lý xe trên áp anh ạ,work,1,usable,user6,2026-05-25T07:35:56.148230+00:00,1,/kaggle/working/asr_quality_classifier/data/audio/data2/50013820251106191617_005_e05b1986-88b9-4e6b-8773-da858091c267/clone3.wav,1,0,0.74,False Negative,0.26
user5,50013820251110101928_001_ee635d67-5d29-4b1f-9906-863a9dd40357/clone8.wav,50013820251110101928_001_ee635d67-5d29-4b1f-9906-863a9dd40357,clone8.wav,dạ vâng em thấy mình có để lại thông tin là mình cần mua xe máy điện đấy ạ,work,1,usable,user5,2026-05-25T08:07:14.717053+00:00,1,/kaggle/working/asr_quality_classifier/data/audio/data2/50013820251110101928_001_ee635d67-5d29-4b1f-9906-863a9dd40357/clone8.wav,1,0,0.74,False Negative,0.26
user1,50013820251110101928_007_a6d3b784-bc36-4078-aacd-2976a9ce7292/clone5.wav,50013820251110101928_007_a6d3b784-bc36-4078-aacd-2976a9ce7292,clone5.wav,hiện tại bây giờ nó là bên tại thị xã lon thành anh,work,1,usable,user1,2026-05-26T03:26:14.940066+00:00,1,/kaggle/working/asr_quality_classifier/data/audio/data2/50013820251110101928_007_a6d3b784-bc36-4078-aacd-2976a9ce7292/clone5.wav,1,0,0.74,False Negative,0.26
user5,50013820251110101928_011_1ab5fe6d-0f07-455b-b930-451c78090bfd/clone1.wav,50013820251110101928_011_1ab5fe6d-0f07-455b-b930-451c78090bfd,clone1.wav,chín trăm lẻ chín dạ tám mươi lăm,work,1,usable,user5,2026-05-26T04:33:40.748760+00:00,1,/kaggle/working/asr_quality_classifier/data/audio/data2/50013820251110101928_011_1ab5fe6d-0f07-455b-b930-451c78090bfd/clone1.wav,1,0,0.74,False Negative,0.26
user6,50013820251110101928_011_1ab5fe6d-0f07-455b-b930-451c78090bfd/clone2.wav,50013820251110101928_011_1ab5fe6d-0f07-455b-b930-451c78090bfd,clone2.wav,chín trăm lẻ chín dạ tám mươi lăm,work,1,usable,user6,2026-05-25T09:37:16.605443+00:00,1,/kaggle/working/asr_quality_classifier/data/audio/data2/50013820251110101928_011_1ab5fe6d-0f07-455b-b930-451c78090bfd/clone2.wav,1,0,0.74,False Negative,0.26
user1,50014020251106191827_002_1b24f406-ca59-4e37-95b2-648836b8d67d/clone7.wav,50014020251106191827_002_1b24f406-ca59-4e37-95b2-648836b8d67d,clone7.wav,"ừm, anh ơi, em có đặt cọc xe máy điện ở vinfast ấy ạ? vâng thì em muốn đổi sang xe khác có được không ạ?",work,1,usable,user1,2026-05-25T08:51:24.098347+00:00,1,/kaggle/working/asr_quality_classifier/data/audio/data2/50014020251106191827_002_1b24f406-ca59-4e37-95b2-648836b8d67d/clone7.wav,1,0,0.74,False Negative,0.26
user1,50014020251106191827_007_6e3a3f02-1504-4afa-9b34-f2512642b5d9/clone7.wav,50014020251106191827_007_6e3a3f02-1504-4afa-9b34-f2512642b5d9,clone7.wav,"hiện tại chưa có địa điểm nhận xe chị cái này chị phải đợi ô tô họ điều phối chị ạ à, vâng vâng em cảm ơn ạ đúng rồi vâng, vâng",work,1,usable,user1,2026-05-25T08:29:33.964670+00:00,1,/kaggle/working/asr_quality_classifier/data/audio/data2/50014020251106191827_007_6e3a3f02-1504-4afa-9b34-f2512642b5d9/clone7.wav,1,0,0.74,False Negative,0.26
user3,50014020251108170740_004_720ae6e2-2042-4bf3-b33b-45cd1a5240ae/clone1.wav,50014020251108170740_004_720ae6e2-2042-4bf3-b33b-45cd1a5240ae,clone1.wav,xe anh gặp sự cố gì vậy anh? đang đi nó tự nhiên nó dừng lại luôn không không đi được nó báo lỗi động cơ,work,1,usable,user3,2026-05-26T03:48:01.710075+00:00,1,/kaggle/working/asr_quality_classifier/data/audio/data2/50014020251108170740_004_720ae6e2-2042-4bf3-b33b-45cd1a5240ae/clone1.wav,1,0,0.74,False Negative,0.26
user4,50014020251108170740_006_2ab8a9b0-aca0-4ac4-a676-ce4760288b49/clone4.wav,50014020251108170740_006_2ab8a9b0-aca0-4ac4-a676-ce4760288b49,clone4.wav,chín nghìn không trăm tám mươi hai đúng không anh? ôi đang ở một trăm sáu mươi mốt yên lãng anh ạ,work,1,usable,user4,2026-05-25T09:00:16.940999+00:00,1,/kaggle/working/asr_quality_classifier/data/audio/data2/50014020251108170740_006_2ab8a9b0-aca0-4ac4-a676-ce4760288b49/clone4.wav,1,0,0.74,False Negative,0.26
user7,50014020251108170740_007_2de711ed-64d4-4708-b22c-3d3c4c57384f/clone3.wav,50014020251108170740_007_2de711ed-64d4-4708-b22c-3d3c4c57384f,clone3.wav,một trăm tám mươi mốt yên lãng thịnh quang đống đa thì đúng không anh? đúng rồi đúng rồi trước đó mình cũng chưa báo thông tin về đâu đúng không anh? chưa chưa chưa chưa vâng anh nắm được chính sách kéo cứu hộ rồi đúng không ạ? là như nào? bên em sẽ có chính sách là kéo cứu hộ miễn phí một chiều đối với dòng xe của anh trong vòng bảy năm hoặc là sáu mươi nghìn ki-lô-mét tùy điều kiện anh anh anh anh anh anh xử lý cho xử lý cho em xử lý cho em đi nhanh nhanh em đang giữa đường này đông đông người tắc đường anh nắm được rồi đúng không ạ? rồi rồi ok vâng xử lý cho em rồi bên em báo cho anh về bên chỗ niu uây yên lãng luôn nhá ok anh xử lý luôn cho em với vui lòng đợi thêm bạn hỗ trợ,work,1,usable,user7,2026-05-26T03:04:07.684137+00:00,1,/kaggle/working/asr_quality_classifier/data/audio/data2/50014020251108170740_007_2de711ed-64d4-4708-b22c-3d3c4c57384f/clone3.wav,1,0,0.74,False Negative,0.26
user4,50014020251108170740_008_10ccb44f-a444-4e9c-862c-adb576677d32/clone8.wav,50014020251108170740_008_10ccb44f-a444-4e9c-862c-adb576677d32,clone8.wav,cảm ơn anh chào anh ạ,work,1,usable,user4,2026-05-25T08:00:54.958051+00:00,1,/kaggle/working/asr_quality_classifier/data/audio/data2/50014020251108170740_008_10ccb44f-a444-4e9c-862c-adb576677d32/clone8.wav,1,0,0.74,False Negative,0.26
user3,50014020251110122655_001_4fe5d152-066d-4369-a79e-06dd06d9faee/clone4.wav,50014020251110122655_001_4fe5d152-066d-4369-a79e-06dd06d9faee,clone4.wav,vâng em chào anh anh gọi cho mình bên vinfast em xin cuộc gọi nhỡ mình lên tổng đài mình cần hỗ trợ vấn đề với anh khoa ạ ừ cho mình hỏi coi bây giờ cái cái cái cái cái bên hồ sơ của mình để tới đâu ạ?,work,1,usable,user3,2026-05-25T07:37:22.432689+00:00,1,/kaggle/working/asr_quality_classifier/data/audio/data2/50014020251110122655_001_4fe5d152-066d-4369-a79e-06dd06d9faee/clone4.wav,1,0,0.74,False Negative,0.26
user2,50014020251110122655_001_4fe5d152-066d-4369-a79e-06dd06d9faee/clone7.wav,50014020251110122655_001_4fe5d152-066d-4369-a79e-06dd06d9faee,clone7.wav,vâng em chào anh anh gọi cho mình bên vinfast em xin cuộc gọi nhỡ mình lên tổng đài mình cần hỗ trợ vấn đề với anh khoa ạ ừ cho mình hỏi coi bây giờ cái cái cái cái cái bên hồ sơ của mình để tới đâu ạ?,work,1,usable,user2,2026-05-26T01:51:36.527965+00:00,1,/kaggle/working/asr_quality_classifier/data/audio/data2/50014020251110122655_001_4fe5d152-066d-4369-a79e-06dd06d9faee/clone7.wav,1,0,0.74,False Negative,0.26
user5,50013920251109105357_000_b1fccbd6-0faf-4c9f-82b5-1ff9e6d0dd46/clone5.wav,50013920251109105357_000_b1fccbd6-0faf-4c9f-82b5-1ff9e6d0dd46,clone5.wav,"a-lô dạ vâng, em chào anh em hải bên tổng đài vinfast ạ em thấy là mình có cuộc gọi nhỡ bên tổng đài bên em ấy, em đang gọi cho mình em hỗ trợ gì không ạ? à, tức là cái cái cái dịch vụ bên em có bên cái cái cái dịch vụ trên em là bên xã nhưng mà à cái",work,1,usable,user5,2026-05-25T07:08:31.253373+00:00,1,/kaggle/working/asr_quality_classifier/data/audio/data2/50013920251109105357_000_b1fccbd6-0faf-4c9f-82b5-1ff9e6d0dd46/clone5.wav,1,0,0.74,False Negative,0.26
user5,50013920251109105357_002_c73fecea-cf3d-4d7c-90e4-ec7838d736a9/clone1.wav,50013920251109105357_002_c73fecea-cf3d-4d7c-90e4-ec7838d736a9,clone1.wav,"tức là nó gửi liên tục liên tục liên tục nó gửi o tê pê chỉ là nó sẽ chỉ như kiểu là nó như kiểu là để đăng ký đăng ký mới thôi thế thì cái cái này có thể xảy ra nếu như mà ví dụ chẳng hạn khách hàng khác người ta dùng cái số điện thoại giống như của anh ấy nhưng mà kiểu kiểu số này nó gần giống thôi, người ta nhập nhầm số như thế nào chẳng hạn ấy có thể nó có thể nó là như vậy đấy hoặc là đại lý người ta nhập nhầm số đấy thì cái này mình mình theo dõi thêm giúp em thôi còn đằng nào cái o tê pê này nếu mà anh không cung cấp cho ai nó cũng chẳng ảnh hưởng gì đến mình đâu anh ạ à vâng vâng nhưng nhưng mà nó nó thông báo nó thông báo về nó nó nó hơi phiền anh ạ dạ vâng, anh theo dõi ờ em anh theo dõi thêm giúp em nhá chứ cái này em không không hỗ trợ được bởi vì số điện thoại của mình thì em nghĩ là khả năng là thường thường khách em mà lâu lâu ấy có một khách gặp cái tình trạng như anh ấy thì thường là do như kiểu là người ta nhập nhầm số thôi ví dụ chẳng hạn một cái số nào giống anh ví dụ chẳng hạn một nghìn một trăm sáu mươi tám chẳng hạn thì thì người ta cứ hoặc là nhầm thay vì là một mười một thì nó là tám mươi mốt chẳng hạn mà nó là mười tám chẳng hạn ấy nó cứ nhập là tám mươi mốt chẳng hạn ấy kiểu kiểu như vậy thì là nó cứ bị lẫn ra cái số của mình ấy thì cái này mình không biết được không truy ra được là ai là người nhập vào thì bọn em cũng không không can thiệp được anh ạ ừ dạ vâng, anh thông cảm giúp em nhá dạ dạ ok em cảm ơn ạ dạ vâng, em chào anh dạ dạ cảm ơn em dạ vâng, dạ vâng",work,1,usable,user5,2026-05-25T09:38:01.864710+00:00,1,/kaggle/working/asr_quality_classifier/data/audio/data2/50013920251109105357_002_c73fecea-cf3d-4d7c-90e4-ec7838d736a9/clone1.wav,1,0,0.74,False Negative,0.26
user1,50013920251109105357_002_c73fecea-cf3d-4d7c-90e4-ec7838d736a9/clone2.wav,50013920251109105357_002_c73fecea-cf3d-4d7c-90e4-ec7838d736a9,clone2.wav,"tức là nó gửi liên tục liên tục liên tục nó gửi o tê pê chỉ là nó sẽ chỉ như kiểu là nó như kiểu là để đăng ký đăng ký mới thôi thế thì cái cái này có thể xảy ra nếu như mà ví dụ chẳng hạn khách hàng khác người ta dùng cái số điện thoại giống như của anh ấy nhưng mà kiểu kiểu số này nó gần giống thôi, người ta nhập nhầm số như thế nào chẳng hạn ấy có thể nó có thể nó là như vậy đấy hoặc là đại lý người ta nhập nhầm số đấy thì cái này mình mình theo dõi thêm giúp em thôi còn đằng nào cái o tê pê này nếu mà anh không cung cấp cho ai nó cũng chẳng ảnh hưởng gì đến mình đâu anh ạ à vâng vâng nhưng nhưng mà nó nó thông báo nó thông báo về nó nó nó hơi phiền anh ạ dạ vâng, anh theo dõi ờ em anh theo dõi thêm giúp em nhá chứ cái này em không không hỗ trợ được bởi vì số điện thoại của mình thì em nghĩ là khả năng là thường thường khách em mà lâu lâu ấy có một khách gặp cái tình trạng như anh ấy thì thường là do như kiểu là người ta nhập nhầm số thôi ví dụ chẳng hạn một cái số nào giống anh ví dụ chẳng hạn một nghìn một trăm sáu mươi tám chẳng hạn thì thì người ta cứ hoặc là nhầm thay vì là một mười một thì nó là tám mươi mốt chẳng hạn mà nó là mười tám chẳng hạn ấy nó cứ nhập là tám mươi mốt chẳng hạn ấy kiểu kiểu như vậy thì là nó cứ bị lẫn ra cái số của mình ấy thì cái này mình không biết được không truy ra được là ai là người nhập vào thì bọn em cũng không không can thiệp được anh ạ ừ dạ vâng, anh thông cảm giúp em nhá dạ dạ ok em cảm ơn ạ dạ vâng, em chào anh dạ dạ cảm ơn em dạ vâng, dạ vâng",work,1,usable,user1,2026-05-26T03:26:02.092751+00:00,1,/kaggle/working/asr_quality_classifier/data/audio/data2/50013920251109105357_002_c73fecea-cf3d-4d7c-90e4-ec7838d736a9/clone2.wav,1,0,0.74,False Negative,0.26
user1,50013920251109105357_002_c73fecea-cf3d-4d7c-90e4-ec7838d736a9/clone4.wav,50013920251109105357_002_c73fecea-cf3d-4d7c-90e4-ec7838d736a9,clone4.wav,"tức là nó gửi liên tục liên tục liên tục nó gửi o tê pê chỉ là nó sẽ chỉ như kiểu là nó như kiểu là để đăng ký đăng ký mới thôi thế thì cái cái này có thể xảy ra nếu như mà ví dụ chẳng hạn khách hàng khác người ta dùng cái số điện thoại giống như của anh ấy nhưng mà kiểu kiểu số này nó gần giống thôi, người ta nhập nhầm số như thế nào chẳng hạn ấy có thể nó có thể nó là như vậy đấy hoặc là đại lý người ta nhập nhầm số đấy thì cái này mình mình theo dõi thêm giúp em thôi còn đằng nào cái o tê pê này nếu mà anh không cung cấp cho ai nó cũng chẳng ảnh hưởng gì đến mình đâu anh ạ à vâng vâng nhưng nhưng mà nó nó thông báo nó thông báo về nó nó nó hơi phiền anh ạ dạ vâng, anh theo dõi ờ em anh theo dõi thêm giúp em nhá chứ cái này em không không hỗ trợ được bởi vì số điện thoại của mình thì em nghĩ là khả năng là thường thường khách em mà lâu lâu ấy có một khách gặp cái tình trạng như anh ấy thì thường là do như kiểu là người ta nhập nhầm số thôi ví dụ chẳng hạn một cái số nào giống anh ví dụ chẳng hạn một nghìn một trăm sáu mươi tám chẳng hạn thì thì người ta cứ hoặc là nhầm thay vì là một mười một thì nó là tám mươi mốt chẳng hạn mà nó là mười tám chẳng hạn ấy nó cứ nhập là tám mươi mốt chẳng hạn ấy kiểu kiểu như vậy thì là nó cứ bị lẫn ra cái số của mình ấy thì cái này mình không biết được không truy ra được là ai là người nhập vào thì bọn em cũng không không can thiệp được anh ạ ừ dạ vâng, anh thông cảm giúp em nhá dạ dạ ok em cảm ơn ạ dạ vâng, em chào anh dạ dạ cảm ơn em dạ vâng, dạ vâng",work,1,usable,user1,2026-05-25T07:54:06.564438+00:00,1,/kaggle/working/asr_quality_classifier/data/audio/data2/50013920251109105357_002_c73fecea-cf3d-4d7c-90e4-ec7838d736a9/clone4.wav,1,0,0.74,False Negative,0.26
user4,50013920251109105357_002_c73fecea-cf3d-4d7c-90e4-ec7838d736a9/clone5.wav,50013920251109105357_002_c73fecea-cf3d-4d7c-90e4-ec7838d736a9,clone5.wav,"tức là nó gửi liên tục liên tục liên tục nó gửi o tê pê chỉ là nó sẽ chỉ như kiểu là nó như kiểu là để đăng ký đăng ký mới thôi thế thì cái cái này có thể xảy ra nếu như mà ví dụ chẳng hạn khách hàng khác người ta dùng cái số điện thoại giống như của anh ấy nhưng mà kiểu kiểu số này nó gần giống thôi, người ta nhập nhầm số như thế nào chẳng hạn ấy có thể nó có thể nó là như vậy đấy hoặc là đại lý người ta nhập nhầm số đấy thì cái này mình mình theo dõi thêm giúp em thôi còn đằng nào cái o tê pê này nếu mà anh không cung cấp cho ai nó cũng chẳng ảnh hưởng gì đến mình đâu anh ạ à vâng vâng nhưng nhưng mà nó nó thông báo nó thông báo về nó nó nó hơi phiền anh ạ dạ vâng, anh theo dõi ờ em anh theo dõi thêm giúp em nhá chứ cái này em không không hỗ trợ được bởi vì số điện thoại của mình thì em nghĩ là khả năng là thường thường khách em mà lâu lâu ấy có một khách gặp cái tình trạng như anh ấy thì thường là do như kiểu là người ta nhập nhầm số thôi ví dụ chẳng hạn một cái số nào giống anh ví dụ chẳng hạn một nghìn một trăm sáu mươi tám chẳng hạn thì thì người ta cứ hoặc là nhầm thay vì là một mười một thì nó là tám mươi mốt chẳng hạn mà nó là mười tám chẳng hạn ấy nó cứ nhập là tám mươi mốt chẳng hạn ấy kiểu kiểu như vậy thì là nó cứ bị lẫn ra cái số của mình ấy thì cái này mình không biết được không truy ra được là ai là người nhập vào thì bọn em cũng không không can thiệp được anh ạ ừ dạ vâng, anh thông cảm giúp em nhá dạ dạ ok em cảm ơn ạ dạ vâng, em chào anh dạ dạ cảm ơn em dạ vâng, dạ vâng",work,1,usable,user4,2026-05-25T06:59:43.060842+00:00,1,/kaggle/working/asr_quality_classifier/data/audio/data2/50013920251109105357_002_c73fecea-cf3d-4d7c-90e4-ec7838d736a9/clone5.wav,1,0,0.74,False Negative,0.26
user6,50013920251109115415_003_a7678c64-cd20-4ccb-b87b-c45d4b7a8982/clone6.wav,50013920251109115415_003_a7678c64-cd20-4ccb-b87b-c45d4b7a8982,clone6.wav,"vâng, vâng, cảm ơn và chúc anh cuối tuần vui vẻ ạ em chào anh hưng dạ, vâng",work,1,usable,user6,2026-05-25T09:50:03.282918+00:00,1,/kaggle/working/asr_quality_classifier/data/audio/data2/50013920251109115415_003_a7678c64-cd20-4ccb-b87b-c45d4b7a8982/clone6.wav,1,0,0.74,False Negative,0.26
user4,50014020251106191827_001_d2974e41-b1ac-4644-8921-640e9f680daf/clone3.wav,50014020251106191827_001_d2974e41-b1ac-4644-8921-640e9f680daf,clone3.wav,"vâng, em chào chị em gọi cho mình bên vinfast em thấy có cuộc gọi nhỡ mình lên tổng đài mình cần hỗ trợ vấn đề gì vậy chị?",work,1,usable,user4,2026-05-25T07:44:12.478596+00:00,1,/kaggle/working/asr_quality_classifier/data/audio/data2/50014020251106191827_001_d2974e41-b1ac-4644-8921-640e9f680daf/clone3.wav,1,0,0.74,False Negative,0.26
user7,50014020251106191827_001_d2974e41-b1ac-4644-8921-640e9f680daf/clone8.wav,50014020251106191827_001_d2974e41-b1ac-4644-8921-640e9f680daf,clone8.wav,"vâng, em chào chị em gọi cho mình bên vinfast em thấy có cuộc gọi nhỡ mình lên tổng đài mình cần hỗ trợ vấn đề gì vậy chị?",work,1,usable,user7,2026-05-26T03:00:34.253833+00:00,1,/kaggle/working/asr_quality_classifier/data/audio/data2/50014020251106191827_001_d2974e41-b1ac-4644-8921-640e9f680daf/clone8.wav,1,0,0.74,False Negative,0.26
user1,50013920251105105504_005_637417df-baac-4ab8-9ff0-6ab18aeaef70/clone5.wav,50013920251105105504_005_637417df-baac-4ab8-9ff0-6ab18aeaef70,clone5.wav,vâng anh liên hệ với cả xô-rum chưa? em liên hệ rồi em liên hệ xong người ta đồng ý người ta có xe vâng anh muốn chuyển sang bên xô-rum nào? vâng xô-rum bảo châu,work,1,usable,user1,2026-05-26T04:03:59.267587+00:00,1,/kaggle/working/asr_quality_classifier/data/audio/data2/50013920251105105504_005_637417df-baac-4ab8-9ff0-6ab18aeaef70/clone5.wav,1,0,0.74,False Negative,0.26
user3,50013920251105105504_006_e595b25f-89b0-4650-a885-cb50b62a8c40/clone4.wav,50013920251105105504_006_e595b25f-89b0-4650-a885-cb50b62a8c40,clone4.wav,một trăm năm mươi mốt,work,1,usable,user3,2026-05-26T03:14:06.904043+00:00,1,/kaggle/working/asr_quality_classifier/data/audio/data2/50013920251105105504_006_e595b25f-89b0-4650-a885-cb50b62a8c40/clone4.wav,1,0,0.74,False Negative,0.26
user7,50013920251107100505_001_05412803-65c1-4e16-b723-bb85d6a4b36c/clone1.wav,50013920251107100505_001_05412803-65c1-4e16-b723-bb85d6a4b36c,clone1.wav,"giá cước vinfast hàng tháng á nhưng mà tháng này chị gửi bị lỗi á dạ vâng trả tháng này là trả hai lần tiền đó thế à chị? ờ mình em bảo nhá thế bây giờ chị mua xe bằng số điện thoại này luôn không? đúng rồi, đúng rồi đợi em gì? à kiểm tra đợi em tí nhá chưa xong chưa xong đợi em tí nhá à được chị nhi đúng không ạ? đúng rồi ạ đợi em tí nhá xem nào",work,1,usable,user7,2026-05-25T08:36:04.304062+00:00,1,/kaggle/working/asr_quality_classifier/data/audio/data2/50013920251107100505_001_05412803-65c1-4e16-b723-bb85d6a4b36c/clone1.wav,1,0,0.74,False Negative,0.26
user7,50013920251107100505_001_05412803-65c1-4e16-b723-bb85d6a4b36c/clone5.wav,50013920251107100505_001_05412803-65c1-4e16-b723-bb85d6a4b36c,clone5.wav,"giá cước vinfast hàng tháng á nhưng mà tháng này chị gửi bị lỗi á dạ vâng trả tháng này là trả hai lần tiền đó thế à chị? ờ mình em bảo nhá thế bây giờ chị mua xe bằng số điện thoại này luôn không? đúng rồi, đúng rồi đợi em gì? à kiểm tra đợi em tí nhá chưa xong chưa xong đợi em tí nhá à được chị nhi đúng không ạ? đúng rồi ạ đợi em tí nhá xem nào",work,1,usable,user7,2026-05-25T08:36:04.304252+00:00,1,/kaggle/working/asr_quality_classifier/data/audio/data2/50013920251107100505_001_05412803-65c1-4e16-b723-bb85d6a4b36c/clone5.wav,1,0,0.74,False Negative,0.26
user3,50013920251108132031_002_4eb2e983-2482-4b15-a453-b62adbf518d8/clone3.wav,50013920251108132031_002_4eb2e983-2482-4b15-a453-b62adbf518d8,clone3.wav,dạ anh cho hỏi là em có số điện thoại ở chỗ thành phố hà tĩnh không ạ? ờ để anh kiểm tra đơn hàng của chị rồi em tư vấn nhá dạ,work,1,usable,user3,2026-05-25T07:11:52.068293+00:00,1,/kaggle/working/asr_quality_classifier/data/audio/data2/50013920251108132031_002_4eb2e983-2482-4b15-a453-b62adbf518d8/clone3.wav,1,0,0.74,False Negative,0.26
user2,50013920251108132031_002_4eb2e983-2482-4b15-a453-b62adbf518d8/clone6.wav,50013920251108132031_002_4eb2e983-2482-4b15-a453-b62adbf518d8,clone6.wav,dạ anh cho hỏi là em có số điện thoại ở chỗ thành phố hà tĩnh không ạ? ờ để anh kiểm tra đơn hàng của chị rồi em tư vấn nhá dạ,work,1,usable,user2,2026-05-25T07:15:17.572617+00:00,1,/kaggle/working/asr_quality_classifier/data/audio/data2/50013920251108132031_002_4eb2e983-2482-4b15-a453-b62adbf518d8/clone6.wav,1,0,0.74,False Negative,0.26
user2,50013920251108132031_009_29d0ba75-0656-4bc3-a8c4-6350fe9dacbd/clone5.wav,50013920251108132031_009_29d0ba75-0656-4bc3-a8c4-6350fe9dacbd,clone5.wav,"hai mươi rồi ạ dạ vâng hết rồi chị ạ dạ vâng ạ em đọc lại nhá, tám mươi tám chín nghìn chín trăm chín mươi chín hai mươi, được chưa ạ? dạ rồi ạ dạ vâng chị liên hệ với các bạn ấy giúp em nhá, nếu bây giờ gọi không được thì tầm hai giờ không phút gọi lại cho em tránh tránh các việc các bạn đang nghỉ trưa dạ dạ em cảm ơn anh chào chị",work,1,usable,user2,2026-05-25T05:28:37.788391+00:00,1,/kaggle/working/asr_quality_classifier/data/audio/data2/50013920251108132031_009_29d0ba75-0656-4bc3-a8c4-6350fe9dacbd/clone5.wav,1,0,0.74,False Negative,0.26
user4,50013920251109105357_000_b1fccbd6-0faf-4c9f-82b5-1ff9e6d0dd46/clone1.wav,50013920251109105357_000_b1fccbd6-0faf-4c9f-82b5-1ff9e6d0dd46,clone1.wav,"a-lô dạ vâng, em chào anh em hải bên tổng đài vinfast ạ em thấy là mình có cuộc gọi nhỡ bên tổng đài bên em ấy, em đang gọi cho mình em hỗ trợ gì không ạ? à, tức là cái cái cái dịch vụ bên em có bên cái cái cái dịch vụ trên em là bên xã nhưng mà à cái",work,1,usable,user4,2026-05-25T06:47:04.722940+00:00,1,/kaggle/working/asr_quality_classifier/data/audio/data2/50013920251109105357_000_b1fccbd6-0faf-4c9f-82b5-1ff9e6d0dd46/clone1.wav,1,0,0.74,False Negative,0.26
user3,50000820251101204839_020_7b5ed6e5-225b-461f-860f-438cc758743c/clone3.wav,50000820251101204839_020_7b5ed6e5-225b-461f-860f-438cc758743c,clone3.wav,"à bên phía xưởng thì sẽ có đội à cố vấn kỹ thuật với cả các bạn ấy ấy cố vấn dịch vụ là các bạn ấy sẽ xử lý được cho mình các cái vấn đề này anh ạ nhưng mà cái đấy cái đấy mình không tự xử lý được à? cái này thực ra là tự xử lý được nhưng mà nói chung là anh rẽ qua đấy các bạn ấy làm cho anh cho nhanh anh ạ đằng nào mình cũng là vê ép chín mình qua mình có phải đợi gì đâu à, à",work,1,usable,user3,2026-05-26T02:59:18.523570+00:00,1,/kaggle/working/asr_quality_classifier/data/audio/data2/50000820251101204839_020_7b5ed6e5-225b-461f-860f-438cc758743c/clone3.wav,1,0,0.74,False Negative,0.26
user1,50000820251101204839_020_7b5ed6e5-225b-461f-860f-438cc758743c/clone4.wav,50000820251101204839_020_7b5ed6e5-225b-461f-860f-438cc758743c,clone4.wav,"à bên phía xưởng thì sẽ có đội à cố vấn kỹ thuật với cả các bạn ấy ấy cố vấn dịch vụ là các bạn ấy sẽ xử lý được cho mình các cái vấn đề này anh ạ nhưng mà cái đấy cái đấy mình không tự xử lý được à? cái này thực ra là tự xử lý được nhưng mà nói chung là anh rẽ qua đấy các bạn ấy làm cho anh cho nhanh anh ạ đằng nào mình cũng là vê ép chín mình qua mình có phải đợi gì đâu à, à",work,1,usable,user1,2026-05-26T03:07:55.435369+00:00,1,/kaggle/working/asr_quality_classifier/data/audio/data2/50000820251101204839_020_7b5ed6e5-225b-461f-860f-438cc758743c/clone4.wav,1,0,0.74,False Negative,0.26
user6,50000820251101204839_020_7b5ed6e5-225b-461f-860f-438cc758743c/clone6.wav,50000820251101204839_020_7b5ed6e5-225b-461f-860f-438cc758743c,clone6.wav,"à bên phía xưởng thì sẽ có đội à cố vấn kỹ thuật với cả các bạn ấy ấy cố vấn dịch vụ là các bạn ấy sẽ xử lý được cho mình các cái vấn đề này anh ạ nhưng mà cái đấy cái đấy mình không tự xử lý được à? cái này thực ra là tự xử lý được nhưng mà nói chung là anh rẽ qua đấy các bạn ấy làm cho anh cho nhanh anh ạ đằng nào mình cũng là vê ép chín mình qua mình có phải đợi gì đâu à, à",work,1,usable,user6,2026-05-26T03:16:50.468748+00:00,1,/kaggle/working/asr_quality_classifier/data/audio/data2/50000820251101204839_020_7b5ed6e5-225b-461f-860f-438cc758743c/clone6.wav,1,0,0.74,False Negative,0.26
user7,50013920251101230615_009_67fd312b-fa3c-4f61-9bed-ac6534d8ec22/clone7.wav,50013920251101230615_009_67fd312b-fa3c-4f61-9bed-ac6534d8ec22,clone7.wav,dạ cần dạ vâng thế thì em khai thác một vài thông tin để hỗ trợ chị nhá chị cho em xin tên mình được không ạ?,work,1,usable,user7,2026-05-25T08:46:13.694700+00:00,1,/kaggle/working/asr_quality_classifier/data/audio/data2/50013920251101230615_009_67fd312b-fa3c-4f61-9bed-ac6534d8ec22/clone7.wav,1,0,0.74,False Negative,0.26
user3,50013920251105105504_002_f67116f2-ebf0-47b1-bdd1-771175ad31ac/clone2.wav,50013920251105105504_002_f67116f2-ebf0-47b1-bdd1-771175ad31ac,clone2.wav,vâng vâng em có cái đơn có cái mã đơn hàng ấy này chứ em mới nhờ tổng đài bên gửi về bên,work,1,usable,user3,2026-05-26T03:12:57.929378+00:00,1,/kaggle/working/asr_quality_classifier/data/audio/data2/50013920251105105504_002_f67116f2-ebf0-47b1-bdd1-771175ad31ac/clone2.wav,1,0,0.74,False Negative,0.26
user7,50013920251105105504_002_f67116f2-ebf0-47b1-bdd1-771175ad31ac/clone3.wav,50013920251105105504_002_f67116f2-ebf0-47b1-bdd1-771175ad31ac,clone3.wav,vâng vâng em có cái đơn có cái mã đơn hàng ấy này chứ em mới nhờ tổng đài bên gửi về bên,work,1,usable,user7,2026-05-25T07:06:26.277088+00:00,1,/kaggle/working/asr_quality_classifier/data/audio/data2/50013920251105105504_002_f67116f2-ebf0-47b1-bdd1-771175ad31ac/clone3.wav,1,0,0.74,False Negative,0.26
user5,50013920251105105504_002_f67116f2-ebf0-47b1-bdd1-771175ad31ac/clone5.wav,50013920251105105504_002_f67116f2-ebf0-47b1-bdd1-771175ad31ac,clone5.wav,vâng vâng em có cái đơn có cái mã đơn hàng ấy này chứ em mới nhờ tổng đài bên gửi về bên,work,1,usable,user5,2026-05-26T04:31:45.329610+00:00,1,/kaggle/working/asr_quality_classifier/data/audio/data2/50013920251105105504_002_f67116f2-ebf0-47b1-bdd1-771175ad31ac/clone5.wav,1,0,0.74,False Negative,0.26
user2,50013920251105105504_004_9ad26d69-1613-4476-8bb7-40dbe8192e04/clone7.wav,50013920251105105504_004_9ad26d69-1613-4476-8bb7-40dbe8192e04,clone7.wav,gửi đến cái xô-rum bên bên xô-rum bên em điền lại cho xô-rum xô-rum bên mình là hết xe rồi thế anh xem anh bảo bên xô-rum nào khác không thì chuyển về xô-rum bên đấy vâng vâng bên điện tổng đài bên xem có chuyển đến xô-rum xô-rum hàng về xô-rum khác được không? được ạ anh chọn xô-rum khác đi rồi em chuyển anh làm việc với xô-rum mới đi anh gọi điện đến một xô-rum mà đấy họ có sẵn cái mẫu xe màu xe mà anh muốn nhận xong rồi là họ sẵn sàng giao xe cho cán bộ nhân viên thế anh gọi điện cho tổng đài rồi bọn em sẽ báo cái xô-rum ki-a chuyển xô-rum chuyển đơn hàng của em bên đó vâng vâng vâng anh chỉ chuyển hộ cho anh chuyển hộ cho em cái xô-rum đấy nhá,work,1,usable,user2,2026-05-25T08:20:29.020684+00:00,1,/kaggle/working/asr_quality_classifier/data/audio/data2/50013920251105105504_004_9ad26d69-1613-4476-8bb7-40dbe8192e04/clone7.wav,1,0,0.74,False Negative,0.26
user5,50000420251104163835_000_b27fa1a7-0327-4780-ab09-f8f5c7e94b43/clone1.wav,50000420251104163835_000_b27fa1a7-0327-4780-ab09-f8f5c7e94b43,clone1.wav,"hê-lô hê-lô dạ vâng anh minh ạ, em hoa gọi lại cho mình ở bên chăm sóc khách hàng của vinfast anh ạ ờ vâng em có nhận được i-meo anh gửi cho bên em sáng nay về vấn đề à muốn chuyển cọc sang nhà phân phối khác để mình nhận xe ấy đúng rồi dạ vâng theo thông tin từ hôm mùng ngày một tháng mười một bên em trao đổi với mình về vấn đề hôm qua ấy ạ em trao đổi với anh nội dung là hiện tại phía nhà phân phối đang không đặt được hàng để mà giao xe cho anh ấy nên là anh phối là mình thứ sáu ra để làm thủ tục hoàn cọc lại cho mình à vâng thì không biết là thế bây giờ là mình muốn hoàn lại cọc tiếp hay là mình muốn nhận xe hay như nào ạ?",work,1,usable,user5,2026-05-25T08:48:04.395514+00:00,1,/kaggle/working/asr_quality_classifier/data/audio/data2/50000420251104163835_000_b27fa1a7-0327-4780-ab09-f8f5c7e94b43/clone1.wav,1,0,0.74,False Negative,0.26
user1,50000420251104163835_000_b27fa1a7-0327-4780-ab09-f8f5c7e94b43/clone2.wav,50000420251104163835_000_b27fa1a7-0327-4780-ab09-f8f5c7e94b43,clone2.wav,"hê-lô hê-lô dạ vâng anh minh ạ, em hoa gọi lại cho mình ở bên chăm sóc khách hàng của vinfast anh ạ ờ vâng em có nhận được i-meo anh gửi cho bên em sáng nay về vấn đề à muốn chuyển cọc sang nhà phân phối khác để mình nhận xe ấy đúng rồi dạ vâng theo thông tin từ hôm mùng ngày một tháng mười một bên em trao đổi với mình về vấn đề hôm qua ấy ạ em trao đổi với anh nội dung là hiện tại phía nhà phân phối đang không đặt được hàng để mà giao xe cho anh ấy nên là anh phối là mình thứ sáu ra để làm thủ tục hoàn cọc lại cho mình à vâng thì không biết là thế bây giờ là mình muốn hoàn lại cọc tiếp hay là mình muốn nhận xe hay như nào ạ?",work,1,usable,user1,2026-05-26T02:00:06.998321+00:00,1,/kaggle/working/asr_quality_classifier/data/audio/data2/50000420251104163835_000_b27fa1a7-0327-4780-ab09-f8f5c7e94b43/clone2.wav,1,0,0.74,False Negative,0.26
user7,50000420251104163835_000_b27fa1a7-0327-4780-ab09-f8f5c7e94b43/clone5.wav,50000420251104163835_000_b27fa1a7-0327-4780-ab09-f8f5c7e94b43,clone5.wav,"hê-lô hê-lô dạ vâng anh minh ạ, em hoa gọi lại cho mình ở bên chăm sóc khách hàng của vinfast anh ạ ờ vâng em có nhận được i-meo anh gửi cho bên em sáng nay về vấn đề à muốn chuyển cọc sang nhà phân phối khác để mình nhận xe ấy đúng rồi dạ vâng theo thông tin từ hôm mùng ngày một tháng mười một bên em trao đổi với mình về vấn đề hôm qua ấy ạ em trao đổi với anh nội dung là hiện tại phía nhà phân phối đang không đặt được hàng để mà giao xe cho anh ấy nên là anh phối là mình thứ sáu ra để làm thủ tục hoàn cọc lại cho mình à vâng thì không biết là thế bây giờ là mình muốn hoàn lại cọc tiếp hay là mình muốn nhận xe hay như nào ạ?",work,1,usable,user7,2026-05-25T07:11:16.007260+00:00,1,/kaggle/working/asr_quality_classifier/data/audio/data2/50000420251104163835_000_b27fa1a7-0327-4780-ab09-f8f5c7e94b43/clone5.wav,1,0,0.74,False Negative,0.26
user7,50000420251104163835_000_b27fa1a7-0327-4780-ab09-f8f5c7e94b43/clone7.wav,50000420251104163835_000_b27fa1a7-0327-4780-ab09-f8f5c7e94b43,clone7.wav,"hê-lô hê-lô dạ vâng anh minh ạ, em hoa gọi lại cho mình ở bên chăm sóc khách hàng của vinfast anh ạ ờ vâng em có nhận được i-meo anh gửi cho bên em sáng nay về vấn đề à muốn chuyển cọc sang nhà phân phối khác để mình nhận xe ấy đúng rồi dạ vâng theo thông tin từ hôm mùng ngày một tháng mười một bên em trao đổi với mình về vấn đề hôm qua ấy ạ em trao đổi với anh nội dung là hiện tại phía nhà phân phối đang không đặt được hàng để mà giao xe cho anh ấy nên là anh phối là mình thứ sáu ra để làm thủ tục hoàn cọc lại cho mình à vâng thì không biết là thế bây giờ là mình muốn hoàn lại cọc tiếp hay là mình muốn nhận xe hay như nào ạ?",work,1,usable,user7,2026-05-25T07:11:16.007424+00:00,1,/kaggle/working/asr_quality_classifier/data/audio/data2/50000420251104163835_000_b27fa1a7-0327-4780-ab09-f8f5c7e94b43/clone7.wav,1,0,0.74,False Negative,0.26
user3,50000420251104163835_005_b9c8de1d-2c9e-434f-bf41-8361958b764a/clone2.wav,50000420251104163835_005_b9c8de1d-2c9e-434f-bf41-8361958b764a,clone2.wav,dạ vâng rồi cảm ơn em dạ vâng vâng em cảm ơn anh vâng em chào anh ạ ạ,work,1,usable,user3,2026-05-25T04:51:32.175401+00:00,1,/kaggle/working/asr_quality_classifier/data/audio/data2/50000420251104163835_005_b9c8de1d-2c9e-434f-bf41-8361958b764a/clone2.wav,1,0,0.74,False Negative,0.26
user2,50000420251109123328_005_437cba27-55a2-4259-a962-8566333f6c9d/clone3.wav,50000420251109123328_005_437cba27-55a2-4259-a962-8566333f6c9d,clone3.wav,dạ thế lúc mà mình dạ,work,1,usable,user2,2026-05-25T09:05:02.571861+00:00,1,/kaggle/working/asr_quality_classifier/data/audio/data2/50000420251109123328_005_437cba27-55a2-4259-a962-8566333f6c9d/clone3.wav,1,0,0.74,False Negative,0.26
user5,50000420251109123328_005_437cba27-55a2-4259-a962-8566333f6c9d/clone4.wav,50000420251109123328_005_437cba27-55a2-4259-a962-8566333f6c9d,clone4.wav,dạ thế lúc mà mình dạ,work,1,usable,user5,2026-05-25T08:36:54.249816+00:00,1,/kaggle/working/asr_quality_classifier/data/audio/data2/50000420251109123328_005_437cba27-55a2-4259-a962-8566333f6c9d/clone4.wav,1,0,0.74,False Negative,0.26
user6,50014120251111201137_000_aeb2e77c-604b-4b86-b66d-93c9275d9d50/clone4.wav,50014120251111201137_000_aeb2e77c-604b-4b86-b66d-93c9275d9d50,clone4.wav,"a-lô vâng anh chào anh, em đây của anh từ tổng đài chăm sóc của vinfast em thấy anh gọi nhỡ bên em, không biết anh cần hỗ trợ gì không ạ? à mình mình có cái đặt lịch của ngày mai để để để để mình",work,1,usable,user6,2026-05-25T08:30:07.794643+00:00,1,/kaggle/working/asr_quality_classifier/data/audio/data2/50014120251111201137_000_aeb2e77c-604b-4b86-b66d-93c9275d9d50/clone4.wav,1,0,0.74,False Negative,0.26
user2,50000420251102162231_004_c09eef09-a594-4c3d-a51b-74b7a9fc4dbd/clone5.wav,50000420251102162231_004_c09eef09-a594-4c3d-a51b-74b7a9fc4dbd,clone5.wav,xưởng cái gì? xưởng dịch vụ gì có anh?,work,1,usable,user2,2026-05-25T05:12:54.022931+00:00,1,/kaggle/working/asr_quality_classifier/data/audio/data2/50000420251102162231_004_c09eef09-a594-4c3d-a51b-74b7a9fc4dbd/clone5.wav,1,0,0.74,False Negative,0.26
user3,50000420251102162231_008_a4d98638-42e7-42ae-8f3b-064b4be60199/clone5.wav,50000420251102162231_008_a4d98638-42e7-42ae-8f3b-064b4be60199,clone5.wav,tên xưởng anh chỉ thấy để vinfast thôi nhưng anh cũng không rõ,work,1,usable,user3,2026-05-25T07:53:07.917891+00:00,1,/kaggle/working/asr_quality_classifier/data/audio/data2/50000420251102162231_008_a4d98638-42e7-42ae-8f3b-064b4be60199/clone5.wav,1,0,0.74,False Negative,0.26
user4,50000420251102162231_008_a4d98638-42e7-42ae-8f3b-064b4be60199/clone8.wav,50000420251102162231_008_a4d98638-42e7-42ae-8f3b-064b4be60199,clone8.wav,tên xưởng anh chỉ thấy để vinfast thôi nhưng anh cũng không rõ,work,1,usable,user4,2026-05-25T06:46:35.162651+00:00,1,/kaggle/working/asr_quality_classifier/data/audio/data2/50000420251102162231_008_a4d98638-42e7-42ae-8f3b-064b4be60199/clone8.wav,1,0,0.74,False Negative,0.26
user6,50000420251102162231_015_506bcf1d-7ba4-4ff0-b460-d214a70f7285/clone7.wav,50000420251102162231_015_506bcf1d-7ba4-4ff0-b460-d214a70f7285,clone7.wav,dạ vâng ạ mình dừng máy giúp em một chút dạ,work,1,usable,user6,2026-05-25T10:05:41.218454+00:00,1,/kaggle/working/asr_quality_classifier/data/audio/data2/50000420251102162231_015_506bcf1d-7ba4-4ff0-b460-d214a70f7285/clone7.wav,1,0,0.74,False Negative,0.26
user6,50000420251103125202_000_fb392ebf-5488-40cd-bcdb-c9b02224212f/clone5.wav,50000420251103125202_000_fb392ebf-5488-40cd-bcdb-c9b02224212f,clone5.wav,"dạ, em chào anh linh ạ em là hoa linh hiện lại cho mình ở bên chăm sóc khách hàng của vinfast anh ạ",work,1,usable,user6,2026-05-25T09:33:58.870499+00:00,1,/kaggle/working/asr_quality_classifier/data/audio/data2/50000420251103125202_000_fb392ebf-5488-40cd-bcdb-c9b02224212f/clone5.wav,1,0,0.74,False Negative,0.26
user3,50000420251103152102_001_d6513a33-9927-4a72-a3ca-0c19339e4e18/clone7.wav,50000420251103152102_001_d6513a33-9927-4a72-a3ca-0c19339e4e18,clone7.wav,vâng nhưng mà ý mà em muốn hỏi xem là thông số kỹ thuật giả dụ như là mình có thông số ấy thì là không biết là kiểm tra xem là giờ mà bó ra thì cái thông số thì là lắp được cái cái cái giữa của bàn bệ ghế thì không biết là có có lắp vừa được hay không ấy dạ còn về phần thông tin cụ thể kỹ tức là mình đang cần chi tiết hơn như vậy ý ạ thì mình hỗ trợ giúp em là cho xe qua xưởng dịch vụ để các bạn kiểm tra và tư vấn cụ thể cho mình anh nhá còn về phía kỹ thuật của vinfast dạ vâng thì các bạn ấy đang bảo là khuyến cáo khách hàng không nên lắp ghế như thế nên là cũng không tư vấn cụ thể được cho mình anh ạ,work,1,usable,user3,2026-05-26T02:59:35.954453+00:00,1,/kaggle/working/asr_quality_classifier/data/audio/data2/50000420251103152102_001_d6513a33-9927-4a72-a3ca-0c19339e4e18/clone7.wav,1,0,0.74,False Negative,0.26
user1,50000420251104152324_000_e668dffa-837a-4499-9fc8-00031f6e1c6f/clone1.wav,50000420251104152324_000_e668dffa-837a-4499-9fc8-00031f6e1c6f,clone1.wav,"a-lô, ạ em chào em chào anh ạ em là hoa liên hệ lại cho mình ở bên chăm sóc khách hàng của vinfast",work,1,usable,user1,2026-05-25T08:51:50.398935+00:00,1,/kaggle/working/asr_quality_classifier/data/audio/data2/50000420251104152324_000_e668dffa-837a-4499-9fc8-00031f6e1c6f/clone1.wav,1,0,0.74,False Negative,0.26
user7,50000420251104152324_000_e668dffa-837a-4499-9fc8-00031f6e1c6f/clone8.wav,50000420251104152324_000_e668dffa-837a-4499-9fc8-00031f6e1c6f,clone8.wav,"a-lô, ạ em chào em chào anh ạ em là hoa liên hệ lại cho mình ở bên chăm sóc khách hàng của vinfast",work,1,usable,user7,2026-05-26T03:24:23.817452+00:00,1,/kaggle/working/asr_quality_classifier/data/audio/data2/50000420251104152324_000_e668dffa-837a-4499-9fc8-00031f6e1c6f/clone8.wav,1,0,0.74,False Negative,0.26
user3,50000420251113194100_000_c35fd659-bba7-419f-b7f0-16fe22a323f4/clone3.wav,50000420251113194100_000_c35fd659-bba7-419f-b7f0-16fe22a323f4,clone3.wav,a-lô em chào anh lộc ạ em hoa liên hệ lại cho mình ở bên chăm sóc khách hàng vinfast anh ạ,work,1,usable,user3,2026-05-26T03:01:27.238689+00:00,1,/kaggle/working/asr_quality_classifier/data/audio/data2/50000420251113194100_000_c35fd659-bba7-419f-b7f0-16fe22a323f4/clone3.wav,1,0,0.74,False Negative,0.26
user5,50000420251113194100_000_c35fd659-bba7-419f-b7f0-16fe22a323f4/clone7.wav,50000420251113194100_000_c35fd659-bba7-419f-b7f0-16fe22a323f4,clone7.wav,a-lô em chào anh lộc ạ em hoa liên hệ lại cho mình ở bên chăm sóc khách hàng vinfast anh ạ,work,1,usable,user5,2026-05-25T07:39:22.624378+00:00,1,/kaggle/working/asr_quality_classifier/data/audio/data2/50000420251113194100_000_c35fd659-bba7-419f-b7f0-16fe22a323f4/clone7.wav,1,0,0.74,False Negative,0.26
user4,50000420251102141639_000_ee165aea-b295-453b-9060-689dd51f6abe/clone8.wav,50000420251102141639_000_ee165aea-b295-453b-9060-689dd51f6abe,clone8.wav,a-lô dạ em chào anh đồng ạ em hoa liên hệ cho mình là bên chăm sóc khách hàng vinfast ạ anh có i-meo mình gửi cho bên em ngày hôm nay về vấn đề là bao giờ nhận được xe anh ạ thì nhận được em kiểm tra trên hệ thống thì cái đơn hàng này của anh ấy đang ở nhà phân phối ở việt hùng yên lạc mình giúp em là liên hệ với cả trực tiếp đến nhà phân phối để các bạn hỗ trợ bàn giao xe cho mình nhanh nhất ừ ừ dạ vâng anh có số điện thoại liên hệ của bên việt hùng yên lạc cho anh? ừ anh có à dạ vâng vâng ạ vậy cái này thì mình gặp trực tiếp bên nhà phân phối giúp em là các bạn hỗ trợ anh ạ ừ ừ dạ vâng em cảm ơn mình cần hỗ trợ thông tin thì anh cứ liên hệ lại bên em hỗ trợ cho mình nhá rồi rồi anh cảm ơn vâng em cảm ơn anh em chào anh ạ,work,1,usable,user4,2026-05-25T05:22:02.952538+00:00,1,/kaggle/working/asr_quality_classifier/data/audio/data2/50000420251102141639_000_ee165aea-b295-453b-9060-689dd51f6abe/clone8.wav,1,0,0.74,False Negative,0.26
user6,50000420251102141833_000_d9bee377-a043-4e50-9ac9-1b2e86b8001f/clone5.wav,50000420251102141833_000_d9bee377-a043-4e50-9ac9-1b2e86b8001f,clone5.wav,"dạ a-lô a-lô vâng anh đòi ạ em gọi lại cho mình là bên chăm sóc khách hàng của vinfast anh ạ bên em nhận được ảnh thông tin anh gửi cho bên em về vấn đề là không có thông báo khi mà mình sạc xe nữa anh đúng rồi dạ vâng, em nhận được rồi anh nhá thì để em sẽ gửi lại thông tin này cho cho bên phía bộ phận i tê để các bạn hỗ trợ kiểm tra cho mình anh ạ",work,1,usable,user6,2026-05-25T09:47:04.508684+00:00,1,/kaggle/working/asr_quality_classifier/data/audio/data2/50000420251102141833_000_d9bee377-a043-4e50-9ac9-1b2e86b8001f/clone5.wav,1,0,0.74,False Negative,0.26
user3,50000420251102141833_000_d9bee377-a043-4e50-9ac9-1b2e86b8001f/clone6.wav,50000420251102141833_000_d9bee377-a043-4e50-9ac9-1b2e86b8001f,clone6.wav,"dạ a-lô a-lô vâng anh đòi ạ em gọi lại cho mình là bên chăm sóc khách hàng của vinfast anh ạ bên em nhận được ảnh thông tin anh gửi cho bên em về vấn đề là không có thông báo khi mà mình sạc xe nữa anh đúng rồi dạ vâng, em nhận được rồi anh nhá thì để em sẽ gửi lại thông tin này cho cho bên phía bộ phận i tê để các bạn hỗ trợ kiểm tra cho mình anh ạ",work,1,usable,user3,2026-05-25T07:14:28.433705+00:00,1,/kaggle/working/asr_quality_classifier/data/audio/data2/50000420251102141833_000_d9bee377-a043-4e50-9ac9-1b2e86b8001f/clone6.wav,1,0,0.74,False Negative,0.26
user4,50000420251102141833_001_aff1bd40-15e5-4365-b318-149b15e165c9/clone1.wav,50000420251102141833_001_aff1bd40-15e5-4365-b318-149b15e165c9,clone1.wav,"dạ vâng, có thông tin phản hồi thì em báo lại mình ạ vâng, em cảm ơn dạ vâng, vâng em cảm ơn anh em chào anh ạ ừm",work,1,usable,user4,2026-05-25T08:38:11.102818+00:00,1,/kaggle/working/asr_quality_classifier/data/audio/data2/50000420251102141833_001_aff1bd40-15e5-4365-b318-149b15e165c9/clone1.wav,1,0,0.74,False Negative,0.26
user7,50000420251102141833_001_aff1bd40-15e5-4365-b318-149b15e165c9/clone6.wav,50000420251102141833_001_aff1bd40-15e5-4365-b318-149b15e165c9,clone6.wav,"dạ vâng, có thông tin phản hồi thì em báo lại mình ạ vâng, em cảm ơn dạ vâng, vâng em cảm ơn anh em chào anh ạ ừm",work,1,usable,user7,2026-05-25T04:46:36.034699+00:00,1,/kaggle/working/asr_quality_classifier/data/audio/data2/50000420251102141833_001_aff1bd40-15e5-4365-b318-149b15e165c9/clone6.wav,1,0,0.74,False Negative,0.26
user3,50000420251102152347_001_679d89bf-e751-4678-b601-a815e456e269/clone3.wav,50000420251102152347_001_679d89bf-e751-4678-b601-a815e456e269,clone3.wav,"ừm em có nhận được i-meo anh gửi cho bên em ngày hôm nay về vấn đề là kích hoạt bảo hành hiện tại là xe này của mình là mình mua ở nhà phân phối đúng không anh? ừ mua ở phân phối ở lon xuyên á, phường mỹ thái ở an giang á dạ vâng nghĩa là bây giờ là mình đang muốn kích hoạt bảo hành điện tử ạ hay là như nào ạ?",work,1,usable,user3,2026-05-25T05:01:22.779618+00:00,1,/kaggle/working/asr_quality_classifier/data/audio/data2/50000420251102152347_001_679d89bf-e751-4678-b601-a815e456e269/clone3.wav,1,0,0.74,False Negative,0.26
user5,50000420251112203143_003_e595fdeb-93bf-496b-a924-97fc3e783f0c/clone1.wav,50000420251112203143_003_e595fdeb-93bf-496b-a924-97fc3e783f0c,clone1.wav,dạ cái này thì mình hỗ trợ giúp em là hoặc là mình có thể đẩy xe thì các bạn hỗ trợ kiểm tra cho mình anh ạ bây giờ thì không có dịch vụ sửa chữa tại nhà nữa rồi ạ,work,1,usable,user5,2026-05-26T04:45:25.848195+00:00,1,/kaggle/working/asr_quality_classifier/data/audio/data2/50000420251112203143_003_e595fdeb-93bf-496b-a924-97fc3e783f0c/clone1.wav,1,0,0.74,False Negative,0.26
user6,50000420251113180133_001_c09f934f-1f54-4a6b-a337-b45ea61f5907/clone7.wav,50000420251113180133_001_c09f934f-1f54-4a6b-a337-b45ea61f5907,clone7.wav,"rồi anh biết em em hiện tại em đang kiểm tra theo cái danh sách vin xe phiên bản cũ ấy, phiên bản bảy ghế cũ ấy anh ạ, thì đang không có danh sách xe của mình được triệu hồi về để thay thế cái bệ tỳ tay của hàng ghế thứ hai anh ạ cái bản tin kỹ thuật mà kiểm tra à mà cập nhật về cái vấn đề thay bệ tỳ tay này ấy anh, thì là sẽ áp dụng cho những cái xe có thiết kế cũ, nghĩa là những cái xe",work,1,usable,user6,2026-05-25T09:06:52.857571+00:00,1,/kaggle/working/asr_quality_classifier/data/audio/data2/50000420251113180133_001_c09f934f-1f54-4a6b-a337-b45ea61f5907/clone7.wav,1,0,0.74,False Negative,0.26
user6,50000420251113180133_004_9a9c7c81-5440-4e9f-b169-6bf4354c768c/clone5.wav,50000420251113180133_004_9a9c7c81-5440-4e9f-b169-6bf4354c768c,clone5.wav,ừm vũng tàu ạ chị giữ máy giúp em một chút luôn nhá để em xác nhận dịch vụ à,work,1,usable,user6,2026-05-26T03:27:08.435879+00:00,1,/kaggle/working/asr_quality_classifier/data/audio/data2/50000420251113180133_004_9a9c7c81-5440-4e9f-b169-6bf4354c768c/clone5.wav,1,0,0.74,False Negative,0.26
user1,50000420251113180133_004_9a9c7c81-5440-4e9f-b169-6bf4354c768c/clone6.wav,50000420251113180133_004_9a9c7c81-5440-4e9f-b169-6bf4354c768c,clone6.wav,ừm vũng tàu ạ chị giữ máy giúp em một chút luôn nhá để em xác nhận dịch vụ à,work,1,usable,user1,2026-05-26T01:54:44.577948+00:00,1,/kaggle/working/asr_quality_classifier/data/audio/data2/50000420251113180133_004_9a9c7c81-5440-4e9f-b169-6bf4354c768c/clone6.wav,1,0,0.74,False Negative,0.26
user7,50000420251113180133_004_9a9c7c81-5440-4e9f-b169-6bf4354c768c/clone8.wav,50000420251113180133_004_9a9c7c81-5440-4e9f-b169-6bf4354c768c,clone8.wav,ừm vũng tàu ạ chị giữ máy giúp em một chút luôn nhá để em xác nhận dịch vụ à,work,1,usable,user7,2026-05-25T07:09:03.106194+00:00,1,/kaggle/working/asr_quality_classifier/data/audio/data2/50000420251113180133_004_9a9c7c81-5440-4e9f-b169-6bf4354c768c/clone8.wav,1,0,0.74,False Negative,0.26
user3,50000420251113190903_008_43529b05-c519-4fcf-8be6-111c182b6620/clone2.wav,50000420251113190903_008_43529b05-c519-4fcf-8be6-111c182b6620,clone2.wav,"à nếu mà bây giờ mình đang muốn lấy xe gấp luôn ý anh ạ, không không muốn đợi nữa ý thì mình có thể cân nhắc chuyển đổi sang những cái dòng xe khác đang có sẵn tại nhà phân phối luôn ý anh ạ như vậy thì nó sẽ nhanh hơn ý hay là bây giờ mình vẫn đang muốn lấy đúng cái dòng xe mà mình đặt cọc ạ?",work,1,usable,user3,2026-05-25T07:16:41.514188+00:00,1,/kaggle/working/asr_quality_classifier/data/audio/data2/50000420251113190903_008_43529b05-c519-4fcf-8be6-111c182b6620/clone2.wav,1,0,0.74,False Negative,0.26
user1,50000420251113190903_008_43529b05-c519-4fcf-8be6-111c182b6620/clone6.wav,50000420251113190903_008_43529b05-c519-4fcf-8be6-111c182b6620,clone6.wav,"à nếu mà bây giờ mình đang muốn lấy xe gấp luôn ý anh ạ, không không muốn đợi nữa ý thì mình có thể cân nhắc chuyển đổi sang những cái dòng xe khác đang có sẵn tại nhà phân phối luôn ý anh ạ như vậy thì nó sẽ nhanh hơn ý hay là bây giờ mình vẫn đang muốn lấy đúng cái dòng xe mà mình đặt cọc ạ?",work,1,usable,user1,2026-05-26T04:13:19.786470+00:00,1,/kaggle/working/asr_quality_classifier/data/audio/data2/50000420251113190903_008_43529b05-c519-4fcf-8be6-111c182b6620/clone6.wav,1,0,0.74,False Negative,0.26
user5,50000420251113194100_000_c35fd659-bba7-419f-b7f0-16fe22a323f4/clone2.wav,50000420251113194100_000_c35fd659-bba7-419f-b7f0-16fe22a323f4,clone2.wav,a-lô em chào anh lộc ạ em hoa liên hệ lại cho mình ở bên chăm sóc khách hàng vinfast anh ạ,work,1,usable,user5,2026-05-25T04:59:49.752477+00:00,1,/kaggle/working/asr_quality_classifier/data/audio/data2/50000420251113194100_000_c35fd659-bba7-419f-b7f0-16fe22a323f4/clone2.wav,1,0,0.74,False Negative,0.26
user2,50008420251107153918_005_f6e3bd11-76f0-444c-a6f1-90279c90cd3e/clone5.wav,50008420251107153918_005_f6e3bd11-76f0-444c-a6f1-90279c90cd3e,clone5.wav,"sau khi mà em đặt cọc xong rồi thì cái bên trường hiền đó bên của anh bên của anh bên em kiểm tra số điện thoại này là đơn đang ở bên chỗ đại lý này, anh liên hệ với bên chỗ đại lý để họ hỗ trợ bàn giao xe cho mình ờ chị có thể",work,1,usable,user2,2026-05-25T09:05:41.100346+00:00,1,/kaggle/working/asr_quality_classifier/data/audio/data2/50008420251107153918_005_f6e3bd11-76f0-444c-a6f1-90279c90cd3e/clone5.wav,1,0,0.74,False Negative,0.26
user6,50008420251107153918_008_58bbe96d-5d53-4d28-8d77-1b4e1d4d51f5/clone2.wav,50008420251107153918_008_58bbe96d-5d53-4d28-8d77-1b4e1d4d51f5,clone2.wav,nếu mà giới thiệu thì anh có thể liên hệ với bên chỗ,work,1,usable,user6,2026-05-25T07:46:54.768102+00:00,1,/kaggle/working/asr_quality_classifier/data/audio/data2/50008420251107153918_008_58bbe96d-5d53-4d28-8d77-1b4e1d4d51f5/clone2.wav,1,0,0.74,False Negative,0.26
user2,50008420251107153918_008_58bbe96d-5d53-4d28-8d77-1b4e1d4d51f5/clone6.wav,50008420251107153918_008_58bbe96d-5d53-4d28-8d77-1b4e1d4d51f5,clone6.wav,nếu mà giới thiệu thì anh có thể liên hệ với bên chỗ,work,1,usable,user2,2026-05-25T08:40:25.607430+00:00,1,/kaggle/working/asr_quality_classifier/data/audio/data2/50008420251107153918_008_58bbe96d-5d53-4d28-8d77-1b4e1d4d51f5/clone6.wav,1,0,0.74,False Negative,0.26
user4,50008420251110122414_002_96437954-6be4-4b05-9fdf-1eae6fceea3c/clone2.wav,50008420251110122414_002_96437954-6be4-4b05-9fdf-1eae6fceea3c,clone2.wav,cái này thì hiện tại anh chờ thông tin lên chỗ bê mười bảy giúp em ạ,work,1,usable,user4,2026-05-25T07:46:15.411342+00:00,1,/kaggle/working/asr_quality_classifier/data/audio/data2/50008420251110122414_002_96437954-6be4-4b05-9fdf-1eae6fceea3c/clone2.wav,1,0,0.74,False Negative,0.26
user4,50008420251110122414_002_96437954-6be4-4b05-9fdf-1eae6fceea3c/clone7.wav,50008420251110122414_002_96437954-6be4-4b05-9fdf-1eae6fceea3c,clone7.wav,cái này thì hiện tại anh chờ thông tin lên chỗ bê mười bảy giúp em ạ,work,1,usable,user4,2026-05-25T07:46:15.411490+00:00,1,/kaggle/working/asr_quality_classifier/data/audio/data2/50008420251110122414_002_96437954-6be4-4b05-9fdf-1eae6fceea3c/clone7.wav,1,0,0.74,False Negative,0.26
user3,50008420251110122414_003_fff271d0-2ae0-4c93-9b17-1a44c17ae253/clone2.wav,50008420251110122414_003_fff271d0-2ae0-4c93-9b17-1a44c17ae253,clone2.wav,"vâng, vâng vâng, họ sẽ chuyển đơn về bên chỗ nhà phân phối dần vâng, bởi vì giờ xe không cho vào công trường nữa bây giờ bọn em cứ phải đi bộ ấy giờ không có xe chả biết thế nào vâng mà do bên vin cũng xử lý quá lâu ấy anh chờ thêm thông tin giúp em còn cần hỗ trợ gì thêm sau thì lúc đó mình liên hệ lên tổng đài hiện tại thì họ vẫn đang chuyển dần về các nhà phân phối ạ vâng, vâng, vâng, vâng, dạ cảm ơn nhá em cảm ơn chào anh tuấn anh nhá vâng",work,1,usable,user3,2026-05-26T03:53:14.505384+00:00,1,/kaggle/working/asr_quality_classifier/data/audio/data2/50008420251110122414_003_fff271d0-2ae0-4c93-9b17-1a44c17ae253/clone2.wav,1,0,0.74,False Negative,0.26
user4,50008420251110122414_003_fff271d0-2ae0-4c93-9b17-1a44c17ae253/clone8.wav,50008420251110122414_003_fff271d0-2ae0-4c93-9b17-1a44c17ae253,clone8.wav,"vâng, vâng vâng, họ sẽ chuyển đơn về bên chỗ nhà phân phối dần vâng, bởi vì giờ xe không cho vào công trường nữa bây giờ bọn em cứ phải đi bộ ấy giờ không có xe chả biết thế nào vâng mà do bên vin cũng xử lý quá lâu ấy anh chờ thêm thông tin giúp em còn cần hỗ trợ gì thêm sau thì lúc đó mình liên hệ lên tổng đài hiện tại thì họ vẫn đang chuyển dần về các nhà phân phối ạ vâng, vâng, vâng, vâng, dạ cảm ơn nhá em cảm ơn chào anh tuấn anh nhá vâng",work,1,usable,user4,2026-05-25T06:56:32.203637+00:00,1,/kaggle/working/asr_quality_classifier/data/audio/data2/50008420251110122414_003_fff271d0-2ae0-4c93-9b17-1a44c17ae253/clone8.wav,1,0,0.74,False Negative,0.26
user2,50008420251110180547_000_e593d906-6a5d-451e-af9b-ef1780c99844/clone1.wav,50008420251110180547_000_e593d906-6a5d-451e-af9b-ef1780c99844,clone1.wav,alô vâng chào anh ạ em gọi cho anh từ bên chăm sóc khách hàng của vinfast dạ em có gọi lên tổng đài không biết là anh cần hỗ trợ gì vấn đề gì ạ?,work,1,usable,user2,2026-05-25T05:18:00.902330+00:00,1,/kaggle/working/asr_quality_classifier/data/audio/data2/50008420251110180547_000_e593d906-6a5d-451e-af9b-ef1780c99844/clone1.wav,1,0,0.74,False Negative,0.26
user1,50008420251106163536_001_70bc71a0-bbdb-4c4d-b777-8fb77b07ee84/clone1.wav,50008420251106163536_001_70bc71a0-bbdb-4c4d-b777-8fb77b07ee84,clone1.wav,chị thanh toán trực tiếp về cái tài khoản công ty vinfast thì nó không qua onpay nữa hả? chị chuyển tài khoản qua số tài khoản của vinfast luôn á hả? một chín một ba năm một chín hai tám ba tám không năm bảy của công ty trách nhiệm hữu hạn dịch vụ và thương mại dịch vụ tại sao chị gửi cái ảnh chị gửi cái ảnh chị lại ghi là thanh toán về tại onpay?,work,1,usable,user1,2026-05-25T09:49:16.626689+00:00,1,/kaggle/working/asr_quality_classifier/data/audio/data2/50008420251106163536_001_70bc71a0-bbdb-4c4d-b777-8fb77b07ee84/clone1.wav,1,0,0.74,False Negative,0.26
user5,50008420251106163536_001_70bc71a0-bbdb-4c4d-b777-8fb77b07ee84/clone8.wav,50008420251106163536_001_70bc71a0-bbdb-4c4d-b777-8fb77b07ee84,clone8.wav,chị thanh toán trực tiếp về cái tài khoản công ty vinfast thì nó không qua onpay nữa hả? chị chuyển tài khoản qua số tài khoản của vinfast luôn á hả? một chín một ba năm một chín hai tám ba tám không năm bảy của công ty trách nhiệm hữu hạn dịch vụ và thương mại dịch vụ tại sao chị gửi cái ảnh chị gửi cái ảnh chị lại ghi là thanh toán về tại onpay?,work,1,usable,user5,2026-05-26T04:52:55.609369+00:00,1,/kaggle/working/asr_quality_classifier/data/audio/data2/50008420251106163536_001_70bc71a0-bbdb-4c4d-b777-8fb77b07ee84/clone8.wav,1,0,0.74,False Negative,0.26
user2,50008420251107094742_000_cc8632eb-96fe-42dc-b885-4263722bf7f6/clone1.wav,50008420251107094742_000_cc8632eb-96fe-42dc-b885-4263722bf7f6,clone1.wav,a-lô vâng chào anh em gọi cho anh bên vinfast của vinfast nhá thì anh có cần đến không anh? đúng rồi anh bên này em gọi bên vinfast thì anh hỏi anh ở quận bảy thành phố hồ chí minh á thì anh không biết anh đi bảo dưỡng xe ở đâu được ta? quận bảy ở bên chỗ tân thuận quận bảy nhá,work,1,usable,user2,2026-05-26T01:52:40.188031+00:00,1,/kaggle/working/asr_quality_classifier/data/audio/data2/50008420251107094742_000_cc8632eb-96fe-42dc-b885-4263722bf7f6/clone1.wav,1,0,0.74,False Negative,0.26
user4,50008420251107094742_004_f468a017-5482-43b9-8bf5-523ec9e11a4f/clone2.wav,50008420251107094742_004_f468a017-5482-43b9-8bf5-523ec9e11a4f,clone2.wav,tám trăm hai mươi lăm sáu trăm bốn mươi chín,work,1,usable,user4,2026-05-25T05:27:43.812625+00:00,1,/kaggle/working/asr_quality_classifier/data/audio/data2/50008420251107094742_004_f468a017-5482-43b9-8bf5-523ec9e11a4f/clone2.wav,1,0,0.74,False Negative,0.26
user4,50008420251107124050_003_64364491-7cf6-4c82-a5d8-2eca394102e2/clone6.wav,50008420251107124050_003_64364491-7cf6-4c82-a5d8-2eca394102e2,clone6.wav,vâng bảo dưỡng bao lâu là mình đi bảo dưỡng? căn cứ theo thời gian hay là km? bảo dưỡng thì mốc đầu tiên sẽ là một tháng hoặc là à xin lỗi mốc đầu tiên ấy sẽ là tầm một nghìn ki-lô-mét là mốc bảo dưỡng đầu tiên còn thời gian cụ thể thì em sẽ kiểm tra cho anh luôn,work,1,usable,user4,2026-05-25T07:42:39.250863+00:00,1,/kaggle/working/asr_quality_classifier/data/audio/data2/50008420251107124050_003_64364491-7cf6-4c82-a5d8-2eca394102e2/clone6.wav,1,0,0.74,False Negative,0.26
user5,50008420251107153918_000_fdce6d41-7538-4c5f-be61-ba8ca004d060/clone4.wav,50008420251107153918_000_fdce6d41-7538-4c5f-be61-ba8ca004d060,clone4.wav,"a-lô vâng chào anh em gọi cho anh từ bên chăm sóc khách hàng của vinfast đây ạ thì anh có gọi lên ấy, không biết là cần hỗ trợ gì vấn đề gì nhỉ?",work,1,usable,user5,2026-05-26T03:46:33.005380+00:00,1,/kaggle/working/asr_quality_classifier/data/audio/data2/50008420251107153918_000_fdce6d41-7538-4c5f-be61-ba8ca004d060/clone4.wav,1,0,0.74,False Negative,0.26
user1,50008420251107153918_003_0a95fdf8-a0b6-47d5-a079-2d86b91ac57f/clone4.wav,50008420251107153918_003_0a95fdf8-a0b6-47d5-a079-2d86b91ac57f,clone4.wav,vinfast trường hiền ở vin gò vấp không chị hả chị? anh anh cái tức là bây giờ anh cần hỗ trợ gì thì anh nói thẳng luôn đi để bên em nắm thông tin luôn,work,1,usable,user1,2026-05-26T03:07:26.756364+00:00,1,/kaggle/working/asr_quality_classifier/data/audio/data2/50008420251107153918_003_0a95fdf8-a0b6-47d5-a079-2d86b91ac57f/clone4.wav,1,0,0.74,False Negative,0.26
user7,50008420251107153918_005_f6e3bd11-76f0-444c-a6f1-90279c90cd3e/clone1.wav,50008420251107153918_005_f6e3bd11-76f0-444c-a6f1-90279c90cd3e,clone1.wav,"sau khi mà em đặt cọc xong rồi thì cái bên trường hiền đó bên của anh bên của anh bên em kiểm tra số điện thoại này là đơn đang ở bên chỗ đại lý này, anh liên hệ với bên chỗ đại lý để họ hỗ trợ bàn giao xe cho mình ờ chị có thể",work,1,usable,user7,2026-05-26T03:27:30.682034+00:00,1,/kaggle/working/asr_quality_classifier/data/audio/data2/50008420251107153918_005_f6e3bd11-76f0-444c-a6f1-90279c90cd3e/clone1.wav,1,0,0.74,False Negative,0.26
user7,50014720251107084436_000_afb3cd5f-f0ff-4282-918b-8b3df85aa120/clone6.wav,50014720251107084436_000_afb3cd5f-f0ff-4282-918b-8b3df85aa120,clone6.wav,"alô vâng, em chào anh giáp ạ em gọi cho anh từ phòng kỹ thuật của vinfast ạ",work,1,usable,user7,2026-05-25T08:32:45.879986+00:00,1,/kaggle/working/asr_quality_classifier/data/audio/data2/50014720251107084436_000_afb3cd5f-f0ff-4282-918b-8b3df85aa120/clone6.wav,1,0,0.74,False Negative,0.26
user6,50014720251107084436_005_26d80a96-3caf-4fa2-ac99-e7b7db869d3a/clone8.wav,50014720251107084436_005_26d80a96-3caf-4fa2-ac99-e7b7db869d3a,clone8.wav,"kéo kéo cửa kính xuống để sóng nó nó bắt cho tốt à rồi, ok, ok vâng, vâng thế thì anh thực hiện giúp em nhá cái đèn thì nó là do cái cập nhật phần mềm thôi anh ạ ừ dạ vâng, em cảm ơn anh",work,1,usable,user6,2026-05-25T08:32:37.666199+00:00,1,/kaggle/working/asr_quality_classifier/data/audio/data2/50014720251107084436_005_26d80a96-3caf-4fa2-ac99-e7b7db869d3a/clone8.wav,1,0,0.74,False Negative,0.26
user4,50014720251107092630_001_97210976-2ecc-438e-889a-52fa81503ffb/clone8.wav,50014720251107092630_001_97210976-2ecc-438e-889a-52fa81503ffb,clone8.wav,trên áp nó cảnh báo chưa đóng cửa kính ấy khi mà chìa khóa không ở trong xe ấy dạ vâng thì em thứ nhất là em cũng rất là cảm ơn anh vì đã chia sẻ và góp ý ấy thì thứ hai thì em cũng xin chia sẻ với anh là cái tính năng này thì bên em bên kỹ bên áp bên kỹ thuật ấy họ bên phát triển áp họ đang họ đang thử nghiệm rồi anh ạ dạ vâng ạ thì tức là họ cũng đang thử nghiệm rồi thì đang ở trong cái tình trạng là pai-lốt thì nếu mà họ thử nghiệm các cái điều kiện nó thành công ấy thì sẽ đưa vào áp dụng ở trong cái những cái những cái bản tiếp theo anh nhá dạ vâng ạ cái này em nghĩ là cũng sẽ sớm thôi vì họ cũng báo với bên em là đang ở những cái giai đoạn cuối cùng rồi dạ vâng ạ vâng thì tức là sắp tới thì cũng sẽ đưa trên cái áp để áp có thể để cảnh báo được là nếu mà xe chưa đóng cửa kính và chìa khóa không ở trong xe thì sẽ có báo lên áp để người dùng có thể biết được,work,1,usable,user4,2026-05-25T07:45:57.861571+00:00,1,/kaggle/working/asr_quality_classifier/data/audio/data2/50014720251107092630_001_97210976-2ecc-438e-889a-52fa81503ffb/clone8.wav,1,0,0.74,False Negative,0.26
user5,50015220251114123152_005_b280da57-9d02-4e45-96fc-685a0281426a/clone7.wav,50015220251114123152_005_b280da57-9d02-4e45-96fc-685a0281426a,clone7.wav,vẫn tức là ở trên xe nó cũng vẫn đang báo là cập nhật cái bản báo là cập nhật cái bản cũ đấy à mà thậm chí nó còn báo là còn,work,1,usable,user5,2026-05-25T07:26:02.865826+00:00,1,/kaggle/working/asr_quality_classifier/data/audio/data2/50015220251114123152_005_b280da57-9d02-4e45-96fc-685a0281426a/clone7.wav,1,0,0.74,False Negative,0.26
user6,50015220251114123152_005_b280da57-9d02-4e45-96fc-685a0281426a/clone8.wav,50015220251114123152_005_b280da57-9d02-4e45-96fc-685a0281426a,clone8.wav,vẫn tức là ở trên xe nó cũng vẫn đang báo là cập nhật cái bản báo là cập nhật cái bản cũ đấy à mà thậm chí nó còn báo là còn,work,1,usable,user6,2026-05-25T09:57:21.665167+00:00,1,/kaggle/working/asr_quality_classifier/data/audio/data2/50015220251114123152_005_b280da57-9d02-4e45-96fc-685a0281426a/clone8.wav,1,0,0.74,False Negative,0.26
user4,50015220251114123152_007_e95e4641-9336-4a92-9bda-391abe60566a/clone5.wav,50015220251114123152_007_e95e4641-9336-4a92-9bda-391abe60566a,clone5.wav,"cái bản đấy nó vẫn ghi là 7amộtmười lămmột à anh? đúng rồi, đúng rồi, đúng rồi à, dạ vâng vâng, vậy thì cái trường hợp này thì em sẽ phải kiểm tra lại trên hệ thống xem là xe của mình đã được cập nhật bản mười lămmột này thành công chưa hay là sao nó lại hiển thị lỗi như này bởi vì em kiểm tra ở trên cái hệ thống thấy mình đang có cũng đang ở cái bản mười lămmột này rồi ừ, đúng rồi mà màn hình mình lại báo cái bản cập nhật này thì để em kiểm tra lại xem sao ok, ok dạ vâng, vâng, em cảm ơn anh sau có gì em sẽ thông tin lại cho mình ok, ok dạ",work,1,usable,user4,2026-05-25T07:32:42.033890+00:00,1,/kaggle/working/asr_quality_classifier/data/audio/data2/50015220251114123152_007_e95e4641-9336-4a92-9bda-391abe60566a/clone5.wav,1,0,0.74,False Negative,0.26
user5,50015320251104192631_005_90f36dc9-49a8-4922-8828-6561ae6cf4ba/clone4.wav,50015320251104192631_005_90f36dc9-49a8-4922-8828-6561ae6cf4ba,clone4.wav,"là sao? vâng, ý là anh em có kiểm tra xe anh trước đấy không biết là nó có báo muộn về xe anh hay không ấy à à à còn tại thời điểm đấy thì em không không không còn truy cập kiểm tra đấy nữa anh",work,1,usable,user5,2026-05-26T03:35:02.813119+00:00,1,/kaggle/working/asr_quality_classifier/data/audio/data2/50015320251104192631_005_90f36dc9-49a8-4922-8828-6561ae6cf4ba/clone4.wav,1,0,0.74,False Negative,0.26
user4,50008420251106132707_000_4568eb6e-22ce-41d7-b8ee-a1894587de9c/clone2.wav,50008420251106132707_000_4568eb6e-22ce-41d7-b8ee-a1894587de9c,clone2.wav,a-lô vâng chào anh em gọi cho anh từ bên chăm sóc khách hàng của bên vi-ét-ten ừ gọi lên ý không biết là cần hỗ trợ gì vấn đề gì ạ? a-lô anh đóng cước trước thì chưa thấy lên sợ quá xe em mà thì mình đóng qua chuyển khoản đóng qua chuyển khoản ấy chắc là thấy ok rồi sao không biết sao nữa,work,1,usable,user4,2026-05-25T08:51:08.560665+00:00,1,/kaggle/working/asr_quality_classifier/data/audio/data2/50008420251106132707_000_4568eb6e-22ce-41d7-b8ee-a1894587de9c/clone2.wav,1,0,0.74,False Negative,0.26
user2,50014120251111201137_000_aeb2e77c-604b-4b86-b66d-93c9275d9d50/clone6.wav,50014120251111201137_000_aeb2e77c-604b-4b86-b66d-93c9275d9d50,clone6.wav,"a-lô vâng anh chào anh, em đây của anh từ tổng đài chăm sóc của vinfast em thấy anh gọi nhỡ bên em, không biết anh cần hỗ trợ gì không ạ? à mình mình có cái đặt lịch của ngày mai để để để để mình",work,1,usable,user2,2026-05-25T08:59:44.061835+00:00,1,/kaggle/working/asr_quality_classifier/data/audio/data2/50014120251111201137_000_aeb2e77c-604b-4b86-b66d-93c9275d9d50/clone6.wav,1,0,0.74,False Negative,0.26
user2,50014420251103111704_000_41c386e7-caf7-48c0-b09a-3ef32fe3ab30/clone2.wav,50014420251103111704_000_41c386e7-caf7-48c0-b09a-3ef32fe3ab30,clone2.wav,anh ơi anh ơi vâng chị chào chị mình gọi đến chị tổng đài bên khác ạ,work,1,usable,user2,2026-05-26T03:10:44.153056+00:00,1,/kaggle/working/asr_quality_classifier/data/audio/data2/50014420251103111704_000_41c386e7-caf7-48c0-b09a-3ef32fe3ab30/clone2.wav,1,0,0.74,False Negative,0.26
user3,50014420251103111704_000_41c386e7-caf7-48c0-b09a-3ef32fe3ab30/clone4.wav,50014420251103111704_000_41c386e7-caf7-48c0-b09a-3ef32fe3ab30,clone4.wav,anh ơi anh ơi vâng chị chào chị mình gọi đến chị tổng đài bên khác ạ,work,1,usable,user3,2026-05-25T08:07:42.837166+00:00,1,/kaggle/working/asr_quality_classifier/data/audio/data2/50014420251103111704_000_41c386e7-caf7-48c0-b09a-3ef32fe3ab30/clone4.wav,1,0,0.74,False Negative,0.26
user6,50014420251103111704_000_41c386e7-caf7-48c0-b09a-3ef32fe3ab30/clone8.wav,50014420251103111704_000_41c386e7-caf7-48c0-b09a-3ef32fe3ab30,clone8.wav,anh ơi anh ơi vâng chị chào chị mình gọi đến chị tổng đài bên khác ạ,work,1,usable,user6,2026-05-25T05:25:11.843628+00:00,1,/kaggle/working/asr_quality_classifier/data/audio/data2/50014420251103111704_000_41c386e7-caf7-48c0-b09a-3ef32fe3ab30/clone8.wav,1,0,0.74,False Negative,0.26
user2,50014420251103111704_002_5b2cb7f2-e857-4af5-99ac-81123f2554d9/clone3.wav,50014420251103111704_002_5b2cb7f2-e857-4af5-99ac-81123f2554d9,clone3.wav,bốn năm ngày ý bây giờ em muốn chuyển lên chỗ hải phòng ấy thì lúc em hỏi cửa hàng cửa hàng đấy rồi cửa hàng bảo là ý là bây giờ chưa có xe để giao cho cửa hàng đấy nên là em muốn chuyển muốn lấy xe nhanh ấy thì em cũng nói về nói với cửa hàng ở trên hưng yên rồi ạ chị à nhưng mà anh chị lát ở mình xem đủ cái điều kiện sau nhá tức là bên chị chị chuyển về bên hải phòng ấy thứ nhất là bên hải phòng ấy còn xe hay không đã và thứ hai họ có chấp nhận là họ giữ xe cho chị không đã thì nếu mà bây giờ họ ít xe quá em chuyển về hải phòng mà họ hải phòng cũng không có xe thì để lại mất công chuyển anh chị nên anh chị cần phải hỏi lại hải phòng giúp em nhá,work,1,usable,user2,2026-05-26T02:04:10.096619+00:00,1,/kaggle/working/asr_quality_classifier/data/audio/data2/50014420251103111704_002_5b2cb7f2-e857-4af5-99ac-81123f2554d9/clone3.wav,1,0,0.74,False Negative,0.26
user2,50014420251103111704_002_5b2cb7f2-e857-4af5-99ac-81123f2554d9/clone4.wav,50014420251103111704_002_5b2cb7f2-e857-4af5-99ac-81123f2554d9,clone4.wav,bốn năm ngày ý bây giờ em muốn chuyển lên chỗ hải phòng ấy thì lúc em hỏi cửa hàng cửa hàng đấy rồi cửa hàng bảo là ý là bây giờ chưa có xe để giao cho cửa hàng đấy nên là em muốn chuyển muốn lấy xe nhanh ấy thì em cũng nói về nói với cửa hàng ở trên hưng yên rồi ạ chị à nhưng mà anh chị lát ở mình xem đủ cái điều kiện sau nhá tức là bên chị chị chuyển về bên hải phòng ấy thứ nhất là bên hải phòng ấy còn xe hay không đã và thứ hai họ có chấp nhận là họ giữ xe cho chị không đã thì nếu mà bây giờ họ ít xe quá em chuyển về hải phòng mà họ hải phòng cũng không có xe thì để lại mất công chuyển anh chị nên anh chị cần phải hỏi lại hải phòng giúp em nhá,work,1,usable,user2,2026-05-25T08:23:50.122739+00:00,1,/kaggle/working/asr_quality_classifier/data/audio/data2/50014420251103111704_002_5b2cb7f2-e857-4af5-99ac-81123f2554d9/clone4.wav,1,0,0.74,False Negative,0.26
user7,50014520251105103231_001_49e37745-de11-49a1-8d5b-c69108909595/clone6.wav,50014520251105103231_001_49e37745-de11-49a1-8d5b-c69108909595,clone6.wav,nhưng là sẽ được nếu mà xe anh không có bảo hiểm vật chất ấy thì sẽ được vinfast hỗ trợ ba mươi phần trăm chi phí phụ tùng hoặc là đại lý sẽ hỗ trợ tối thiểu mười phần trăm trên tổng hóa đơn nếu mà có bảo hiểm rồi thì vinfast sẽ hỗ trợ miễn trừ bảo hiểm năm trăm nghìn đồng trên một sự vụ tai nạn,work,1,usable,user7,2026-05-26T03:38:10.217849+00:00,1,/kaggle/working/asr_quality_classifier/data/audio/data2/50014520251105103231_001_49e37745-de11-49a1-8d5b-c69108909595/clone6.wav,1,0,0.74,False Negative,0.26
user1,50014720251107084436_000_afb3cd5f-f0ff-4282-918b-8b3df85aa120/clone2.wav,50014720251107084436_000_afb3cd5f-f0ff-4282-918b-8b3df85aa120,clone2.wav,"alô vâng, em chào anh giáp ạ em gọi cho anh từ phòng kỹ thuật của vinfast ạ",work,1,usable,user1,2026-05-26T04:36:51.580404+00:00,1,/kaggle/working/asr_quality_classifier/data/audio/data2/50014720251107084436_000_afb3cd5f-f0ff-4282-918b-8b3df85aa120/clone2.wav,1,0,0.74,False Negative,0.26
